0,1,2,3,4,5,6,7,8,9,10
whole milk,soda,other vegetables,,,,,,,,
butter,soda,,,,,,,,,
beef,soda,,,,,,,,,
chocolate,curd,shopping bags,,,,,,,,
zwieback,yogurt,,,,,,,,,
frankfurter,soda,,,,,,,,,
tropical fruit,flour,,,,,,,,,
tropical fruit,tropical fruit,dessert,sweet spreads,,,,,,,
citrus fruit,syrup,,,,,,,,,
beef,brown bread,frozen fish,,,,,,,,
citrus fruit,misc. beverages,,,,,,,,,
flower soil/fertilizer,rolls/buns,,,,,,,,,
soda,bottled water,,,,,,,,,
canned beer,specialty chocolate,,,,,,,,,
rolls/buns,liquor,curd,other vegetables,,,,,,,
dessert,photo/film,,,,,,,,,
whole milk,frozen meals,,,,,,,,,
condensed milk,other vegetables,,,,,,,,,
butter,semi-finished bread,,,,,,,,,
dessert,bottled water,,,,,,,,,
dessert,yogurt,,,,,,,,,
candy,baking powder,canned fish,,,,,,,,
pip fruit,whole milk,margarine,,,,,,,,
male cosmetics,baking powder,,,,,,,,,
root vegetables,dish cleaner,,,,,,,,,
meat,butter milk,,,,,,,,,
soda,root vegetables,rolls/buns,,,,,,,,
turkey,bottled water,,,,,,,,,
tropical fruit,pastry,,,,,,,,,
coffee,butter milk,,,,,,,,,
tidbits,berries,,,,,,,,,
whole milk,hard cheese,,,,,,,,,
sausage,white bread,,,,,,,,,
citrus fruit,yogurt,,,,,,,,,
curd,soda,,,,,,,,,
brown bread,tropical fruit,berries,berries,,,,,,,
yogurt,frozen fish,chocolate,butter,,,,,,,
other vegetables,seasonal products,bottled water,,,,,,,,
pork,soda,,,,,,,,,
butter,whipped/sour cream,rolls/buns,,,,,,,,
spices,soda,,,,,,,,,
zwieback,onions,female sanitary products,,,,,,,,
flower (seeds),white wine,,,,,,,,,
turkey,shopping bags,whole milk,,,,,,,,
ham,frozen meals,,,,,,,,,
hamburger meat,root vegetables,,,,,,,,,
tropical fruit,grapes,,,,,,,,,
bottled beer,rolls/buns,herbs,UHT-milk,,,,,,,
citrus fruit,roll products ,,,,,,,,,
frozen meals,hamburger meat,whole milk,pastry,fruit/vegetable juice,,,,,,
cat food,butter,,,,,,,,,
seasonal products,soups,,,,,,,,,
pip fruit,root vegetables,,,,,,,,,
specialty bar,roll products ,,,,,,,,,
soda,whole milk,,,,,,,,,
tropical fruit,detergent,,,,,,,,,
herbs,sugar,,,,,,,,,
pip fruit,salty snack,,,,,,,,,
yogurt,UHT-milk,dessert,frozen dessert,,,,,,,
pork,pip fruit,,,,,,,,,
house keeping products,rolls/buns,mayonnaise,,,,,,,,
sugar,whole milk,shopping bags,,,,,,,,
root vegetables,pastry,,,,,,,,,
citrus fruit,cream cheese ,,,,,,,,,
ham,meat,,,,,,,,,
beef,bottled water,bottled water,,,,,,,,
chicken,pastry,candles,,,,,,,,
other vegetables,shopping bags,specialty bar,,,,,,,,
sausage,canned beer,,,,,,,,,
chicken,salty snack,coffee,,,,,,,,
citrus fruit,other vegetables,,,,,,,,,
rolls/buns,cat food,,,,,,,,,
whole milk,whipped/sour cream,long life bakery product,,,,,,,,
brown bread,frozen vegetables,,,,,,,,,
yogurt,grapes,,,,,,,,,
chicken,chocolate,,,,,,,,,
beef,tea,,,,,,,,,
meat,UHT-milk,,,,,,,,,
misc. beverages,yogurt,oil,,,,,,,,
ham,canned fruit,,,,,,,,,
other vegetables,rolls/buns,bottled water,soda,,,,,,,
sausage,baking powder,,,,,,,,,
sausage,whole milk,rolls/buns,,,,,,,,
rolls/buns,domestic eggs,napkins,,,,,,,,
cream cheese ,misc. beverages,,,,,,,,,
other vegetables,other vegetables,,,,,,,,,
chocolate,dish cleaner,domestic eggs,,,,,,,,
ham,yogurt,,,,,,,,,
meat,tropical fruit,yogurt,candles,,,,,,,
whole milk,dessert,,,,,,,,,
rolls/buns,sausage,whole milk,nuts/prunes,,,,,,,
chocolate,frankfurter,yogurt,margarine,canned vegetables,,,,,,
brown bread,shopping bags,soda,,,,,,,,
liquor,domestic eggs,,,,,,,,,
shopping bags,root vegetables,curd,,,,,,,,
root vegetables,snack products,,,,,,,,,
tropical fruit,waffles,bottled beer,,,,,,,,
meat,whipped/sour cream,,,,,,,,,
frozen vegetables,butter,,,,,,,,,
beverages,candles,,,,,,,,,
root vegetables,misc. beverages,,,,,,,,,
canned beer,other vegetables,waffles,oil,,,,,,,
whole milk,pip fruit,,,,,,,,,
chocolate,brown bread,salty snack,,,,,,,,
whole milk,yogurt,,,,,,,,,
misc. beverages,bottled water,,,,,,,,,
seasonal products,butter,ice cream,,,,,,,,
frankfurter,sausage,margarine,rolls/buns,bottled beer,mustard,,,,,
citrus fruit,whole milk,,,,,,,,,
rolls/buns,white bread,,,,,,,,,
brown bread,frozen meals,cat food,white bread,,,,,,,
flour,bottled water,,,,,,,,,
margarine,rolls/buns,,,,,,,,,
candy,frozen meals,,,,,,,,,
pastry,root vegetables,,,,,,,,,
long life bakery product,shopping bags,,,,,,,,,
frankfurter,brown bread,whole milk,root vegetables,,,,,,,
soda,bottled beer,chicken,yogurt,,,,,,,
root vegetables,flour,,,,,,,,,
whole milk,tropical fruit,,,,,,,,,
tropical fruit,ice cream,butter milk,domestic eggs,,,,,,,
tropical fruit,snack products,,,,,,,,,
tropical fruit,bottled beer,,,,,,,,,
pastry,pip fruit,,,,,,,,,
ham,frankfurter,bottled water,shopping bags,specialty cheese,,,,,,
dessert,butter,,,,,,,,,
root vegetables,yogurt,,,,,,,,,
liquor,bathroom cleaner,,,,,,,,,
syrup,newspapers,processed cheese,rolls/buns,,,,,,,
yogurt,rolls/buns,,,,,,,,,
soda,misc. beverages,,,,,,,,,
hygiene articles,seasonal products,,,,,,,,,
ham,bottled beer,rolls/buns,,,,,,,,
yogurt,yogurt,,,,,,,,,
pip fruit,whole milk,,,,,,,,,
finished products,spread cheese,,,,,,,,,
tropical fruit,frozen vegetables,,,,,,,,,
flour,pastry,,,,,,,,,
pip fruit,hamburger meat,brown bread,cream cheese ,curd,,,,,,
root vegetables,curd,,,,,,,,,
dessert,shopping bags,,,,,,,,,
root vegetables,specialty bar,,,,,,,,,
sausage,white bread,,,,,,,,,
meat,other vegetables,margarine,,,,,,,,
butter,margarine,,,,,,,,,
bottled beer,rolls/buns,ice cream,pastry,,,,,,,
berries,rolls/buns,,,,,,,,,
canned fish,shopping bags,,,,,,,,,
rolls/buns,napkins,,,,,,,,,
rolls/buns,long life bakery product,,,,,,,,,
other vegetables,whole milk,canned fruit,,,,,,,,
butter milk,yogurt,,,,,,,,,
ham,rolls/buns,,,,,,,,,
other vegetables,frozen meals,,,,,,,,,
other vegetables,liquor,,,,,,,,,
pork,pork,rolls/buns,sparkling wine,,,,,,,
margarine,fruit/vegetable juice,,,,,,,,,
pork,long life bakery product,,,,,,,,,
soda,waffles,,,,,,,,,
soda,other vegetables,dishes,,,,,,,,
other vegetables,UHT-milk,,,,,,,,,
pip fruit,hard cheese,bottled water,,,,,,,,
pork,specialty chocolate,,,,,,,,,
sausage,chocolate,specialty chocolate,cocoa drinks,,,,,,,
bottled beer,soda,,,,,,,,,
ice cream,rolls/buns,butter milk,,,,,,,,
root vegetables,domestic eggs,,,,,,,,,
pip fruit,citrus fruit,,,,,,,,,
other vegetables,cream cheese ,,,,,,,,,
rolls/buns,rolls/buns,,,,,,,,,
whole milk,curd,hygiene articles,,,,,,,,
spread cheese,whole milk,,,,,,,,,
tropical fruit,frozen fish,chewing gum,newspapers,,,,,,,
root vegetables,whipped/sour cream,,,,,,,,,
curd,newspapers,,,,,,,,,
salty snack,rolls/buns,,,,,,,,,
hamburger meat,tropical fruit,,,,,,,,,
canned beer,whole milk,,,,,,,,,
ice cream,detergent,rolls/buns,,,,,,,,
other vegetables,yogurt,,,,,,,,,
other vegetables,berries,,,,,,,,,
pork,other vegetables,,,,,,,,,
canned beer,frozen meals,beef,canned beer,coffee,,,,,,
specialty bar,soda,,,,,,,,,
root vegetables,chocolate,,,,,,,,,
pork,bottled water,,,,,,,,,
sausage,chicken,canned beer,pip fruit,,,,,,,
white bread,whipped/sour cream,,,,,,,,,
whole milk,soda,,,,,,,,,
newspapers,soda,canned beer,,,,,,,,
bottled beer,tropical fruit,red/blush wine,baking powder,,,,,,,
soda,pastry,,,,,,,,,
whole milk,newspapers,,,,,,,,,
waffles,yogurt,,,,,,,,,
misc. beverages,soft cheese,,,,,,,,,
grapes,other vegetables,,,,,,,,,
frankfurter,baking powder,condensed milk,coffee,,,,,,,
butter,potato products,,,,,,,,,
ham,other vegetables,,,,,,,,,
domestic eggs,rolls/buns,,,,,,,,,
hamburger meat,hard cheese,,,,,,,,,
rolls/buns,long life bakery product,,,,,,,,,
soda,liquor (appetizer),,,,,,,,,
sausage,sliced cheese,ice cream,long life bakery product,,,,,,,
long life bakery product,brown bread,popcorn,,,,,,,,
whole milk,beverages,frozen fruits,fruit/vegetable juice,,,,,,,
semi-finished bread,dish cleaner,,,,,,,,,
butter milk,chocolate,berries,sweet spreads,butter,long life bakery product,napkins,white bread,,,
tropical fruit,other vegetables,,,,,,,,,
pork,other vegetables,,,,,,,,,
whipped/sour cream,margarine,,,,,,,,,
canned fish,rolls/buns,domestic eggs,,,,,,,,
whipped/sour cream,soda,white bread,snack products,,,,,,,
male cosmetics,pastry,,,,,,,,,
other vegetables,whole milk,,,,,,,,,
whole milk,soda,,,,,,,,,
whole milk,waffles,,,,,,,,,
other vegetables,bottled beer,rolls/buns,shopping bags,,,,,,,
UHT-milk,shopping bags,,,,,,,,,
dog food,pastry,,,,,,,,,
rolls/buns,newspapers,,,,,,,,,
canned beer,domestic eggs,,,,,,,,,
meat,rolls/buns,,,,,,,,,
berries,whipped/sour cream,,,,,,,,,
citrus fruit,whole milk,bottled water,roll products ,,,,,,,
sausage,bottled beer,,,,,,,,,
whole milk,frozen vegetables,,,,,,,,,
citrus fruit,skin care,,,,,,,,,
brown bread,dishes,,,,,,,,,
rolls/buns,sausage,tropical fruit,soda,yogurt,onions,flour,specialty chocolate,whipped/sour cream,,
tropical fruit,citrus fruit,chocolate,,,,,,,,
rolls/buns,soda,,,,,,,,,
chicken,frozen meals,,,,,,,,,
frozen meals,dental care,,,,,,,,,
chocolate,waffles,,,,,,,,,
chicken,whole milk,,,,,,,,,
chicken,whisky,,,,,,,,,
tropical fruit,spices,,,,,,,,,
other vegetables,bottled water,,,,,,,,,
coffee,bottled beer,shopping bags,,,,,,,,
bottled water,curd,domestic eggs,yogurt,newspapers,,,,,,
soda,rice,,,,,,,,,
root vegetables,candy,,,,,,,,,
hamburger meat,root vegetables,fruit/vegetable juice,,,,,,,,
popcorn,butter,,,,,,,,,
beverages,sliced cheese,semi-finished bread,,,,,,,,
whole milk,pastry,,,,,,,,,
yogurt,domestic eggs,,,,,,,,,
sausage,rolls/buns,,,,,,,,,
tropical fruit,root vegetables,,,,,,,,,
frankfurter,sausage,pastry,newspapers,newspapers,honey,,,,,
other vegetables,onions,shopping bags,,,,,,,,
soda,candy,,,,,,,,,
sausage,salt,,,,,,,,,
newspapers,shopping bags,,,,,,,,,
tropical fruit,bottled water,semi-finished bread,,,,,,,,
soda,shopping bags,,,,,,,,,
cat food,domestic eggs,,,,,,,,,
margarine,frozen meals,dish cleaner,yogurt,,,,,,,
coffee,sauces,,,,,,,,,
pip fruit,newspapers,,,,,,,,,
white wine,ham,whole milk,coffee,bottled water,,,,,,
candy,yogurt,,,,,,,,,
sausage,pastry,soda,,,,,,,,
shopping bags,salty snack,,,,,,,,,
frankfurter,frankfurter,citrus fruit,semi-finished bread,dishes,whipped/sour cream,,,,,
photo/film,citrus fruit,chewing gum,,,,,,,,
citrus fruit,whole milk,,,,,,,,,
tropical fruit,butter,,,,,,,,,
butter milk,other vegetables,,,,,,,,,
long life bakery product,napkins,,,,,,,,,
whole milk,whole milk,bottled water,,,,,,,,
coffee,whole milk,canned fruit,,,,,,,,
ham,white wine,pasta,,,,,,,,
whole milk,napkins,artif. sweetener,,,,,,,,
whole milk,yogurt,newspapers,,,,,,,,
citrus fruit,hygiene articles,,,,,,,,,
hamburger meat,butter milk,seasonal products,,,,,,,,
sausage,specialty chocolate,bottled water,baking powder,,,,,,,
butter,butter milk,,,,,,,,,
domestic eggs,roll products ,,,,,,,,,
liver loaf,other vegetables,,,,,,,,,
frankfurter,whole milk,,,,,,,,,
soda,pastry,,,,,,,,,
curd,curd,rolls/buns,,,,,,,,
beef,dessert,,,,,,,,,
whipped/sour cream,yogurt,,,,,,,,,
whole milk,cream cheese ,,,,,,,,,
citrus fruit,pot plants,newspapers,,,,,,,,
hamburger meat,yogurt,,,,,,,,,
whipped/sour cream,domestic eggs,,,,,,,,,
root vegetables,newspapers,,,,,,,,,
soda,soda,,,,,,,,,
frozen potato products,bottled beer,,,,,,,,,
beef,grapes,,,,,,,,,
frozen meals,ham,specialty chocolate,roll products ,,,,,,,
other vegetables,rolls/buns,,,,,,,,,
chicken,salty snack,yogurt,,,,,,,,
yogurt,whole milk,,,,,,,,,
butter milk,kitchen towels,,,,,,,,,
bottled water,root vegetables,,,,,,,,,
berries,salty snack,,,,,,,,,
fruit/vegetable juice,baking powder,oil,,,,,,,,
rolls/buns,shopping bags,,,,,,,,,
tropical fruit,frozen vegetables,,,,,,,,,
rolls/buns,whole milk,,,,,,,,,
root vegetables,grapes,,,,,,,,,
processed cheese,whole milk,,,,,,,,,
sausage,cream cheese ,,,,,,,,,
whole milk,soda,hygiene articles,canned beer,,,,,,,
whole milk,bottled beer,,,,,,,,,
curd,whipped/sour cream,,,,,,,,,
rolls/buns,canned vegetables,,,,,,,,,
bottled beer,hygiene articles,,,,,,,,,
root vegetables,soda,,,,,,,,,
pastry,misc. beverages,flour,,,,,,,,
grapes,long life bakery product,,,,,,,,,
sausage,domestic eggs,mayonnaise,soda,,,,,,,
frankfurter,pastry,,,,,,,,,
rolls/buns,bottled water,,,,,,,,,
bottled beer,newspapers,,,,,,,,,
specialty chocolate,soda,bathroom cleaner,,,,,,,,
domestic eggs,newspapers,,,,,,,,,
sausage,pip fruit,,,,,,,,,
long life bakery product,pip fruit,oil,,,,,,,,
whole milk,chocolate,,,,,,,,,
butter,bottled beer,canned beer,chewing gum,fruit/vegetable juice,,,,,,
onions,grapes,yogurt,tropical fruit,whole milk,salty snack,root vegetables,frozen dessert,whipped/sour cream,,
root vegetables,newspapers,,,,,,,,,
soda,citrus fruit,,,,,,,,,
pet care,dog food,,,,,,,,,
sliced cheese,newspapers,dog food,fruit/vegetable juice,rolls/buns,butter,hygiene articles,yogurt,,,
root vegetables,whole milk,,,,,,,,,
pastry,canned beer,,,,,,,,,
specialty chocolate,shopping bags,,,,,,,,,
herbs,sugar,,,,,,,,,
soda,soda,,,,,,,,,
root vegetables,whole milk,,,,,,,,,
citrus fruit,sliced cheese,napkins,,,,,,,,
whole milk,yogurt,,,,,,,,,
turkey,misc. beverages,bottled beer,butter,bottled water,margarine,seasonal products,,,,
dishes,pastry,,,,,,,,,
frankfurter,other vegetables,ham,other vegetables,other vegetables,fruit/vegetable juice,rolls/buns,fruit/vegetable juice,rolls/buns,,
tropical fruit,coffee,whole milk,,,,,,,,
ham,dessert,yogurt,,,,,,,,
frankfurter,other vegetables,,,,,,,,,
tropical fruit,mustard,,,,,,,,,
rolls/buns,chewing gum,,,,,,,,,
chicken,cream,,,,,,,,,
pastry,other vegetables,,,,,,,,,
margarine,UHT-milk,brown bread,,,,,,,,
sausage,softener,,,,,,,,,
canned beer,hard cheese,,,,,,,,,
yogurt,bottled beer,,,,,,,,,
soda,tropical fruit,,,,,,,,,
chicken,canned beer,,,,,,,,,
whole milk,frozen vegetables,semi-finished bread,,,,,,,,
sliced cheese,skin care,,,,,,,,,
onions,whipped/sour cream,,,,,,,,,
tropical fruit,flower soil/fertilizer,flour,specialty bar,,,,,,,
citrus fruit,soda,,,,,,,,,
canned vegetables,pasta,,,,,,,,,
beef,bottled beer,,,,,,,,,
meat,bottled water,,,,,,,,,
butter,bottled water,,,,,,,,,
citrus fruit,butter,rolls/buns,,,,,,,,
rolls/buns,curd,,,,,,,,,
beef,newspapers,bottled beer,,,,,,,,
canned beer,napkins,,,,,,,,,
pastry,shopping bags,,,,,,,,,
root vegetables,spread cheese,,,,,,,,,
frankfurter,grapes,,,,,,,,,
newspapers,hard cheese,,,,,,,,,
frankfurter,pip fruit,hygiene articles,,,,,,,,
citrus fruit,other vegetables,,,,,,,,,
frankfurter,domestic eggs,,,,,,,,,
berries,ham,,,,,,,,,
butter milk,waffles,,,,,,,,,
berries,soda,bottled beer,,,,,,,,
whole milk,rolls/buns,herbs,beverages,soda,,,,,,
whole milk,pip fruit,,,,,,,,,
sausage,whole milk,,,,,,,,,
frozen potato products,frankfurter,brown bread,roll products ,detergent,,,,,,
hard cheese,pastry,,,,,,,,,
canned beer,whipped/sour cream,pastry,,,,,,,,
soda,pastry,,,,,,,,,
sausage,bottled water,,,,,,,,,
tropical fruit,dessert,,,,,,,,,
rolls/buns,hygiene articles,,,,,,,,,
rolls/buns,nuts/prunes,,,,,,,,,
citrus fruit,yogurt,rolls/buns,,,,,,,,
other vegetables,soda,,,,,,,,,
sausage,soda,,,,,,,,,
chicken,margarine,long life bakery product,,,,,,,,
condensed milk,frankfurter,berries,whole milk,liver loaf,sliced cheese,domestic eggs,rolls/buns,frozen fish,,
misc. beverages,whole milk,onions,yogurt,,,,,,,
UHT-milk,margarine,,,,,,,,,
soft cheese,flower (seeds),,,,,,,,,
other vegetables,pot plants,vinegar,,,,,,,,
tropical fruit,long life bakery product,,,,,,,,,
zwieback,butter,,,,,,,,,
whole milk,bottled beer,,,,,,,,,
flower soil/fertilizer,butter milk,,,,,,,,,
yogurt,shopping bags,,,,,,,,,
jam,cake bar,,,,,,,,,
whole milk,canned beer,,,,,,,,,
herbs,curd,,,,,,,,,
tropical fruit,shopping bags,hard cheese,,,,,,,,
long life bakery product,bottled water,,,,,,,,,
whole milk,flower (seeds),honey,,,,,,,,
tropical fruit,oil,,,,,,,,,
rolls/buns,rolls/buns,,,,,,,,,
dishes,other vegetables,,,,,,,,,
pastry,shopping bags,,,,,,,,,
chicken,flower (seeds),,,,,,,,,
whipped/sour cream,candy,butter,,,,,,,,
other vegetables,whipped/sour cream,whole milk,sugar,,,,,,,
root vegetables,soft cheese,,,,,,,,,
chicken,rolls/buns,,,,,,,,,
hamburger meat,liquor (appetizer),liver loaf,dessert,,,,,,,
spread cheese,brown bread,,,,,,,,,
candles,soda,,,,,,,,,
white bread,whole milk,hygiene articles,,,,,,,,
brown bread,dessert,,,,,,,,,
other vegetables,other vegetables,canned fish,chewing gum,,,,,,,
UHT-milk,specialty cheese,shopping bags,,,,,,,,
other vegetables,dishes,,,,,,,,,
brandy,specialty bar,chocolate,,,,,,,,
other vegetables,salty snack,syrup,newspapers,oil,,,,,,
whole milk,shopping bags,,,,,,,,,
white wine,soda,,,,,,,,,
brown bread,shopping bags,,,,,,,,,
rolls/buns,pork,,,,,,,,,
sausage,packaged fruit/vegetables,,,,,,,,,
rolls/buns,brown bread,canned beer,,,,,,,,
chicken,white bread,,,,,,,,,
other vegetables,pastry,,,,,,,,,
canned beer,other vegetables,fruit/vegetable juice,,,,,,,,
other vegetables,beef,soda,curd,butter,,,,,,
coffee,onions,,,,,,,,,
onions,other vegetables,,,,,,,,,
rolls/buns,oil,fruit/vegetable juice,,,,,,,,
frankfurter,yogurt,,,,,,,,,
whipped/sour cream,chocolate,,,,,,,,,
other vegetables,herbs,,,,,,,,,
cream cheese ,pastry,,,,,,,,,
root vegetables,oil,soda,,,,,,,,
bottled water,chocolate,,,,,,,,,
soda,abrasive cleaner,seasonal products,,,,,,,,
candles,whole milk,,,,,,,,,
white wine,citrus fruit,,,,,,,,,
other vegetables,instant coffee,instant coffee,hygiene articles,,,,,,,
tropical fruit,rolls/buns,,,,,,,,,
chocolate,domestic eggs,,,,,,,,,
bottled water,brown bread,,,,,,,,,
chicken,cream cheese ,citrus fruit,chicken,pet care,napkins,condensed milk,specialty chocolate,,,
frankfurter,citrus fruit,,,,,,,,,
canned beer,curd,pastry,,,,,,,,
frankfurter,yogurt,canned beer,,,,,,,,
whole milk,yogurt,pastry,,,,,,,,
bottled water,whole milk,,,,,,,,,
soda,packaged fruit/vegetables,butter milk,,,,,,,,
mayonnaise,domestic eggs,,,,,,,,,
frozen fish,coffee,,,,,,,,,
soap,rum,,,,,,,,,
rolls/buns,other vegetables,,,,,,,,,
finished products,root vegetables,,,,,,,,,
beef,salty snack,,,,,,,,,
citrus fruit,tropical fruit,,,,,,,,,
pork,coffee,,,,,,,,,
pastry,bottled water,,,,,,,,,
canned beer,hygiene articles,,,,,,,,,
chicken,fruit/vegetable juice,,,,,,,,,
root vegetables,salty snack,,,,,,,,,
tropical fruit,mustard,,,,,,,,,
semi-finished bread,bottled water,,,,,,,,,
frankfurter,margarine,whole milk,soda,margarine,brown bread,margarine,frozen vegetables,,,
whole milk,frankfurter,yogurt,pip fruit,dessert,soda,margarine,,,,
spread cheese,tropical fruit,domestic eggs,bottled water,,,,,,,
margarine,newspapers,,,,,,,,,
frankfurter,ice cream,specialty cheese,coffee,,,,,,,
brown bread,sparkling wine,,,,,,,,,
liver loaf,bottled water,bottled water,,,,,,,,
beef,red/blush wine,,,,,,,,,
tropical fruit,other vegetables,sugar,,,,,,,,
whole milk,cream cheese ,,,,,,,,,
fish,root vegetables,,,,,,,,,
pip fruit,yogurt,,,,,,,,,
frankfurter,whole milk,,,,,,,,,
citrus fruit,bottled water,,,,,,,,,
coffee,shopping bags,,,,,,,,,
whole milk,newspapers,bottled water,,,,,,,,
coffee,brown bread,whole milk,sweet spreads,,,,,,,
rolls/buns,napkins,,,,,,,,,
dessert,pickled vegetables,,,,,,,,,
tropical fruit,cake bar,soda,cat food,,,,,,,
beverages,whole milk,butter milk,fruit/vegetable juice,,,,,,,
whole milk,shopping bags,yogurt,canned beer,,,,,,,
curd,spices,frozen fish,,,,,,,,
bottled water,soda,,,,,,,,,
onions,vinegar,,,,,,,,,
brown bread,whole milk,,,,,,,,,
whole milk,fruit/vegetable juice,,,,,,,,,
bottled water,whipped/sour cream,,,,,,,,,
sausage,canned beer,,,,,,,,,
roll products ,sausage,prosecco,chocolate,,,,,,,
pot plants,organic products,,,,,,,,,
bottled beer,hard cheese,,,,,,,,,
whipped/sour cream,seasonal products,,,,,,,,,
soda,curd,soda,,,,,,,,
hamburger meat,beef,bottled beer,whole milk,chocolate,,,,,,
whipped/sour cream,specialty fat,,,,,,,,,
pastry,snack products,,,,,,,,,
whole milk,frozen vegetables,newspapers,,,,,,,,
bottled water,whole milk,whole milk,frozen vegetables,,,,,,,
frankfurter,rolls/buns,,,,,,,,,
canned beer,brown bread,,,,,,,,,
rolls/buns,whole milk,,,,,,,,,
citrus fruit,specialty cheese,,,,,,,,,
pork,cake bar,,,,,,,,,
meat,fruit/vegetable juice,,,,,,,,,
vinegar,grapes,frozen vegetables,,,,,,,,
citrus fruit,rolls/buns,,,,,,,,,
dessert,sliced cheese,bottled beer,other vegetables,,,,,,,
roll products ,soda,,,,,,,,,
root vegetables,berries,other vegetables,hygiene articles,white bread,whipped/sour cream,,,,,
chicken,domestic eggs,,,,,,,,,
dessert,pastry,,,,,,,,,
shopping bags,curd,hard cheese,,,,,,,,
other vegetables,tropical fruit,,,,,,,,,
frankfurter,hamburger meat,,,,,,,,,
Instant food products,yogurt,,,,,,,,,
root vegetables,bottled beer,,,,,,,,,
frozen meals,bottled water,,,,,,,,,
whole milk,dessert,dish cleaner,,,,,,,,
tropical fruit,whole milk,,,,,,,,,
ham,brown bread,,,,,,,,,
whole milk,newspapers,,,,,,,,,
oil,margarine,,,,,,,,,
salt,brown bread,,,,,,,,,
citrus fruit,whipped/sour cream,onions,other vegetables,butter,,,,,,
meat,butter,,,,,,,,,
ham,brown bread,butter,bottled water,,,,,,,
processed cheese,onions,root vegetables,,,,,,,,
ham,rolls/buns,tropical fruit,rolls/buns,,,,,,,
frankfurter,UHT-milk,,,,,,,,,
hard cheese,whole milk,,,,,,,,,
yogurt,butter milk,,,,,,,,,
rolls/buns,other vegetables,,,,,,,,,
whole milk,other vegetables,,,,,,,,,
other vegetables,roll products ,,,,,,,,,
pet care,whole milk,,,,,,,,,
whole milk,whipped/sour cream,,,,,,,,,
flower soil/fertilizer,waffles,,,,,,,,,
whole milk,pip fruit,softener,,,,,,,,
sauces,tropical fruit,,,,,,,,,
tropical fruit,whole milk,,,,,,,,,
sausage,rolls/buns,,,,,,,,,
other vegetables,butter,pastry,UHT-milk,,,,,,,
chicken,whole milk,soda,,,,,,,,
bottled beer,soda,,,,,,,,,
frankfurter,rolls/buns,shopping bags,margarine,,,,,,,
citrus fruit,yogurt,,,,,,,,,
whipped/sour cream,other vegetables,,,,,,,,,
misc. beverages,dessert,,,,,,,,,
tropical fruit,other vegetables,,,,,,,,,
beef,pork,,,,,,,,,
tropical fruit,soda,margarine,,,,,,,,
sparkling wine,female sanitary products,,,,,,,,,
frozen meals,sugar,,,,,,,,,
canned beer,newspapers,,,,,,,,,
pork,brown bread,,,,,,,,,
pip fruit,whole milk,,,,,,,,,
salty snack,salty snack,canned fish,,,,,,,,
shopping bags,white wine,,,,,,,,,
UHT-milk,fruit/vegetable juice,,,,,,,,,
root vegetables,dog food,,,,,,,,,
other vegetables,specialty chocolate,,,,,,,,,
napkins,pork,,,,,,,,,
other vegetables,coffee,,,,,,,,,
beef,butter milk,,,,,,,,,
root vegetables,bottled water,,,,,,,,,
canned beer,shopping bags,,,,,,,,,
other vegetables,rolls/buns,,,,,,,,,
domestic eggs,margarine,canned beer,candles,,,,,,,
rolls/buns,root vegetables,,,,,,,,,
other vegetables,whipped/sour cream,,,,,,,,,
dessert,hamburger meat,,,,,,,,,
other vegetables,berries,,,,,,,,,
frankfurter,whole milk,canned fish,yogurt,,,,,,,
whole milk,newspapers,,,,,,,,,
fruit/vegetable juice,fruit/vegetable juice,,,,,,,,,
yogurt,newspapers,,,,,,,,,
soda,root vegetables,,,,,,,,,
bottled water,yogurt,,,,,,,,,
margarine,margarine,,,,,,,,,
tropical fruit,citrus fruit,frankfurter,spices,butter milk,UHT-milk,,,,,
white wine,chocolate marshmallow,,,,,,,,,
root vegetables,misc. beverages,,,,,,,,,
other vegetables,shopping bags,,,,,,,,,
whole milk,ice cream,,,,,,,,,
frankfurter,whipped/sour cream,,,,,,,,,
bottled beer,tropical fruit,bottled water,,,,,,,,
canned vegetables,chicken,rolls/buns,,,,,,,,
meat,detergent,roll products ,,,,,,,,
bottled beer,other vegetables,,,,,,,,,
chicken,white wine,margarine,,,,,,,,
pip fruit,yogurt,whole milk,yogurt,bottled beer,newspapers,,,,,
pip fruit,soda,condensed milk,,,,,,,,
root vegetables,waffles,cream cheese ,,,,,,,,
bottled water,onions,,,,,,,,,
frozen potato products,whole milk,pastry,rolls/buns,candy,bottled beer,,,,,
pastry,grapes,,,,,,,,,
whipped/sour cream,whole milk,,,,,,,,,
domestic eggs,hamburger meat,,,,,,,,,
soda,butter,,,,,,,,,
pork,specialty chocolate,,,,,,,,,
processed cheese,tropical fruit,,,,,,,,,
napkins,photo/film,,,,,,,,,
frozen meals,other vegetables,bottled beer,,,,,,,,
butter,yogurt,,,,,,,,,
cat food,tropical fruit,onions,tidbits,,,,,,,
tropical fruit,whole milk,whole milk,,,,,,,,
chicken,citrus fruit,sugar,,,,,,,,
sausage,brown bread,,,,,,,,,
sugar,specialty bar,,,,,,,,,
yogurt,canned fish,pasta,,,,,,,,
whipped/sour cream,frankfurter,rolls/buns,citrus fruit,candy,bottled beer,yogurt,whole milk,,,
beef,cream cheese ,,,,,,,,,
rolls/buns,soups,,,,,,,,,
bottled beer,whole milk,cream cheese ,,,,,,,,
instant coffee,newspapers,hard cheese,salty snack,,,,,,,
brown bread,salt,,,,,,,,,
grapes,chicken,bottled beer,root vegetables,,,,,,,
whole milk,butter milk,,,,,,,,,
shopping bags,bottled beer,,,,,,,,,
butter,processed cheese,whole milk,curd,,,,,,,
canned beer,fruit/vegetable juice,,,,,,,,,
frankfurter,rolls/buns,rolls/buns,,,,,,,,
kitchen towels,shopping bags,,,,,,,,,
pip fruit,bottled beer,,,,,,,,,
rolls/buns,cling film/bags,,,,,,,,,
other vegetables,oil,,,,,,,,,
pastry,liqueur,,,,,,,,,
other vegetables,domestic eggs,,,,,,,,,
other vegetables,pip fruit,chocolate,,,,,,,,
bottled beer,whipped/sour cream,,,,,,,,,
meat,tropical fruit,whipped/sour cream,,,,,,,,
pastry,shopping bags,,,,,,,,,
rolls/buns,fruit/vegetable juice,,,,,,,,,
onions,white wine,,,,,,,,,
rolls/buns,domestic eggs,,,,,,,,,
sausage,fruit/vegetable juice,,,,,,,,,
tropical fruit,yogurt,,,,,,,,,
curd,whole milk,,,,,,,,,
pip fruit,rolls/buns,soda,,,,,,,,
dessert,processed cheese,UHT-milk,,,,,,,,
rolls/buns,cling film/bags,,,,,,,,,
pip fruit,napkins,cat food,,,,,,,,
sausage,beef,salty snack,,,,,,,,
berries,bottled beer,beef,whole milk,,,,,,,
fruit/vegetable juice,other vegetables,,,,,,,,,
frozen fish,sausage,other vegetables,canned beer,yogurt,shopping bags,beverages,chewing gum,canned beer,,
rolls/buns,root vegetables,rolls/buns,long life bakery product,,,,,,,
soda,sausage,yogurt,root vegetables,,,,,,,
chicken,rolls/buns,newspapers,,,,,,,,
pastry,pasta,,,,,,,,,
pet care,long life bakery product,,,,,,,,,
ham,whole milk,whole milk,coffee,,,,,,,
citrus fruit,whole milk,,,,,,,,,
chicken,tropical fruit,,,,,,,,,
coffee,sliced cheese,whipped/sour cream,butter milk,,,,,,,
yogurt,root vegetables,,,,,,,,,
chicken,pork,,,,,,,,,
frozen meals,frozen potato products,,,,,,,,,
pip fruit,sweet spreads,,,,,,,,,
canned beer,bottled beer,chocolate,,,,,,,,
tropical fruit,fruit/vegetable juice,,,,,,,,,
sausage,whole milk,,,,,,,,,
canned beer,domestic eggs,white wine,waffles,,,,,,,
ice cream,other vegetables,,,,,,,,,
other vegetables,citrus fruit,rolls/buns,,,,,,,,
rolls/buns,tropical fruit,salt,butter,whole milk,canned vegetables,domestic eggs,,,,
citrus fruit,soda,butter,bottled water,bottled beer,,,,,,
sausage,sugar,semi-finished bread,,,,,,,,
ham,yogurt,,,,,,,,,
sweet spreads,soda,,,,,,,,,
pip fruit,specialty bar,chocolate,,,,,,,,
domestic eggs,sausage,bottled water,curd,frozen meals,hygiene articles,chocolate,rolls/buns,,,
tropical fruit,bottled beer,,,,,,,,,
coffee,butter,whipped/sour cream,other vegetables,,,,,,,
sausage,other vegetables,,,,,,,,,
whole milk,dog food,,,,,,,,,
long life bakery product,waffles,,,,,,,,,
pip fruit,sauces,,,,,,,,,
ham,pickled vegetables,shopping bags,,,,,,,,
chocolate,long life bakery product,,,,,,,,,
sausage,fruit/vegetable juice,salt,,,,,,,,
sausage,soda,,,,,,,,,
rolls/buns,bottled water,,,,,,,,,
curd,processed cheese,,,,,,,,,
meat,pip fruit,,,,,,,,,
canned beer,rolls/buns,,,,,,,,,
meat,sliced cheese,,,,,,,,,
tropical fruit,citrus fruit,male cosmetics,,,,,,,,
whole milk,domestic eggs,yogurt,,,,,,,,
yogurt,hygiene articles,,,,,,,,,
hamburger meat,spread cheese,pasta,,,,,,,,
other vegetables,rolls/buns,,,,,,,,,
pork,liquor,long life bakery product,,,,,,,,
bottled water,processed cheese,,,,,,,,,
whole milk,butter,,,,,,,,,
pork,condensed milk,bottled beer,other vegetables,candy,,,,,,
other vegetables,whole milk,,,,,,,,,
tea,yogurt,shopping bags,brown bread,,,,,,,
pet care,beef,,,,,,,,,
root vegetables,canned fish,,,,,,,,,
beverages,bottled water,,,,,,,,,
rolls/buns,shopping bags,,,,,,,,,
pork,yogurt,,,,,,,,,
whipped/sour cream,fruit/vegetable juice,,,,,,,,,
white bread,flour,,,,,,,,,
whole milk,sauces,,,,,,,,,
rolls/buns,rolls/buns,,,,,,,,,
canned beer,yogurt,,,,,,,,,
whole milk,soft cheese,pastry,,,,,,,,
whole milk,hamburger meat,soft cheese,long life bakery product,margarine,bottled beer,,,,,
meat,soda,cream cheese ,,,,,,,,
liquor,chicken,,,,,,,,,
sausage,yogurt,,,,,,,,,
pastry,rolls/buns,,,,,,,,,
root vegetables,butter,,,,,,,,,
cling film/bags,canned vegetables,,,,,,,,,
domestic eggs,tropical fruit,,,,,,,,,
citrus fruit,tropical fruit,,,,,,,,,
yogurt,hard cheese,other vegetables,rolls/buns,,,,,,,
whole milk,yogurt,long life bakery product,,,,,,,,
cream cheese ,newspapers,,,,,,,,,
whole milk,cleaner,,,,,,,,,
oil,brown bread,bottled beer,,,,,,,,
tropical fruit,pastry,cream cheese ,,,,,,,,
beverages,root vegetables,candles,,,,,,,,
butter,detergent,,,,,,,,,
pastry,mustard,,,,,,,,,
specialty chocolate,canned beer,,,,,,,,,
whole milk,whole milk,,,,,,,,,
chicken,liquor,,,,,,,,,
tropical fruit,rum,flour,,,,,,,,
sausage,whole milk,,,,,,,,,
grapes,sparkling wine,canned beer,pastry,,,,,,,
bottled beer,bottled water,,,,,,,,,
candy,shopping bags,,,,,,,,,
chocolate,frozen meals,,,,,,,,,
cookware,cream cheese ,,,,,,,,,
frankfurter,specialty cheese,soft cheese,,,,,,,,
dishes,shopping bags,,,,,,,,,
tropical fruit,salty snack,,,,,,,,,
napkins,white bread,,,,,,,,,
sweet spreads,herbs,long life bakery product,,,,,,,,
margarine,dishes,,,,,,,,,
canned beer,shopping bags,rolls/buns,yogurt,butter milk,,,,,,
butter,oil,,,,,,,,,
pork,whole milk,,,,,,,,,
chocolate,bottled water,,,,,,,,,
berries,beverages,,,,,,,,,
pip fruit,fruit/vegetable juice,,,,,,,,,
other vegetables,whole milk,brown bread,hard cheese,waffles,,,,,,
other vegetables,dishes,newspapers,,,,,,,,
chewing gum,softener,,,,,,,,,
tropical fruit,pastry,,,,,,,,,
bottled beer,semi-finished bread,,,,,,,,,
sausage,root vegetables,,,,,,,,,
white bread,brown bread,,,,,,,,,
canned beer,bottled beer,,,,,,,,,
whole milk,shopping bags,,,,,,,,,
pork,yogurt,coffee,,,,,,,,
pip fruit,soft cheese,,,,,,,,,
tropical fruit,UHT-milk,,,,,,,,,
whole milk,waffles,shopping bags,,,,,,,,
onions,whipped/sour cream,,,,,,,,,
tropical fruit,napkins,long life bakery product,,,,,,,,
bottled water,frankfurter,dessert,root vegetables,,,,,,,
soda,other vegetables,,,,,,,,,
sugar,whipped/sour cream,,,,,,,,,
chocolate,rolls/buns,,,,,,,,,
soft cheese,coffee,,,,,,,,,
frozen meals,pastry,,,,,,,,,
bottled water,brown bread,,,,,,,,,
beef,newspapers,,,,,,,,,
pork,UHT-milk,frozen fish,,,,,,,,
whole milk,rolls/buns,,,,,,,,,
newspapers,shopping bags,,,,,,,,,
coffee,curd cheese,,,,,,,,,
whole milk,waffles,,,,,,,,,
whipped/sour cream,root vegetables,,,,,,,,,
whole milk,bottled water,,,,,,,,,
bottled beer,herbs,,,,,,,,,
canned beer,tropical fruit,,,,,,,,,
root vegetables,whole milk,potato products,,,,,,,,
root vegetables,misc. beverages,frozen dessert,,,,,,,,
ham,brown bread,,,,,,,,,
butter,coffee,,,,,,,,,
canned beer,whole milk,,,,,,,,,
coffee,turkey,margarine,hard cheese,,,,,,,
soda,mayonnaise,,,,,,,,,
butter,shopping bags,newspapers,,,,,,,,
sausage,white bread,coffee,,,,,,,,
salty snack,yogurt,,,,,,,,,
tropical fruit,white bread,rolls/buns,,,,,,,,
beef,waffles,,,,,,,,,
spices,ice cream,,,,,,,,,
turkey,seasonal products,,,,,,,,,
butter,bottled beer,,,,,,,,,
bottled beer,beef,frozen vegetables,shopping bags,,,,,,,
dessert,rolls/buns,,,,,,,,,
tropical fruit,white bread,,,,,,,,,
whipped/sour cream,soda,,,,,,,,,
citrus fruit,tropical fruit,,,,,,,,,
packaged fruit/vegetables,shopping bags,,,,,,,,,
soda,margarine,,,,,,,,,
root vegetables,fruit/vegetable juice,berries,newspapers,chewing gum,,,,,,
seasonal products,flower (seeds),,,,,,,,,
root vegetables,citrus fruit,soda,,,,,,,,
soda,sausage,whole milk,beverages,shopping bags,,,,,,
sausage,bottled water,,,,,,,,,
pip fruit,frozen vegetables,butter milk,,,,,,,,
shopping bags,whole milk,,,,,,,,,
shopping bags,cream cheese ,,,,,,,,,
citrus fruit,white bread,,,,,,,,,
zwieback,curd,,,,,,,,,
pork,berries,,,,,,,,,
whole milk,pip fruit,pasta,yogurt,,,,,,,
pork,rolls/buns,,,,,,,,,
ice cream,UHT-milk,,,,,,,,,
soda,other vegetables,,,,,,,,,
curd,cream cheese ,,,,,,,,,
sausage,whole milk,,,,,,,,,
root vegetables,soda,long life bakery product,,,,,,,,
frankfurter,red/blush wine,,,,,,,,,
chicken,butter milk,sugar,,,,,,,,
sausage,frozen meals,,,,,,,,,
other vegetables,sliced cheese,,,,,,,,,
cream cheese ,bottled water,rolls/buns,,,,,,,,
butter,whole milk,,,,,,,,,
canned beer,organic sausage,tropical fruit,shopping bags,,,,,,,
citrus fruit,oil,specialty chocolate,,,,,,,,
newspapers,chicken,root vegetables,curd,,,,,,,
newspapers,newspapers,,,,,,,,,
other vegetables,yogurt,,,,,,,,,
soda,hard cheese,,,,,,,,,
misc. beverages,processed cheese,,,,,,,,,
sausage,bottled water,,,,,,,,,
whole milk,shopping bags,,,,,,,,,
rolls/buns,packaged fruit/vegetables,,,,,,,,,
chicken,sugar,,,,,,,,,
liquor,cream cheese ,rolls/buns,,,,,,,,
other vegetables,rolls/buns,,,,,,,,,
pip fruit,pastry,,,,,,,,,
instant coffee,domestic eggs,,,,,,,,,
rolls/buns,yogurt,,,,,,,,,
frankfurter,pot plants,brown bread,,,,,,,,
berries,whole milk,,,,,,,,,
root vegetables,flour,,,,,,,,,
beef,finished products,,,,,,,,,
yogurt,yogurt,,,,,,,,,
brown bread,domestic eggs,,,,,,,,,
whole milk,berries,,,,,,,,,
sausage,newspapers,salty snack,soda,,,,,,,
pip fruit,pot plants,,,,,,,,,
fruit/vegetable juice,candy,,,,,,,,,
pip fruit,other vegetables,,,,,,,,,
brown bread,oil,,,,,,,,,
pork,sliced cheese,,,,,,,,,
candy,spread cheese,,,,,,,,,
rolls/buns,butter,,,,,,,,,
citrus fruit,pork,root vegetables,dishes,curd,rolls/buns,candy,yogurt,,,
specialty chocolate,other vegetables,,,,,,,,,
chicken,margarine,,,,,,,,,
frozen meals,bottled beer,root vegetables,potato products,,,,,,,
tropical fruit,condensed milk,,,,,,,,,
soda,whipped/sour cream,,,,,,,,,
fish,chocolate,,,,,,,,,
pork,butter,,,,,,,,,
ice cream,whipped/sour cream,,,,,,,,,
yogurt,rice,butter,,,,,,,,
yogurt,pip fruit,misc. beverages,,,,,,,,
tropical fruit,sparkling wine,cat food,,,,,,,,
tropical fruit,yogurt,semi-finished bread,soda,,,,,,,
domestic eggs,yogurt,canned beer,,,,,,,,
whole milk,specialty fat,,,,,,,,,
citrus fruit,whipped/sour cream,,,,,,,,,
dessert,chewing gum,,,,,,,,,
frankfurter,bottled water,,,,,,,,,
other vegetables,soda,,,,,,,,,
tropical fruit,other vegetables,,,,,,,,,
whole milk,tropical fruit,soda,newspapers,,,,,,,
sausage,hamburger meat,other vegetables,,,,,,,,
meat spreads,tropical fruit,rolls/buns,,,,,,,,
root vegetables,herbs,cream cheese ,,,,,,,,
frankfurter,bottled water,soft cheese,,,,,,,,
long life bakery product,yogurt,,,,,,,,,
domestic eggs,whole milk,,,,,,,,,
yogurt,dessert,,,,,,,,,
grapes,berries,soda,condensed milk,waffles,nut snack,,,,,
canned beer,bottled beer,yogurt,fruit/vegetable juice,,,,,,,
baking powder,yogurt,,,,,,,,,
meat,sausage,baking powder,pastry,,,,,,,
bottled water,canned beer,,,,,,,,,
other vegetables,mayonnaise,beverages,,,,,,,,
whole milk,bottled beer,frozen vegetables,,,,,,,,
sausage,dog food,,,,,,,,,
frankfurter,sliced cheese,,,,,,,,,
pork,grapes,,,,,,,,,
liver loaf,white bread,herbs,pastry,,,,,,,
oil,bottled water,oil,,,,,,,,
pork,canned beer,whole milk,rolls/buns,,,,,,,
root vegetables,other vegetables,,,,,,,,,
chicken,other vegetables,bathroom cleaner,chicken,grapes,fruit/vegetable juice,fruit/vegetable juice,soda,,,
bottled beer,herbs,curd,,,,,,,,
curd,coffee,baking powder,,,,,,,,
whole milk,whipped/sour cream,,,,,,,,,
UHT-milk,butter milk,frozen vegetables,other vegetables,candy,fruit/vegetable juice,,,,,
tropical fruit,chocolate,,,,,,,,,
bottled water,butter milk,,,,,,,,,
fruit/vegetable juice,packaged fruit/vegetables,,,,,,,,,
frankfurter,whole milk,,,,,,,,,
pork,root vegetables,,,,,,,,,
hygiene articles,pastry,,,,,,,,,
beverages,yogurt,,,,,,,,,
other vegetables,canned vegetables,canned beer,,,,,,,,
UHT-milk,canned vegetables,,,,,,,,,
citrus fruit,rolls/buns,salt,,,,,,,,
pip fruit,pet care,bottled water,,,,,,,,
pastry,ice cream,,,,,,,,,
yogurt,whole milk,shopping bags,,,,,,,,
domestic eggs,specialty cheese,,,,,,,,,
white wine,bottled water,,,,,,,,,
bottled beer,long life bakery product,vinegar,pot plants,,,,,,,
root vegetables,rolls/buns,UHT-milk,packaged fruit/vegetables,,,,,,,
root vegetables,white wine,,,,,,,,,
whole milk,canned beer,,,,,,,,,
salty snack,whole milk,softener,Instant food products,,,,,,,
tropical fruit,whipped/sour cream,,,,,,,,,
ham,rolls/buns,,,,,,,,,
whole milk,hard cheese,,,,,,,,,
specialty cheese,onions,,,,,,,,,
beef,butter,,,,,,,,,
whole milk,root vegetables,,,,,,,,,
root vegetables,frozen vegetables,rolls/buns,,,,,,,,
frankfurter,syrup,,,,,,,,,
organic sausage,salty snack,white bread,,,,,,,,
other vegetables,chocolate,,,,,,,,,
tidbits,whole milk,frozen vegetables,,,,,,,,
onions,shopping bags,seasonal products,,,,,,,,
shopping bags,other vegetables,,,,,,,,,
sausage,butter,,,,,,,,,
pork,yogurt,whole milk,,,,,,,,
whole milk,pip fruit,,,,,,,,,
citrus fruit,soda,,,,,,,,,
tropical fruit,curd,,,,,,,,,
sausage,butter,,,,,,,,,
coffee,berries,pickled vegetables,,,,,,,,
frozen meals,other vegetables,specialty chocolate,,,,,,,,
whipped/sour cream,canned beer,,,,,,,,,
frozen dessert,tropical fruit,,,,,,,,,
soda,whole milk,brandy,,,,,,,,
sausage,whole milk,,,,,,,,,
sausage,canned beer,whipped/sour cream,,,,,,,,
frankfurter,bottled water,onions,,,,,,,,
sausage,whipped/sour cream,,,,,,,,,
sausage,pastry,,,,,,,,,
beverages,canned vegetables,,,,,,,,,
sausage,pasta,,,,,,,,,
chocolate,rolls/buns,,,,,,,,,
other vegetables,sliced cheese,,,,,,,,,
other vegetables,curd,,,,,,,,,
root vegetables,flower (seeds),,,,,,,,,
whole milk,rolls/buns,,,,,,,,,
root vegetables,UHT-milk,,,,,,,,,
soda,rolls/buns,shopping bags,,,,,,,,
pip fruit,rolls/buns,whole milk,pastry,,,,,,,
dishes,chewing gum,,,,,,,,,
soda,dish cleaner,,,,,,,,,
rolls/buns,sugar,fruit/vegetable juice,,,,,,,,
whole milk,rolls/buns,canned fish,,,,,,,,
root vegetables,hygiene articles,domestic eggs,,,,,,,,
tropical fruit,dental care,,,,,,,,,
domestic eggs,frozen vegetables,,,,,,,,,
frankfurter,beef,soda,rolls/buns,pastry,bottled water,ketchup,pastry,,,
tropical fruit,meat,other vegetables,domestic eggs,baking powder,,,,,,
whole milk,domestic eggs,,,,,,,,,
soda,brown bread,rolls/buns,sliced cheese,,,,,,,
tropical fruit,cat food,pot plants,curd,soft cheese,soft cheese,,,,,
fish,tropical fruit,red/blush wine,cream cheese ,,,,,,,
chicken,nut snack,,,,,,,,,
chicken,candy,sugar,,,,,,,,
finished products,root vegetables,,,,,,,,,
whole milk,yogurt,chocolate,,,,,,,,
dessert,rolls/buns,,,,,,,,,
domestic eggs,soda,,,,,,,,,
whole milk,bottled water,,,,,,,,,
bottled beer,hamburger meat,,,,,,,,,
white bread,rolls/buns,,,,,,,,,
whole milk,shopping bags,,,,,,,,,
baking powder,liqueur,,,,,,,,,
sausage,detergent,,,,,,,,,
citrus fruit,sparkling wine,bottled water,,,,,,,,
salt,margarine,,,,,,,,,
tropical fruit,sugar,,,,,,,,,
newspapers,specialty chocolate,,,,,,,,,
whole milk,whole milk,,,,,,,,,
ready soups,shopping bags,,,,,,,,,
canned fish,soda,,,,,,,,,
soda,whipped/sour cream,,,,,,,,,
specialty chocolate,sauces,,,,,,,,,
canned beer,flower (seeds),,,,,,,,,
pork,white wine,margarine,,,,,,,,
other vegetables,sausage,sliced cheese,rolls/buns,,,,,,,
soda,other vegetables,,,,,,,,,
whole milk,rolls/buns,,,,,,,,,
spread cheese,yogurt,frozen vegetables,,,,,,,,
pork,beverages,misc. beverages,chewing gum,,,,,,,
other vegetables,coffee,,,,,,,,,
fruit/vegetable juice,pickled vegetables,,,,,,,,,
other vegetables,curd,,,,,,,,,
cat food,canned vegetables,,,,,,,,,
rolls/buns,processed cheese,,,,,,,,,
rolls/buns,domestic eggs,,,,,,,,,
rolls/buns,domestic eggs,,,,,,,,,
ham,grapes,,,,,,,,,
napkins,tropical fruit,yogurt,sugar,,,,,,,
chicken,fruit/vegetable juice,,,,,,,,,
soda,rolls/buns,,,,,,,,,
other vegetables,newspapers,,,,,,,,,
sausage,yogurt,pastry,,,,,,,,
rolls/buns,shopping bags,,,,,,,,,
sausage,curd,yogurt,,,,,,,,
shopping bags,white wine,soda,,,,,,,,
other vegetables,beef,yogurt,,,,,,,,
root vegetables,frozen vegetables,,,,,,,,,
sausage,bathroom cleaner,,,,,,,,,
whole milk,coffee,brandy,,,,,,,,
tropical fruit,root vegetables,pip fruit,butter milk,waffles,bottled beer,,,,,
ice cream,whipped/sour cream,,,,,,,,,
curd,rolls/buns,,,,,,,,,
root vegetables,soda,waffles,,,,,,,,
soda,pastry,,,,,,,,,
sausage,curd,whole milk,condensed milk,,,,,,,
salty snack,frozen vegetables,,,,,,,,,
berries,mayonnaise,,,,,,,,,
rolls/buns,other vegetables,,,,,,,,,
curd,pastry,,,,,,,,,
citrus fruit,coffee,,,,,,,,,
beef,misc. beverages,,,,,,,,,
canned beer,rolls/buns,,,,,,,,,
root vegetables,shopping bags,,,,,,,,,
citrus fruit,rolls/buns,frozen vegetables,,,,,,,,
onions,white wine,,,,,,,,,
rolls/buns,waffles,,,,,,,,,
curd,specialty chocolate,,,,,,,,,
frozen dessert,soda,,,,,,,,,
whipped/sour cream,whipped/sour cream,,,,,,,,,
curd cheese,pastry,,,,,,,,,
berries,bottled beer,,,,,,,,,
house keeping products,frozen vegetables,,,,,,,,,
sausage,seasonal products,,,,,,,,,
yogurt,tropical fruit,,,,,,,,,
beef,pip fruit,,,,,,,,,
long life bakery product,rolls/buns,UHT-milk,bottled water,,,,,,,
ham,domestic eggs,,,,,,,,,
chewing gum,beef,domestic eggs,,,,,,,,
tropical fruit,citrus fruit,yogurt,frankfurter,specialty chocolate,hard cheese,whole milk,canned beer,,,
cleaner,shopping bags,,,,,,,,,
frankfurter,yogurt,,,,,,,,,
rolls/buns,napkins,,,,,,,,,
cat food,pet care,oil,,,,,,,,
pork,cat food,,,,,,,,,
frankfurter,processed cheese,,,,,,,,,
yogurt,beef,,,,,,,,,
chicken,beef,,,,,,,,,
pasta,rolls/buns,margarine,canned fish,yogurt,,,,,,
specialty bar,cleaner,,,,,,,,,
soda,white bread,frozen vegetables,,,,,,,,
root vegetables,canned beer,,,,,,,,,
tropical fruit,root vegetables,rolls/buns,,,,,,,,
whole milk,red/blush wine,shopping bags,cream cheese ,canned beer,,,,,,
coffee,butter,,,,,,,,,
berries,condensed milk,whipped/sour cream,,,,,,,,
soda,canned vegetables,,,,,,,,,
soda,root vegetables,,,,,,,,,
sliced cheese,shopping bags,,,,,,,,,
other vegetables,domestic eggs,long life bakery product,,,,,,,,
waffles,brown bread,,,,,,,,,
chicken,fruit/vegetable juice,,,,,,,,,
pork,yogurt,,,,,,,,,
citrus fruit,yogurt,,,,,,,,,
pork,sliced cheese,flour,,,,,,,,
onions,cat food,white wine,,,,,,,,
mayonnaise,misc. beverages,napkins,,,,,,,,
domestic eggs,frozen vegetables,,,,,,,,,
other vegetables,napkins,,,,,,,,,
ice cream,chocolate,seasonal products,,,,,,,,
yogurt,domestic eggs,,,,,,,,,
pork,bottled water,,,,,,,,,
frankfurter,citrus fruit,newspapers,,,,,,,,
jam,house keeping products,,,,,,,,,
pip fruit,pastry,,,,,,,,,
fruit/vegetable juice,specialty chocolate,Instant food products,,,,,,,,
dessert,meat,,,,,,,,,
pip fruit,whipped/sour cream,,,,,,,,,
soda,oil,,,,,,,,,
other vegetables,long life bakery product,pastry,,,,,,,,
tropical fruit,chicken,,,,,,,,,
pot plants,packaged fruit/vegetables,butter,rolls/buns,,,,,,,
yogurt,shopping bags,,,,,,,,,
curd cheese,soda,,,,,,,,,
brown bread,processed cheese,,,,,,,,,
citrus fruit,frozen vegetables,,,,,,,,,
sausage,whole milk,cake bar,,,,,,,,
hamburger meat,root vegetables,bottled beer,,,,,,,,
UHT-milk,pip fruit,,,,,,,,,
rolls/buns,margarine,,,,,,,,,
frankfurter,soda,,,,,,,,,
coffee,margarine,,,,,,,,,
dessert,whipped/sour cream,,,,,,,,,
other vegetables,bottled beer,,,,,,,,,
berries,red/blush wine,,,,,,,,,
beef,napkins,,,,,,,,,
rolls/buns,other vegetables,,,,,,,,,
domestic eggs,butter,,,,,,,,,
other vegetables,other vegetables,pip fruit,specialty bar,,,,,,,
coffee,tidbits,,,,,,,,,
soda,other vegetables,,,,,,,,,
spread cheese,whole milk,,,,,,,,,
berries,root vegetables,bottled water,,,,,,,,
whole milk,liquor (appetizer),,,,,,,,,
other vegetables,oil,,,,,,,,,
bottled beer,ice cream,,,,,,,,,
sausage,bottled beer,bottled water,,,,,,,,
pip fruit,bottled beer,other vegetables,,,,,,,,
bottled beer,white bread,,,,,,,,,
margarine,cream cheese ,misc. beverages,,,,,,,,
other vegetables,photo/film,,,,,,,,,
whole milk,pickled vegetables,,,,,,,,,
newspapers,waffles,shopping bags,,,,,,,,
root vegetables,other vegetables,white wine,,,,,,,,
yogurt,napkins,,,,,,,,,
pork,frozen fish,,,,,,,,,
soda,oil,,,,,,,,,
waffles,margarine,,,,,,,,,
citrus fruit,beef,,,,,,,,,
tropical fruit,packaged fruit/vegetables,,,,,,,,,
yogurt,newspapers,,,,,,,,,
soda,onions,pastry,,,,,,,,
dessert,coffee,whole milk,cream cheese ,,,,,,,
fruit/vegetable juice,chewing gum,,,,,,,,,
chicken,grapes,pot plants,curd cheese,coffee,napkins,,,,,
coffee,whole milk,,,,,,,,,
rolls/buns,dessert,,,,,,,,,
yogurt,frozen meals,,,,,,,,,
frankfurter,soda,other vegetables,rolls/buns,rolls/buns,,,,,,
liquor (appetizer),rolls/buns,yogurt,,,,,,,,
other vegetables,frankfurter,other vegetables,newspapers,spread cheese,,,,,,
frankfurter,ham,white wine,detergent,popcorn,,,,,,
bottled beer,cream cheese ,chocolate,,,,,,,,
root vegetables,citrus fruit,,,,,,,,,
other vegetables,whole milk,,,,,,,,,
whole milk,bottled water,UHT-milk,candy,,,,,,,
sausage,other vegetables,,,,,,,,,
whole milk,soups,,,,,,,,,
pip fruit,rolls/buns,yogurt,,,,,,,,
frozen vegetables,yogurt,bottled beer,,,,,,,,
bottled water,berries,,,,,,,,,
tropical fruit,other vegetables,,,,,,,,,
cat food,newspapers,,,,,,,,,
root vegetables,bottled water,frozen dessert,,,,,,,,
frankfurter,frozen dessert,other vegetables,cream cheese ,,,,,,,
chicken,whipped/sour cream,,,,,,,,,
other vegetables,chocolate marshmallow,,,,,,,,,
sausage,yogurt,,,,,,,,,
pip fruit,canned beer,soft cheese,soft cheese,canned fish,semi-finished bread,newspapers,napkins,,,
canned beer,beef,whole milk,coffee,,,,,,,
coffee,hard cheese,,,,,,,,,
root vegetables,rolls/buns,flower (seeds),,,,,,,,
sausage,tropical fruit,,,,,,,,,
root vegetables,soda,,,,,,,,,
bottled water,other vegetables,,,,,,,,,
chicken,sausage,tropical fruit,brown bread,domestic eggs,cake bar,fruit/vegetable juice,canned beer,,,
whole milk,roll products ,,,,,,,,,
citrus fruit,tropical fruit,soda,bottled water,,,,,,,
soda,curd,,,,,,,,,
yogurt,sausage,domestic eggs,other vegetables,nut snack,shopping bags,,,,,
white wine,whole milk,,,,,,,,,
other vegetables,sugar,,,,,,,,,
whole milk,rolls/buns,dish cleaner,,,,,,,,
whole milk,long life bakery product,,,,,,,,,
dish cleaner,soda,,,,,,,,,
specialty chocolate,frozen vegetables,,,,,,,,,
ice cream,shopping bags,,,,,,,,,
rolls/buns,oil,,,,,,,,,
soda,other vegetables,,,,,,,,,
white bread,bottled water,ready soups,curd,,,,,,,
tropical fruit,specialty bar,whole milk,,,,,,,,
other vegetables,bottled beer,,,,,,,,,
shopping bags,whole milk,cling film/bags,bottled beer,newspapers,,,,,,
rolls/buns,margarine,,,,,,,,,
ice cream,specialty chocolate,semi-finished bread,,,,,,,,
whole milk,dessert,,,,,,,,,
bottled beer,whole milk,,,,,,,,,
whipped/sour cream,chicken,,,,,,,,,
tropical fruit,domestic eggs,chocolate,,,,,,,,
sweet spreads,bottled beer,,,,,,,,,
other vegetables,yogurt,,,,,,,,,
photo/film,whole milk,,,,,,,,,
shopping bags,long life bakery product,,,,,,,,,
whole milk,whipped/sour cream,soda,,,,,,,,
beef,curd,,,,,,,,,
other vegetables,other vegetables,,,,,,,,,
citrus fruit,other vegetables,,,,,,,,,
other vegetables,whole milk,rolls/buns,other vegetables,bottled water,whole milk,yogurt,other vegetables,,,
pip fruit,whole milk,,,,,,,,,
bottled water,soft cheese,dishes,chocolate,,,,,,,
whole milk,coffee,whole milk,,,,,,,,
canned beer,sliced cheese,,,,,,,,,
meat,bottled water,,,,,,,,,
sausage,frozen meals,,,,,,,,,
other vegetables,whole milk,,,,,,,,,
fruit/vegetable juice,margarine,,,,,,,,,
soda,UHT-milk,newspapers,white bread,,,,,,,
chicken,pastry,,,,,,,,,
sausage,pip fruit,,,,,,,,,
pork,hard cheese,,,,,,,,,
misc. beverages,soda,,,,,,,,,
bottled beer,whipped/sour cream,,,,,,,,,
chicken,fruit/vegetable juice,,,,,,,,,
newspapers,sausage,,,,,,,,,
chicken,dessert,,,,,,,,,
rolls/buns,cat food,newspapers,,,,,,,,
jam,cream cheese ,,,,,,,,,
sausage,bottled beer,sliced cheese,,,,,,,,
bottled beer,instant coffee,,,,,,,,,
citrus fruit,yogurt,,,,,,,,,
candy,whipped/sour cream,,,,,,,,,
shopping bags,shopping bags,,,,,,,,,
ice cream,cream cheese ,,,,,,,,,
meat,yogurt,,,,,,,,,
soda,white wine,processed cheese,,,,,,,,
UHT-milk,soda,,,,,,,,,
bottled beer,soap,,,,,,,,,
red/blush wine,cream cheese ,,,,,,,,,
whipped/sour cream,bottled water,,,,,,,,,
hamburger meat,sugar,,,,,,,,,
tropical fruit,other vegetables,,,,,,,,,
other vegetables,pip fruit,domestic eggs,,,,,,,,
sausage,soda,,,,,,,,,
instant coffee,shopping bags,,,,,,,,,
butter,domestic eggs,bottled water,curd,,,,,,,
whole milk,pip fruit,pip fruit,fruit/vegetable juice,,,,,,,
canned beer,butter,butter milk,citrus fruit,,,,,,,
whole milk,chocolate,,,,,,,,,
other vegetables,whole milk,tropical fruit,yogurt,,,,,,,
chewing gum,citrus fruit,,,,,,,,,
dessert,nut snack,bottled water,,,,,,,,
pip fruit,white wine,white wine,,,,,,,,
other vegetables,coffee,,,,,,,,,
waffles,whole milk,other vegetables,white bread,,,,,,,
bottled beer,frankfurter,UHT-milk,pot plants,,,,,,,
pork,pork,,,,,,,,,
sausage,whole milk,,,,,,,,,
whole milk,other vegetables,,,,,,,,,
chicken,chewing gum,,,,,,,,,
canned beer,fish,,,,,,,,,
instant coffee,newspapers,,,,,,,,,
butter,other vegetables,,,,,,,,,
cream cheese ,margarine,dish cleaner,,,,,,,,
turkey,root vegetables,other vegetables,berries,salty snack,,,,,,
whole milk,yogurt,,,,,,,,,
whipped/sour cream,rolls/buns,soda,,,,,,,,
whole milk,brown bread,,,,,,,,,
root vegetables,herbs,cereals,,,,,,,,
hamburger meat,grapes,candy,,,,,,,,
hamburger meat,salty snack,,,,,,,,,
pork,domestic eggs,,,,,,,,,
root vegetables,oil,,,,,,,,,
whole milk,frozen meals,rolls/buns,,,,,,,,
whole milk,yogurt,sliced cheese,,,,,,,,
white wine,whole milk,,,,,,,,,
onions,UHT-milk,,,,,,,,,
other vegetables,pip fruit,dessert,red/blush wine,,,,,,,
newspapers,sliced cheese,,,,,,,,,
finished products,whole milk,,,,,,,,,
whipped/sour cream,soda,,,,,,,,,
ice cream,other vegetables,,,,,,,,,
hamburger meat,whole milk,,,,,,,,,
whole milk,onions,,,,,,,,,
other vegetables,whole milk,,,,,,,,,
liver loaf,rolls/buns,,,,,,,,,
other vegetables,soda,pickled vegetables,,,,,,,,
whole milk,domestic eggs,canned vegetables,baking powder,hygiene articles,detergent,,,,,
processed cheese,mayonnaise,shopping bags,,,,,,,,
citrus fruit,domestic eggs,bottled water,,,,,,,,
whole milk,other vegetables,pot plants,,,,,,,,
other vegetables,frozen vegetables,,,,,,,,,
berries,shopping bags,,,,,,,,,
frankfurter,sausage,,,,,,,,,
bottled beer,rolls/buns,,,,,,,,,
tropical fruit,chicken,beef,pasta,onions,long life bakery product,whole milk,jam,,,
hamburger meat,pastry,,,,,,,,,
frozen vegetables,pastry,,,,,,,,,
ham,other vegetables,,,,,,,,,
beef,pastry,,,,,,,,,
beverages,other vegetables,,,,,,,,,
house keeping products,butter milk,,,,,,,,,
tropical fruit,tropical fruit,whole milk,,,,,,,,
pip fruit,candy,,,,,,,,,
coffee,soda,,,,,,,,,
sugar,candy,,,,,,,,,
packaged fruit/vegetables,liquor,shopping bags,,,,,,,,
waffles,yogurt,,,,,,,,,
seasonal products,whole milk,soda,,,,,,,,
spread cheese,frankfurter,ice cream,citrus fruit,pip fruit,cake bar,other vegetables,yogurt,rolls/buns,,
margarine,cat food,,,,,,,,,
softener,chocolate,,,,,,,,,
other vegetables,fruit/vegetable juice,,,,,,,,,
whole milk,root vegetables,hygiene articles,,,,,,,,
cream cheese ,fruit/vegetable juice,,,,,,,,,
newspapers,chocolate,,,,,,,,,
soda,bottled water,,,,,,,,,
pip fruit,other vegetables,cling film/bags,,,,,,,,
sausage,honey,beverages,soda,frozen dessert,whipped/sour cream,,,,,
rolls/buns,rolls/buns,,,,,,,,,
softener,dish cleaner,,,,,,,,,
bottled water,whole milk,,,,,,,,,
ice cream,beef,yogurt,canned beer,,,,,,,
sliced cheese,sugar,,,,,,,,,
beverages,whole milk,,,,,,,,,
yogurt,semi-finished bread,,,,,,,,,
pork,curd,,,,,,,,,
root vegetables,root vegetables,,,,,,,,,
ham,tropical fruit,bottled beer,,,,,,,,
semi-finished bread,waffles,,,,,,,,,
frankfurter,yogurt,,,,,,,,,
red/blush wine,dessert,curd,rolls/buns,,,,,,,
butter,chewing gum,,,,,,,,,
red/blush wine,specialty bar,rolls/buns,,,,,,,,
pip fruit,dessert,hard cheese,,,,,,,,
citrus fruit,frankfurter,citrus fruit,bottled water,,,,,,,
pip fruit,UHT-milk,shopping bags,,,,,,,,
chocolate,whipped/sour cream,bottled beer,,,,,,,,
rolls/buns,curd cheese,,,,,,,,,
misc. beverages,coffee,,,,,,,,,
brown bread,curd,,,,,,,,,
processed cheese,dishes,,,,,,,,,
sausage,onions,misc. beverages,,,,,,,,
whole milk,onions,,,,,,,,,
rolls/buns,bottled beer,misc. beverages,salt,,,,,,,
pip fruit,margarine,specialty cheese,,,,,,,,
frankfurter,coffee,,,,,,,,,
frankfurter,brown bread,,,,,,,,,
whole milk,frankfurter,candles,grapes,herbs,other vegetables,yogurt,,,,
beef,waffles,,,,,,,,,
soda,yogurt,bottled water,pot plants,,,,,,,
whole milk,bottled water,,,,,,,,,
yogurt,bottled water,,,,,,,,,
other vegetables,hard cheese,,,,,,,,,
whole milk,frozen potato products,,,,,,,,,
chewing gum,sugar,,,,,,,,,
pastry,rolls/buns,,,,,,,,,
whole milk,herbs,,,,,,,,,
bottled beer,nut snack,,,,,,,,,
other vegetables,spices,,,,,,,,,
rolls/buns,shopping bags,,,,,,,,,
sausage,butter,,,,,,,,,
bottled beer,pasta,,,,,,,,,
grapes,herbs,,,,,,,,,
vinegar,rolls/buns,,,,,,,,,
soda,salty snack,,,,,,,,,
berries,white wine,,,,,,,,,
citrus fruit,other vegetables,yogurt,,,,,,,,
bottled beer,yogurt,butter milk,,,,,,,,
hamburger meat,frozen vegetables,,,,,,,,,
tropical fruit,pork,newspapers,,,,,,,,
other vegetables,hygiene articles,,,,,,,,,
soda,other vegetables,cream cheese ,,,,,,,,
curd,sugar,,,,,,,,,
root vegetables,whole milk,whole milk,newspapers,bottled water,,,,,,
sausage,soda,cream cheese ,,,,,,,,
finished products,pip fruit,root vegetables,canned fruit,,,,,,,
yogurt,other vegetables,whipped/sour cream,,,,,,,,
rolls/buns,whole milk,soda,,,,,,,,
sausage,other vegetables,,,,,,,,,
root vegetables,rolls/buns,,,,,,,,,
beef,whipped/sour cream,,,,,,,,,
berries,other vegetables,,,,,,,,,
yogurt,rolls/buns,,,,,,,,,
packaged fruit/vegetables,pastry,,,,,,,,,
pastry,syrup,,,,,,,,,
newspapers,salty snack,,,,,,,,,
pork,brown bread,,,,,,,,,
rolls/buns,oil,,,,,,,,,
sausage,yogurt,,,,,,,,,
tropical fruit,curd,,,,,,,,,
frankfurter,other vegetables,root vegetables,other vegetables,,,,,,,
root vegetables,salt,,,,,,,,,
tropical fruit,herbs,,,,,,,,,
soft cheese,yogurt,pastry,instant coffee,,,,,,,
rolls/buns,margarine,whipped/sour cream,,,,,,,,
dessert,beverages,frozen meals,red/blush wine,,,,,,,
bottled water,margarine,onions,other vegetables,whole milk,,,,,,
pastry,soda,detergent,,,,,,,,
whole milk,sliced cheese,,,,,,,,,
tropical fruit,dessert,white bread,bottled water,,,,,,,
domestic eggs,specialty bar,,,,,,,,,
newspapers,tropical fruit,,,,,,,,,
misc. beverages,salty snack,,,,,,,,,
pork,other vegetables,shopping bags,,,,,,,,
bottled beer,beef,domestic eggs,whipped/sour cream,shopping bags,newspapers,,,,,
other vegetables,pot plants,,,,,,,,,
onions,citrus fruit,frozen vegetables,coffee,,,,,,,
rolls/buns,beef,,,,,,,,,
salty snack,shopping bags,,,,,,,,,
citrus fruit,whipped/sour cream,,,,,,,,,
sausage,margarine,,,,,,,,,
sliced cheese,cling film/bags,,,,,,,,,
whole milk,frozen meals,rolls/buns,,,,,,,,
beef,sausage,oil,candles,,,,,,,
pip fruit,tropical fruit,whole milk,,,,,,,,
oil,whipped/sour cream,specialty cheese,soda,beverages,,,,,,
pip fruit,long life bakery product,,,,,,,,,
ice cream,chicken,rolls/buns,whole milk,,,,,,,
frankfurter,coffee,,,,,,,,,
pork,whole milk,other vegetables,tidbits,coffee,,,,,,
hygiene articles,dessert,,,,,,,,,
chicken,whole milk,,,,,,,,,
butter,frozen dessert,whole milk,,,,,,,,
sausage,other vegetables,,,,,,,,,
citrus fruit,roll products ,frozen vegetables,,,,,,,,
vinegar,dog food,,,,,,,,,
liqueur,whole milk,,,,,,,,,
bottled beer,canned fish,yogurt,,,,,,,,
frankfurter,other vegetables,whole milk,ready soups,brandy,,,,,,
whole milk,newspapers,,,,,,,,,
citrus fruit,shopping bags,,,,,,,,,
canned beer,whipped/sour cream,,,,,,,,,
meat spreads,chocolate,,,,,,,,,
chewing gum,other vegetables,,,,,,,,,
pip fruit,frozen meals,,,,,,,,,
packaged fruit/vegetables,pip fruit,,,,,,,,,
beef,yogurt,,,,,,,,,
mayonnaise,shopping bags,,,,,,,,,
frozen fish,specialty cheese,,,,,,,,,
chocolate,seasonal products,rolls/buns,,,,,,,,
yogurt,white bread,,,,,,,,,
yogurt,frozen meals,,,,,,,,,
other vegetables,frozen vegetables,whole milk,,,,,,,,
bottled water,curd,,,,,,,,,
oil,canned beer,,,,,,,,,
grapes,whole milk,,,,,,,,,
finished products,pip fruit,,,,,,,,,
brown bread,whole milk,spread cheese,butter,fruit/vegetable juice,,,,,,
sausage,sausage,rolls/buns,sweet spreads,instant coffee,fruit/vegetable juice,long life bakery product,shopping bags,,,
chicken,red/blush wine,,,,,,,,,
white bread,mustard,,,,,,,,,
yogurt,salty snack,,,,,,,,,
pickled vegetables,UHT-milk,long life bakery product,,,,,,,,
domestic eggs,pasta,,,,,,,,,
pip fruit,detergent,,,,,,,,,
bottled beer,sparkling wine,hamburger meat,rolls/buns,,,,,,,
whipped/sour cream,other vegetables,,,,,,,,,
citrus fruit,other vegetables,,,,,,,,,
frozen fruits,citrus fruit,,,,,,,,,
root vegetables,bottled water,,,,,,,,,
pip fruit,pet care,,,,,,,,,
nuts/prunes,coffee,,,,,,,,,
sausage,rolls/buns,,,,,,,,,
sausage,bottled water,,,,,,,,,
tropical fruit,whipped/sour cream,,,,,,,,,
other vegetables,salty snack,brown bread,canned beer,,,,,,,
onions,pork,,,,,,,,,
soda,chocolate,,,,,,,,,
white bread,UHT-milk,,,,,,,,,
soda,canned beer,,,,,,,,,
white bread,butter,,,,,,,,,
shopping bags,salty snack,house keeping products,,,,,,,,
soft cheese,cream cheese ,,,,,,,,,
sugar,butter,curd,,,,,,,,
sausage,yogurt,,,,,,,,,
onions,bottled beer,,,,,,,,,
fruit/vegetable juice,herbs,,,,,,,,,
pastry,detergent,,,,,,,,,
rolls/buns,seasonal products,other vegetables,white bread,,,,,,,
salt,domestic eggs,,,,,,,,,
chicken,margarine,,,,,,,,,
pip fruit,frozen vegetables,bottled water,,,,,,,,
citrus fruit,frozen vegetables,,,,,,,,,
dessert,pork,,,,,,,,,
root vegetables,tropical fruit,,,,,,,,,
frankfurter,frankfurter,butter,domestic eggs,margarine,other vegetables,,,,,
pork,shopping bags,,,,,,,,,
canned fish,fruit/vegetable juice,,,,,,,,,
root vegetables,hard cheese,,,,,,,,,
cream cheese ,rolls/buns,,,,,,,,,
hamburger meat,candy,,,,,,,,,
tropical fruit,citrus fruit,domestic eggs,rolls/buns,,,,,,,
pip fruit,grapes,,,,,,,,,
chocolate,dessert,,,,,,,,,
bottled beer,fruit/vegetable juice,,,,,,,,,
sugar,seasonal products,,,,,,,,,
frankfurter,whole milk,shopping bags,rolls/buns,,,,,,,
root vegetables,butter milk,shopping bags,cream cheese ,,,,,,,
root vegetables,margarine,,,,,,,,,
UHT-milk,other vegetables,,,,,,,,,
coffee,napkins,,,,,,,,,
white bread,make up remover,,,,,,,,,
curd,soda,ice cream,,,,,,,,
soda,seasonal products,,,,,,,,,
frankfurter,chocolate,,,,,,,,,
other vegetables,snack products,,,,,,,,,
shopping bags,hygiene articles,,,,,,,,,
napkins,soda,,,,,,,,,
pork,bottled beer,butter,,,,,,,,
canned beer,soda,,,,,,,,,
whole milk,curd,,,,,,,,,
candy,white wine,,,,,,,,,
root vegetables,butter,specialty bar,domestic eggs,,,,,,,
canned beer,brown bread,,,,,,,,,
artif. sweetener,curd,,,,,,,,,
whole milk,whole milk,napkins,,,,,,,,
waffles,chocolate,,,,,,,,,
yogurt,shopping bags,,,,,,,,,
pastry,coffee,,,,,,,,,
yogurt,ham,,,,,,,,,
citrus fruit,hamburger meat,tea,root vegetables,sugar,shopping bags,,,,,
canned beer,berries,butter,baking powder,,,,,,,
herbs,whole milk,,,,,,,,,
coffee,pastry,,,,,,,,,
bottled water,domestic eggs,,,,,,,,,
condensed milk,onions,,,,,,,,,
ham,mayonnaise,,,,,,,,,
yogurt,bottled beer,,,,,,,,,
whole milk,whipped/sour cream,,,,,,,,,
rolls/buns,ice cream,,,,,,,,,
curd,whole milk,,,,,,,,,
bottled beer,brown bread,,,,,,,,,
bottled water,canned beer,,,,,,,,,
packaged fruit/vegetables,semi-finished bread,,,,,,,,,
other vegetables,coffee,,,,,,,,,
yogurt,processed cheese,,,,,,,,,
root vegetables,pastry,,,,,,,,,
yogurt,rolls/buns,domestic eggs,fruit/vegetable juice,,,,,,,
other vegetables,sausage,whole milk,butter milk,packaged fruit/vegetables,,,,,,
pastry,detergent,,,,,,,,,
berries,pip fruit,,,,,,,,,
pastry,bottled water,,,,,,,,,
grapes,root vegetables,shopping bags,,,,,,,,
beef,frankfurter,root vegetables,specialty fat,domestic eggs,,,,,,
beverages,other vegetables,,,,,,,,,
salty snack,specialty bar,brown bread,instant coffee,,,,,,,
pork,pip fruit,,,,,,,,,
long life bakery product,onions,,,,,,,,,
bottled beer,beverages,,,,,,,,,
citrus fruit,canned beer,,,,,,,,,
other vegetables,rolls/buns,rolls/buns,whole milk,newspapers,,,,,,
other vegetables,yogurt,,,,,,,,,
candy,frozen meals,,,,,,,,,
pip fruit,shopping bags,,,,,,,,,
margarine,frozen fruits,,,,,,,,,
pork,turkey,pot plants,whole milk,soda,dishes,,,,,
sausage,grapes,light bulbs,,,,,,,,
beef,other vegetables,,,,,,,,,
frankfurter,bottled beer,domestic eggs,,,,,,,,
processed cheese,brown bread,house keeping products,,,,,,,,
yogurt,whipped/sour cream,,,,,,,,,
beverages,whole milk,,,,,,,,,
pork,other vegetables,,,,,,,,,
rolls/buns,butter,,,,,,,,,
dessert,yogurt,,,,,,,,,
frankfurter,seasonal products,rolls/buns,,,,,,,,
frozen vegetables,pastry,,,,,,,,,
ham,tropical fruit,popcorn,,,,,,,,
fruit/vegetable juice,whole milk,,,,,,,,,
whole milk,pastry,butter,whole milk,,,,,,,
hamburger meat,yogurt,,,,,,,,,
frozen meals,chocolate,,,,,,,,,
whole milk,fruit/vegetable juice,shopping bags,shopping bags,,,,,,,
tropical fruit,pastry,newspapers,,,,,,,,
soda,other vegetables,,,,,,,,,
canned beer,curd,coffee,flour,,,,,,,
coffee,rolls/buns,vinegar,,,,,,,,
beef,whole milk,cream cheese ,butter,,,,,,,
whole milk,finished products,beef,,,,,,,,
whole milk,fruit/vegetable juice,,,,,,,,,
liquor,tropical fruit,other vegetables,,,,,,,,
sugar,pickled vegetables,fruit/vegetable juice,yogurt,,,,,,,
beef,whole milk,root vegetables,whipped/sour cream,whipped/sour cream,other vegetables,,,,,
pip fruit,hard cheese,,,,,,,,,
grapes,chocolate,,,,,,,,,
root vegetables,other vegetables,,,,,,,,,
butter,rolls/buns,,,,,,,,,
ham,whole milk,,,,,,,,,
photo/film,whole milk,,,,,,,,,
other vegetables,butter,red/blush wine,,,,,,,,
soda,chocolate,,,,,,,,,
yogurt,pastry,,,,,,,,,
finished products,UHT-milk,,,,,,,,,
beef,whole milk,newspapers,,,,,,,,
pork,dessert,,,,,,,,,
whipped/sour cream,canned beer,,,,,,,,,
whole milk,soda,soda,fruit/vegetable juice,,,,,,,
whole milk,other vegetables,,,,,,,,,
canned beer,white bread,,,,,,,,,
citrus fruit,whipped/sour cream,,,,,,,,,
cereals,whole milk,bottled water,,,,,,,,
citrus fruit,specialty chocolate,,,,,,,,,
sugar,shopping bags,,,,,,,,,
butter milk,meat,curd,soda,long life bakery product,,,,,,
cream cheese ,whole milk,,,,,,,,,
butter milk,newspapers,,,,,,,,,
pork,pip fruit,,,,,,,,,
tropical fruit,cream cheese ,cream cheese ,,,,,,,,
citrus fruit,soda,,,,,,,,,
detergent,rolls/buns,,,,,,,,,
citrus fruit,rolls/buns,,,,,,,,,
beef,tropical fruit,,,,,,,,,
canned beer,finished products,beverages,dishes,,,,,,,
herbs,vinegar,chocolate,cleaner,,,,,,,
whole milk,rolls/buns,,,,,,,,,
sparkling wine,soda,,,,,,,,,
brown bread,sausage,yogurt,butter milk,canned beer,frozen vegetables,curd,cake bar,,,
pip fruit,herbs,frozen meals,,,,,,,,
bottled beer,frozen vegetables,,,,,,,,,
syrup,whole milk,,,,,,,,,
frankfurter,whole milk,,,,,,,,,
tropical fruit,long life bakery product,,,,,,,,,
bottled water,whisky,,,,,,,,,
other vegetables,rolls/buns,beverages,,,,,,,,
bottled water,shopping bags,waffles,,,,,,,,
other vegetables,liquor,whole milk,butter milk,,,,,,,
chicken,cat food,,,,,,,,,
whole milk,rolls/buns,,,,,,,,,
other vegetables,rolls/buns,,,,,,,,,
citrus fruit,dog food,rolls/buns,soda,whole milk,fruit/vegetable juice,whipped/sour cream,yogurt,,,
sausage,whole milk,,,,,,,,,
frankfurter,tropical fruit,,,,,,,,,
beef,salt,,,,,,,,,
ham,rolls/buns,flower (seeds),,,,,,,,
rolls/buns,whole milk,,,,,,,,,
bottled beer,specialty cheese,,,,,,,,,
nuts/prunes,root vegetables,white wine,pastry,,,,,,,
beef,frankfurter,canned beer,pip fruit,brown bread,frozen vegetables,newspapers,misc. beverages,,,
fruit/vegetable juice,dental care,,,,,,,,,
yogurt,roll products ,,,,,,,,,
canned beer,rolls/buns,artif. sweetener,soda,,,,,,,
chicken,onions,white bread,,,,,,,,
packaged fruit/vegetables,canned beer,,,,,,,,,
salty snack,bottled beer,,,,,,,,,
tropical fruit,waffles,,,,,,,,,
fruit/vegetable juice,butter,rolls/buns,,,,,,,,
packaged fruit/vegetables,herbs,,,,,,,,,
tropical fruit,cat food,,,,,,,,,
pip fruit,flour,other vegetables,,,,,,,,
fish,root vegetables,tropical fruit,other vegetables,,,,,,,
brown bread,coffee,,,,,,,,,
curd,syrup,,,,,,,,,
soda,bottled water,,,,,,,,,
photo/film,vinegar,,,,,,,,,
canned beer,cookware,,,,,,,,,
yogurt,rolls/buns,berries,whole milk,zwieback,brown bread,newspapers,,,,
whole milk,onions,,,,,,,,,
whole milk,oil,soups,,,,,,,,
curd,photo/film,,,,,,,,,
ice cream,hygiene articles,,,,,,,,,
margarine,cereals,,,,,,,,,
frankfurter,instant coffee,root vegetables,coffee,instant coffee,sugar,rolls/buns,,,,
canned beer,frozen fish,,,,,,,,,
sausage,UHT-milk,female sanitary products,rolls/buns,,,,,,,
root vegetables,frozen dessert,oil,,,,,,,,
frankfurter,whole milk,whole milk,,,,,,,,
citrus fruit,chocolate,,,,,,,,,
other vegetables,baking powder,,,,,,,,,
other vegetables,whole milk,light bulbs,canned beer,,,,,,,
pip fruit,whipped/sour cream,,,,,,,,,
ham,instant coffee,margarine,beef,long life bakery product,whole milk,house keeping products,semi-finished bread,,,
salty snack,bottled water,,,,,,,,,
pastry,brown bread,yogurt,,,,,,,,
dish cleaner,fruit/vegetable juice,,,,,,,,,
frankfurter,canned beer,,,,,,,,,
pip fruit,snack products,,,,,,,,,
spread cheese,pork,,,,,,,,,
meat,root vegetables,,,,,,,,,
bottled beer,specialty bar,baking powder,,,,,,,,
whole milk,rolls/buns,,,,,,,,,
margarine,margarine,,,,,,,,,
citrus fruit,pastry,salt,,,,,,,,
onions,canned beer,,,,,,,,,
roll products ,specialty chocolate,,,,,,,,,
pip fruit,cream cheese ,,,,,,,,,
tropical fruit,yogurt,,,,,,,,,
beef,rolls/buns,,,,,,,,,
turkey,domestic eggs,,,,,,,,,
whole milk,yogurt,,,,,,,,,
soda,soda,,,,,,,,,
candy,cream cheese ,brown bread,soda,,,,,,,
curd,pip fruit,,,,,,,,,
brown bread,butter milk,canned vegetables,soda,,,,,,,
pastry,soda,,,,,,,,,
canned beer,root vegetables,,,,,,,,,
frankfurter,frozen vegetables,,,,,,,,,
cat food,coffee,,,,,,,,,
pip fruit,newspapers,fruit/vegetable juice,,,,,,,,
chocolate,dessert,flour,,,,,,,,
pip fruit,fruit/vegetable juice,,,,,,,,,
tropical fruit,bottled water,whipped/sour cream,,,,,,,,
UHT-milk,whole milk,newspapers,domestic eggs,,,,,,,
other vegetables,frankfurter,napkins,pastry,,,,,,,
bottled water,bottled beer,brown bread,,,,,,,,
whole milk,cream cheese ,,,,,,,,,
long life bakery product,bottled beer,,,,,,,,,
newspapers,coffee,,,,,,,,,
brown bread,whole milk,frozen vegetables,frozen meals,,,,,,,
tropical fruit,tropical fruit,soda,salty snack,,,,,,,
whipped/sour cream,canned beer,sliced cheese,,,,,,,,
ham,whole milk,candy,,,,,,,,
ready soups,baking powder,,,,,,,,,
ice cream,rolls/buns,bottled beer,canned beer,,,,,,,
beef,frozen vegetables,,,,,,,,,
pork,whole milk,,,,,,,,,
tropical fruit,citrus fruit,,,,,,,,,
beef,misc. beverages,,,,,,,,,
organic products,root vegetables,,,,,,,,,
coffee,sausage,shopping bags,specialty bar,red/blush wine,,,,,,
tropical fruit,flour,,,,,,,,,
red/blush wine,yogurt,,,,,,,,,
candles,whole milk,,,,,,,,,
processed cheese,root vegetables,,,,,,,,,
dessert,fruit/vegetable juice,,,,,,,,,
berries,oil,cat food,,,,,,,,
pip fruit,whipped/sour cream,,,,,,,,,
rolls/buns,specialty bar,,,,,,,,,
tropical fruit,long life bakery product,napkins,,,,,,,,
citrus fruit,chicken,,,,,,,,,
citrus fruit,other vegetables,,,,,,,,,
pork,pasta,fruit/vegetable juice,,,,,,,,
frankfurter,soda,chocolate,,,,,,,,
UHT-milk,newspapers,salty snack,,,,,,,,
domestic eggs,pastry,,,,,,,,,
other vegetables,bottled beer,,,,,,,,,
ham,female sanitary products,,,,,,,,,
pip fruit,dessert,,,,,,,,,
citrus fruit,salty snack,,,,,,,,,
chocolate,sugar,coffee,,,,,,,,
margarine,citrus fruit,oil,,,,,,,,
frankfurter,berries,,,,,,,,,
dessert,long life bakery product,berries,sausage,grapes,frozen meals,candy,soda,,,
tropical fruit,other vegetables,berries,butter,,,,,,,
frozen vegetables,dishes,root vegetables,pastry,,,,,,,
oil,bottled beer,yogurt,,,,,,,,
sausage,hamburger meat,pork,chewing gum,whole milk,soda,soft cheese,yogurt,,,
pastry,long life bakery product,,,,,,,,,
frankfurter,root vegetables,,,,,,,,,
canned beer,ice cream,,,,,,,,,
napkins,waffles,,,,,,,,,
other vegetables,pip fruit,,,,,,,,,
whipped/sour cream,sugar,brown bread,,,,,,,,
other vegetables,whole milk,,,,,,,,,
berries,other vegetables,,,,,,,,,
sausage,whole milk,,,,,,,,,
sausage,frozen meals,,,,,,,,,
newspapers,flour,,,,,,,,,
pip fruit,candles,,,,,,,,,
whole milk,bottled beer,,,,,,,,,
whole milk,yogurt,,,,,,,,,
UHT-milk,soda,whole milk,whole milk,,,,,,,
soda,soda,,,,,,,,,
tropical fruit,berries,other vegetables,yogurt,kitchen towels,napkins,,,,,
pastry,frozen potato products,,,,,,,,,
other vegetables,frozen vegetables,,,,,,,,,
dessert,white bread,salty snack,cat food,,,,,,,
meat,newspapers,,,,,,,,,
hard cheese,margarine,rolls/buns,,,,,,,,
pip fruit,soda,,,,,,,,,
whole milk,bottled beer,,,,,,,,,
citrus fruit,shopping bags,,,,,,,,,
whole milk,misc. beverages,,,,,,,,,
soda,mustard,,,,,,,,,
coffee,bottled water,liqueur,,,,,,,,
pip fruit,other vegetables,hard cheese,sausage,rolls/buns,pip fruit,grapes,other vegetables,,,
sausage,beverages,,,,,,,,,
sausage,shopping bags,,,,,,,,,
white bread,hamburger meat,pastry,frozen meals,,,,,,,
tropical fruit,white wine,bottled beer,,,,,,,,
beef,citrus fruit,napkins,semi-finished bread,brown bread,,,,,,
salty snack,bottled water,,,,,,,,,
soda,fruit/vegetable juice,,,,,,,,,
soda,bottled water,,,,,,,,,
fruit/vegetable juice,canned vegetables,,,,,,,,,
UHT-milk,root vegetables,rolls/buns,rolls/buns,spread cheese,misc. beverages,sugar,,,,
berries,other vegetables,,,,,,,,,
pork,herbs,,,,,,,,,
tropical fruit,misc. beverages,,,,,,,,,
tropical fruit,frozen fruits,,,,,,,,,
rolls/buns,potato products,,,,,,,,,
pastry,whole milk,,,,,,,,,
bottled water,coffee,sugar,bottled water,,,,,,,
chicken,chocolate,,,,,,,,,
bottled beer,bottled water,rolls/buns,root vegetables,,,,,,,
meat,long life bakery product,yogurt,napkins,,,,,,,
whole milk,whole milk,,,,,,,,,
curd,yogurt,,,,,,,,,
hamburger meat,oil,,,,,,,,,
specialty chocolate,other vegetables,,,,,,,,,
butter milk,whipped/sour cream,,,,,,,,,
soda,hard cheese,,,,,,,,,
other vegetables,white bread,,,,,,,,,
butter,rolls/buns,,,,,,,,,
butter milk,margarine,,,,,,,,,
other vegetables,whole milk,house keeping products,,,,,,,,
whole milk,root vegetables,sausage,frozen vegetables,chocolate,,,,,,
root vegetables,butter milk,,,,,,,,,
pasta,cream cheese ,,,,,,,,,
other vegetables,misc. beverages,,,,,,,,,
white bread,salty snack,,,,,,,,,
onions,domestic eggs,shopping bags,,,,,,,,
ice cream,white bread,whole milk,bottled water,,,,,,,
cake bar,whipped/sour cream,,,,,,,,,
hamburger meat,margarine,,,,,,,,,
bottled water,bottled water,,,,,,,,,
fruit/vegetable juice,pip fruit,,,,,,,,,
citrus fruit,shopping bags,,,,,,,,,
chicken,pip fruit,,,,,,,,,
rolls/buns,other vegetables,,,,,,,,,
canned beer,potato products,,,,,,,,,
frankfurter,onions,,,,,,,,,
sausage,hard cheese,,,,,,,,,
soda,pastry,,,,,,,,,
canned beer,margarine,,,,,,,,,
bottled beer,fruit/vegetable juice,rolls/buns,,,,,,,,
whole milk,whole milk,canned beer,Instant food products,,,,,,,
tropical fruit,butter,,,,,,,,,
onions,ice cream,soda,sliced cheese,,,,,,,
butter,rolls/buns,,,,,,,,,
whole milk,butter,,,,,,,,,
sausage,rolls/buns,,,,,,,,,
UHT-milk,cream cheese ,cream cheese ,waffles,,,,,,,
herbs,whole milk,frozen dessert,,,,,,,,
sliced cheese,margarine,,,,,,,,,
semi-finished bread,rolls/buns,,,,,,,,,
pork,tropical fruit,,,,,,,,,
other vegetables,other vegetables,waffles,,,,,,,,
whipped/sour cream,bottled water,,,,,,,,,
bottled beer,tropical fruit,,,,,,,,,
pip fruit,rolls/buns,fruit/vegetable juice,pasta,,,,,,,
onions,long life bakery product,,,,,,,,,
meat,newspapers,cleaner,,,,,,,,
bottled beer,grapes,other vegetables,bottled water,,,,,,,
soda,other vegetables,,,,,,,,,
shopping bags,newspapers,,,,,,,,,
sugar,napkins,,,,,,,,,
citrus fruit,cream cheese ,,,,,,,,,
dessert,newspapers,bottled water,,,,,,,,
canned beer,rolls/buns,,,,,,,,,
citrus fruit,whole milk,,,,,,,,,
pork,sliced cheese,,,,,,,,,
tropical fruit,herbs,chocolate,,,,,,,,
pork,semi-finished bread,,,,,,,,,
canned beer,curd,,,,,,,,,
canned beer,baking powder,,,,,,,,,
hamburger meat,other vegetables,,,,,,,,,
sausage,yogurt,,,,,,,,,
root vegetables,bottled water,,,,,,,,,
grapes,rolls/buns,,,,,,,,,
tropical fruit,snack products,,,,,,,,,
whole milk,processed cheese,,,,,,,,,
butter,white bread,,,,,,,,,
specialty bar,bottled water,dental care,,,,,,,,
whole milk,hamburger meat,,,,,,,,,
photo/film,shopping bags,,,,,,,,,
soda,pork,,,,,,,,,
other vegetables,frozen fish,,,,,,,,,
pork,bottled water,,,,,,,,,
beef,brown bread,,,,,,,,,
hard cheese,waffles,,,,,,,,,
liquor (appetizer),onions,whole milk,butter,cream cheese ,specialty cheese,,,,,
citrus fruit,cream cheese ,bottled beer,citrus fruit,,,,,,,
chicken,fruit/vegetable juice,cake bar,,,,,,,,
rolls/buns,jam,cake bar,,,,,,,,
pork,shopping bags,,,,,,,,,
waffles,shopping bags,,,,,,,,,
soda,dishes,,,,,,,,,
frozen meals,frozen vegetables,curd,,,,,,,,
root vegetables,brown bread,,,,,,,,,
bottled water,root vegetables,,,,,,,,,
pickled vegetables,bottled beer,,,,,,,,,
chewing gum,frozen vegetables,,,,,,,,,
tropical fruit,shopping bags,,,,,,,,,
whole milk,candy,,,,,,,,,
citrus fruit,beef,,,,,,,,,
sausage,beverages,,,,,,,,,
chicken,rolls/buns,,,,,,,,,
sausage,cake bar,,,,,,,,,
pip fruit,rolls/buns,,,,,,,,,
canned beer,whole milk,onions,coffee,,,,,,,
whipped/sour cream,newspapers,,,,,,,,,
citrus fruit,other vegetables,pip fruit,pork,soda,yogurt,herbs,red/blush wine,,,
frankfurter,pork,tropical fruit,pastry,,,,,,,
pot plants,yogurt,other vegetables,,,,,,,,
frankfurter,coffee,,,,,,,,,
citrus fruit,canned beer,waffles,chocolate,dish cleaner,,,,,,
bottled beer,white bread,,,,,,,,,
yogurt,citrus fruit,pastry,,,,,,,,
beef,beef,,,,,,,,,
yogurt,other vegetables,,,,,,,,,
pip fruit,beverages,margarine,soda,,,,,,,
tropical fruit,whipped/sour cream,canned vegetables,,,,,,,,
root vegetables,chocolate,,,,,,,,,
whole milk,pasta,,,,,,,,,
oil,butter,,,,,,,,,
rolls/buns,yogurt,,,,,,,,,
sausage,frankfurter,herbs,rice,,,,,,,
rolls/buns,baking powder,onions,bottled water,,,,,,,
berries,pastry,,,,,,,,,
root vegetables,citrus fruit,whole milk,chewing gum,,,,,,,
whipped/sour cream,detergent,,,,,,,,,
UHT-milk,yogurt,,,,,,,,,
beef,pastry,yogurt,chewing gum,,,,,,,
yogurt,beverages,brown bread,,,,,,,,
other vegetables,citrus fruit,pork,frozen vegetables,cat food,curd,spices,soda,,,
whole milk,margarine,soda,softener,,,,,,,
canned beer,ice cream,,,,,,,,,
other vegetables,bottled water,shopping bags,,,,,,,,
whole milk,spread cheese,,,,,,,,,
onions,newspapers,,,,,,,,,
pip fruit,tidbits,,,,,,,,,
fruit/vegetable juice,rolls/buns,,,,,,,,,
chicken,soda,,,,,,,,,
soda,curd,sliced cheese,,,,,,,,
pastry,whole milk,sausage,soda,soda,sliced cheese,domestic eggs,,,,
soda,domestic eggs,sliced cheese,soda,,,,,,,
sausage,rolls/buns,,,,,,,,,
dessert,rolls/buns,,,,,,,,,
sausage,yogurt,,,,,,,,,
tropical fruit,bottled beer,domestic eggs,rolls/buns,long life bakery product,other vegetables,skin care,,,,
coffee,berries,,,,,,,,,
salty snack,brown bread,,,,,,,,,
root vegetables,napkins,,,,,,,,,
hamburger meat,condensed milk,,,,,,,,,
whipped/sour cream,canned beer,,,,,,,,,
beverages,fruit/vegetable juice,,,,,,,,,
chicken,specialty chocolate,,,,,,,,,
specialty bar,rolls/buns,,,,,,,,,
whole milk,UHT-milk,,,,,,,,,
long life bakery product,canned vegetables,,,,,,,,,
bottled beer,bottled beer,,,,,,,,,
canned beer,dishes,,,,,,,,,
yogurt,other vegetables,,,,,,,,,
sausage,soda,pastry,flower (seeds),newspapers,,,,,,
other vegetables,whole milk,,,,,,,,,
citrus fruit,bottled beer,rolls/buns,hygiene articles,softener,,,,,,
canned beer,citrus fruit,,,,,,,,,
canned beer,chicken,other vegetables,,,,,,,,
coffee,white wine,,,,,,,,,
fruit/vegetable juice,fruit/vegetable juice,,,,,,,,,
pip fruit,spread cheese,,,,,,,,,
pork,bottled water,baking powder,,,,,,,,
whole milk,UHT-milk,,,,,,,,,
detergent,root vegetables,fruit/vegetable juice,brown bread,,,,,,,
frankfurter,frankfurter,grapes,brown bread,,,,,,,
tropical fruit,soups,,,,,,,,,
brown bread,herbs,,,,,,,,,
whole milk,bottled water,,,,,,,,,
whole milk,yogurt,oil,,,,,,,,
pork,bottled beer,beef,other vegetables,chocolate,snack products,other vegetables,frozen vegetables,,,
yogurt,whole milk,,,,,,,,,
citrus fruit,candy,,,,,,,,,
citrus fruit,yogurt,,,,,,,,,
other vegetables,red/blush wine,,,,,,,,,
pastry,butter,,,,,,,,,
sausage,frozen vegetables,,,,,,,,,
bottled water,frankfurter,curd,butter milk,,,,,,,
whole milk,detergent,,,,,,,,,
nuts/prunes,margarine,,,,,,,,,
pork,canned fish,,,,,,,,,
sauces,herbs,,,,,,,,,
other vegetables,red/blush wine,,,,,,,,,
herbs,dessert,yogurt,,,,,,,,
misc. beverages,bottled beer,,,,,,,,,
whole milk,grapes,,,,,,,,,
fruit/vegetable juice,other vegetables,,,,,,,,,
citrus fruit,whole milk,,,,,,,,,
chicken,whole milk,margarine,soda,,,,,,,
other vegetables,canned fish,,,,,,,,,
ham,other vegetables,,,,,,,,,
bottled water,whole milk,citrus fruit,citrus fruit,pickled vegetables,salad dressing,,,,,
UHT-milk,whole milk,,,,,,,,,
chocolate,sliced cheese,bottled water,oil,,,,,,,
root vegetables,specialty chocolate,,,,,,,,,
frankfurter,butter milk,,,,,,,,,
hamburger meat,cat food,,,,,,,,,
grapes,misc. beverages,,,,,,,,,
fruit/vegetable juice,bottled beer,,,,,,,,,
frankfurter,other vegetables,,,,,,,,,
domestic eggs,processed cheese,whole milk,bottled water,,,,,,,
pork,brown bread,,,,,,,,,
onions,whipped/sour cream,,,,,,,,,
pip fruit,coffee,UHT-milk,,,,,,,,
pip fruit,other vegetables,,,,,,,,,
root vegetables,other vegetables,dessert,,,,,,,,
pet care,beef,,,,,,,,,
citrus fruit,rolls/buns,,,,,,,,,
beef,whole milk,,,,,,,,,
root vegetables,margarine,,,,,,,,,
pickled vegetables,soda,chewing gum,yogurt,,,,,,,
other vegetables,misc. beverages,,,,,,,,,
female sanitary products,whole milk,hygiene articles,,,,,,,,
bottled beer,whole milk,,,,,,,,,
canned beer,other vegetables,,,,,,,,,
pork,sugar,,,,,,,,,
beverages,condensed milk,,,,,,,,,
coffee,frozen potato products,,,,,,,,,
cat food,soda,,,,,,,,,
pip fruit,specialty chocolate,liquor,rolls/buns,,,,,,,
beverages,sugar,,,,,,,,,
nuts/prunes,butter,brown bread,,,,,,,,
whole milk,whole milk,whole milk,pip fruit,waffles,whole milk,coffee,chocolate,,,
butter,candy,,,,,,,,,
specialty chocolate,soft cheese,,,,,,,,,
tropical fruit,white bread,red/blush wine,,,,,,,,
turkey,white bread,,,,,,,,,
rolls/buns,domestic eggs,,,,,,,,,
fish,pot plants,coffee,,,,,,,,
tropical fruit,shopping bags,cream cheese ,pasta,,,,,,,
bottled water,coffee,,,,,,,,,
frankfurter,sliced cheese,butter,,,,,,,,
bottled beer,cat food,,,,,,,,,
tropical fruit,whole milk,soda,curd,,,,,,,
other vegetables,newspapers,,,,,,,,,
soda,white wine,,,,,,,,,
sausage,whole milk,,,,,,,,,
root vegetables,hygiene articles,,,,,,,,,
yogurt,whole milk,,,,,,,,,
meat,pastry,,,,,,,,,
white wine,waffles,,,,,,,,,
margarine,sugar,,,,,,,,,
other vegetables,whole milk,artif. sweetener,,,,,,,,
beef,citrus fruit,pastry,,,,,,,,
yogurt,root vegetables,,,,,,,,,
canned beer,detergent,cake bar,,,,,,,,
frankfurter,fruit/vegetable juice,hard cheese,whole milk,rolls/buns,,,,,,
other vegetables,cream cheese ,tropical fruit,root vegetables,specialty chocolate,,,,,,
hard cheese,waffles,misc. beverages,,,,,,,,
bottled beer,soda,,,,,,,,,
tropical fruit,soda,canned vegetables,,,,,,,,
chicken,long life bakery product,,,,,,,,,
newspapers,whole milk,waffles,,,,,,,,
domestic eggs,bottled beer,,,,,,,,,
pork,hygiene articles,,,,,,,,,
oil,bottled water,,,,,,,,,
white bread,yogurt,,,,,,,,,
canned beer,whipped/sour cream,,,,,,,,,
pastry,yogurt,,,,,,,,,
candy,soda,candy,,,,,,,,
frozen meals,sausage,canned beer,brown bread,frozen vegetables,chocolate,,,,,
other vegetables,bottled water,baking powder,,,,,,,,
softener,salt,whole milk,,,,,,,,
coffee,rolls/buns,,,,,,,,,
whole milk,pot plants,,,,,,,,,
whole milk,whole milk,,,,,,,,,
other vegetables,rolls/buns,,,,,,,,,
pastry,Instant food products,,,,,,,,,
other vegetables,specialty bar,,,,,,,,,
frozen vegetables,tropical fruit,,,,,,,,,
tropical fruit,canned beer,,,,,,,,,
berries,soda,,,,,,,,,
pip fruit,pastry,,,,,,,,,
domestic eggs,cat food,,,,,,,,,
citrus fruit,shopping bags,domestic eggs,,,,,,,,
UHT-milk,frozen meals,,,,,,,,,
shopping bags,rolls/buns,,,,,,,,,
soda,pip fruit,sugar,brown bread,,,,,,,
sausage,dessert,,,,,,,,,
root vegetables,waffles,whipped/sour cream,,,,,,,,
other vegetables,napkins,,,,,,,,,
whole milk,pork,,,,,,,,,
other vegetables,soap,,,,,,,,,
rolls/buns,root vegetables,domestic eggs,ice cream,,,,,,,
salt,tropical fruit,newspapers,,,,,,,,
coffee,liquor,,,,,,,,,
oil,bottled beer,,,,,,,,,
pork,cake bar,,,,,,,,,
frozen vegetables,sugar,,,,,,,,,
other vegetables,detergent,,,,,,,,,
canned beer,root vegetables,,,,,,,,,
yogurt,softener,,,,,,,,,
ham,hard cheese,,,,,,,,,
rolls/buns,coffee,,,,,,,,,
tropical fruit,cooking chocolate,,,,,,,,,
sausage,yogurt,,,,,,,,,
detergent,salty snack,,,,,,,,,
female sanitary products,salt,,,,,,,,,
other vegetables,margarine,,,,,,,,,
ham,onions,baking powder,,,,,,,,
meat,citrus fruit,chocolate,pastry,rolls/buns,,,,,,
whole milk,skin care,,,,,,,,,
grapes,coffee,,,,,,,,,
beverages,frozen meals,,,,,,,,,
hamburger meat,berries,liquor,cream cheese ,,,,,,,
chicken,brown bread,,,,,,,,,
root vegetables,pork,soda,coffee,pastry,,,,,,
ice cream,rolls/buns,,,,,,,,,
bottled water,rolls/buns,,,,,,,,,
soda,tropical fruit,,,,,,,,,
yogurt,zwieback,,,,,,,,,
soda,domestic eggs,,,,,,,,,
tropical fruit,cat food,,,,,,,,,
turkey,root vegetables,,,,,,,,,
beef,root vegetables,,,,,,,,,
hygiene articles,root vegetables,soda,pastry,,,,,,,
misc. beverages,citrus fruit,napkins,,,,,,,,
condensed milk,shopping bags,,,,,,,,,
other vegetables,soda,,,,,,,,,
whole milk,onions,,,,,,,,,
pickled vegetables,hygiene articles,,,,,,,,,
whole milk,whole milk,,,,,,,,,
sausage,butter,,,,,,,,,
whole milk,soda,,,,,,,,,
flower (seeds),shopping bags,,,,,,,,,
frozen vegetables,bottled water,,,,,,,,,
pastry,fruit/vegetable juice,,,,,,,,,
root vegetables,berries,brandy,,,,,,,,
beverages,oil,,,,,,,,,
whole milk,curd,,,,,,,,,
baking powder,root vegetables,,,,,,,,,
other vegetables,frankfurter,whole milk,sausage,misc. beverages,margarine,yogurt,frozen meals,cat food,,
cat food,whole milk,,,,,,,,,
soda,hygiene articles,,,,,,,,,
UHT-milk,rolls/buns,,,,,,,,,
soda,pork,,,,,,,,,
frankfurter,butter,bottled beer,,,,,,,,
whole milk,bottled beer,rolls/buns,,,,,,,,
pot plants,rolls/buns,,,,,,,,,
canned beer,rolls/buns,softener,,,,,,,,
hamburger meat,tropical fruit,bottled water,whipped/sour cream,flour,,,,,,
brown bread,liquor,,,,,,,,,
canned beer,soda,other vegetables,canned vegetables,,,,,,,
light bulbs,yogurt,,,,,,,,,
whole milk,whipped/sour cream,,,,,,,,,
beef,root vegetables,,,,,,,,,
ham,instant coffee,,,,,,,,,
frozen chicken,white wine,,,,,,,,,
UHT-milk,salty snack,,,,,,,,,
cereals,dessert,,,,,,,,,
brown bread,frozen fish,,,,,,,,,
margarine,rolls/buns,,,,,,,,,
whipped/sour cream,newspapers,,,,,,,,,
frankfurter,bottled water,,,,,,,,,
specialty bar,candy,margarine,,,,,,,,
citrus fruit,Instant food products,,,,,,,,,
napkins,popcorn,,,,,,,,,
tropical fruit,whole milk,,,,,,,,,
citrus fruit,hamburger meat,,,,,,,,,
yogurt,yogurt,other vegetables,sliced cheese,,,,,,,
dishes,sweet spreads,,,,,,,,,
whole milk,processed cheese,curd cheese,,,,,,,,
brown bread,pastry,canned beer,,,,,,,,
tropical fruit,root vegetables,,,,,,,,,
white wine,root vegetables,,,,,,,,,
onions,instant coffee,,,,,,,,,
other vegetables,rolls/buns,,,,,,,,,
ice cream,napkins,,,,,,,,,
frozen meals,canned beer,,,,,,,,,
berries,fruit/vegetable juice,,,,,,,,,
frankfurter,misc. beverages,,,,,,,,,
pork,whole milk,beverages,soda,,,,,,,
rolls/buns,soda,,,,,,,,,
pork,brown bread,fruit/vegetable juice,shopping bags,,,,,,,
liquor,bottled beer,other vegetables,,,,,,,,
UHT-milk,coffee,,,,,,,,,
canned beer,yogurt,,,,,,,,,
sausage,packaged fruit/vegetables,,,,,,,,,
salty snack,butter,,,,,,,,,
whipped/sour cream,yogurt,candy,,,,,,,,
domestic eggs,whipped/sour cream,,,,,,,,,
newspapers,curd,turkey,curd,misc. beverages,bottled beer,,,,,
other vegetables,whole milk,,,,,,,,,
citrus fruit,other vegetables,,,,,,,,,
mayonnaise,salt,bottled water,,,,,,,,
sausage,fruit/vegetable juice,,,,,,,,,
tropical fruit,cat food,,,,,,,,,
newspapers,butter,,,,,,,,,
sparkling wine,chocolate,,,,,,,,,
yogurt,yogurt,,,,,,,,,
cling film/bags,ham,,,,,,,,,
tropical fruit,grapes,sugar,,,,,,,,
tropical fruit,meat,hard cheese,jam,,,,,,,
butter,margarine,,,,,,,,,
whipped/sour cream,pot plants,,,,,,,,,
white wine,newspapers,dog food,,,,,,,,
root vegetables,whipped/sour cream,rolls/buns,rolls/buns,,,,,,,
whole milk,berries,yogurt,,,,,,,,
pip fruit,canned vegetables,,,,,,,,,
frankfurter,whole milk,hamburger meat,white bread,,,,,,,
other vegetables,frozen vegetables,,,,,,,,,
tropical fruit,soda,whipped/sour cream,,,,,,,,
citrus fruit,white wine,,,,,,,,,
whole milk,margarine,,,,,,,,,
tropical fruit,grapes,chocolate marshmallow,yogurt,red/blush wine,brown bread,,,,,
pork,sweet spreads,,,,,,,,,
misc. beverages,dessert,spread cheese,onions,coffee,,,,,,
sliced cheese,rolls/buns,rolls/buns,,,,,,,,
tropical fruit,citrus fruit,newspapers,,,,,,,,
finished products,popcorn,,,,,,,,,
bottled water,bottled beer,,,,,,,,,
soda,pip fruit,,,,,,,,,
berries,condensed milk,,,,,,,,,
root vegetables,other vegetables,,,,,,,,,
whipped/sour cream,soda,,,,,,,,,
tropical fruit,chewing gum,,,,,,,,,
sausage,yogurt,,,,,,,,,
whole milk,salty snack,,,,,,,,,
beverages,whole milk,onions,,,,,,,,
pip fruit,onions,,,,,,,,,
soda,newspapers,,,,,,,,,
liver loaf,pip fruit,,,,,,,,,
citrus fruit,yogurt,soda,,,,,,,,
domestic eggs,softener,,,,,,,,,
citrus fruit,brown bread,cat food,,,,,,,,
roll products ,soda,other vegetables,,,,,,,,
root vegetables,rice,,,,,,,,,
root vegetables,yogurt,butter,yogurt,,,,,,,
grapes,detergent,,,,,,,,,
curd,yogurt,,,,,,,,,
soda,sliced cheese,,,,,,,,,
brown bread,sausage,rolls/buns,bottled water,,,,,,,
newspapers,soft cheese,,,,,,,,,
other vegetables,red/blush wine,,,,,,,,,
soda,butter,other vegetables,margarine,,,,,,,
pip fruit,onions,frozen fish,meat,semi-finished bread,root vegetables,bottled water,whipped/sour cream,,,
butter,frozen meals,,,,,,,,,
condensed milk,other vegetables,,,,,,,,,
chicken,frankfurter,other vegetables,domestic eggs,,,,,,,
beverages,waffles,specialty chocolate,,,,,,,,
soda,fruit/vegetable juice,,,,,,,,,
tropical fruit,sugar,,,,,,,,,
yogurt,root vegetables,,,,,,,,,
frozen vegetables,dessert,,,,,,,,,
hamburger meat,other vegetables,,,,,,,,,
bottled water,shopping bags,,,,,,,,,
fruit/vegetable juice,hard cheese,,,,,,,,,
other vegetables,cream cheese ,,,,,,,,,
turkey,flour,,,,,,,,,
other vegetables,whole milk,,,,,,,,,
sausage,pet care,,,,,,,,,
soda,whole milk,,,,,,,,,
rolls/buns,bottled water,bottled water,,,,,,,,
whole milk,long life bakery product,,,,,,,,,
hamburger meat,pip fruit,,,,,,,,,
beef,soft cheese,,,,,,,,,
meat,rolls/buns,,,,,,,,,
citrus fruit,liquor,white bread,,,,,,,,
tropical fruit,white wine,oil,,,,,,,,
candy,domestic eggs,,,,,,,,,
spread cheese,chocolate marshmallow,,,,,,,,,
citrus fruit,onions,,,,,,,,,
coffee,berries,grapes,cream cheese ,cat food,,,,,,
shopping bags,margarine,,,,,,,,,
jam,brown bread,yogurt,,,,,,,,
tropical fruit,dessert,,,,,,,,,
butter milk,root vegetables,,,,,,,,,
citrus fruit,rolls/buns,pastry,,,,,,,,
whole milk,newspapers,hygiene articles,,,,,,,,
whole milk,herbs,rolls/buns,cake bar,,,,,,,
grapes,bottled water,,,,,,,,,
bottled water,oil,sausage,bottled beer,rolls/buns,bottled water,waffles,tropical fruit,frozen meals,,
citrus fruit,onions,,,,,,,,,
oil,whole milk,,,,,,,,,
citrus fruit,root vegetables,,,,,,,,,
tropical fruit,root vegetables,detergent,,,,,,,,
cream cheese ,yogurt,whipped/sour cream,,,,,,,,
soda,spread cheese,,,,,,,,,
hard cheese,processed cheese,,,,,,,,,
other vegetables,butter milk,,,,,,,,,
newspapers,whole milk,,,,,,,,,
yogurt,shopping bags,,,,,,,,,
dishes,butter milk,,,,,,,,,
white bread,shopping bags,,,,,,,,,
rolls/buns,candy,white bread,,,,,,,,
zwieback,brown bread,,,,,,,,,
root vegetables,sliced cheese,newspapers,shopping bags,,,,,,,
pip fruit,newspapers,,,,,,,,,
yogurt,long life bakery product,,,,,,,,,
whole milk,hamburger meat,detergent,pickled vegetables,,,,,,,
root vegetables,margarine,bottled water,,,,,,,,
onions,whole milk,,,,,,,,,
rolls/buns,canned beer,brown bread,dessert,,,,,,,
whole milk,whipped/sour cream,,,,,,,,,
soda,chocolate marshmallow,fruit/vegetable juice,,,,,,,,
chicken,onions,,,,,,,,,
soda,liquor (appetizer),,,,,,,,,
soda,yogurt,,,,,,,,,
sausage,pip fruit,chocolate,,,,,,,,
coffee,beef,dishes,brown bread,pastry,,,,,,
yogurt,newspapers,,,,,,,,,
whole milk,bottled water,coffee,,,,,,,,
meat,fish,meat spreads,abrasive cleaner,margarine,,,,,,
bottled water,bottled water,,,,,,,,,
UHT-milk,other vegetables,dishes,,,,,,,,
sausage,flower (seeds),,,,,,,,,
misc. beverages,coffee,,,,,,,,,
dessert,flower (seeds),,,,,,,,,
citrus fruit,cat food,,,,,,,,,
salty snack,butter,,,,,,,,,
ice cream,whole milk,,,,,,,,,
sugar,bottled water,,,,,,,,,
root vegetables,newspapers,,,,,,,,,
frankfurter,pip fruit,rolls/buns,onions,,,,,,,
pastry,sugar,,,,,,,,,
soda,cream cheese ,,,,,,,,,
yogurt,brown bread,,,,,,,,,
pork,hamburger meat,,,,,,,,,
whole milk,whole milk,,,,,,,,,
root vegetables,herbs,,,,,,,,,
bottled beer,soups,detergent,,,,,,,,
pet care,pastry,red/blush wine,,,,,,,,
canned beer,root vegetables,hard cheese,specialty cheese,,,,,,,
domestic eggs,sugar,,,,,,,,,
citrus fruit,pork,napkins,domestic eggs,,,,,,,
pork,other vegetables,,,,,,,,,
brown bread,white wine,,,,,,,,,
frozen fish,rolls/buns,,,,,,,,,
onions,coffee,,,,,,,,,
rolls/buns,newspapers,,,,,,,,,
whipped/sour cream,other vegetables,honey,,,,,,,,
hamburger meat,newspapers,,,,,,,,,
cream cheese ,UHT-milk,,,,,,,,,
rolls/buns,white wine,,,,,,,,,
other vegetables,whole milk,,,,,,,,,
other vegetables,misc. beverages,root vegetables,curd,dessert,,,,,,
curd,UHT-milk,,,,,,,,,
bottled beer,domestic eggs,brown bread,chewing gum,,,,,,,
yogurt,rolls/buns,,,,,,,,,
whole milk,bottled water,,,,,,,,,
whole milk,flour,,,,,,,,,
frozen fish,whole milk,,,,,,,,,
root vegetables,curd,waffles,,,,,,,,
bottled beer,frozen meals,,,,,,,,,
butter,dessert,,,,,,,,,
ham,fruit/vegetable juice,chocolate,,,,,,,,
yogurt,yogurt,,,,,,,,,
yogurt,roll products ,fruit/vegetable juice,,,,,,,,
whole milk,ice cream,turkey,artif. sweetener,,,,,,,
tropical fruit,yogurt,,,,,,,,,
beef,condensed milk,,,,,,,,,
citrus fruit,frankfurter,coffee,UHT-milk,candy,fruit/vegetable juice,,,,,
butter,fruit/vegetable juice,,,,,,,,,
herbs,yogurt,prosecco,,,,,,,,
pork,pet care,margarine,,,,,,,,
brown bread,brown bread,,,,,,,,,
yogurt,other vegetables,,,,,,,,,
brown bread,butter milk,oil,frozen meals,,,,,,,
pork,bottled water,,,,,,,,,
canned beer,ready soups,,,,,,,,,
other vegetables,other vegetables,,,,,,,,,
frankfurter,brown bread,,,,,,,,,
sausage,tropical fruit,bottled beer,fruit/vegetable juice,,,,,,,
seasonal products,rolls/buns,,,,,,,,,
tropical fruit,root vegetables,,,,,,,,,
bottled beer,yogurt,,,,,,,,,
curd,dessert,,,,,,,,,
turkey,UHT-milk,,,,,,,,,
butter milk,zwieback,pot plants,,,,,,,,
root vegetables,sweet spreads,,,,,,,,,
seasonal products,shopping bags,,,,,,,,,
beef,other vegetables,whole milk,soda,,,,,,,
meat,canned beer,,,,,,,,,
meat,onions,misc. beverages,,,,,,,,
tropical fruit,grapes,,,,,,,,,
citrus fruit,citrus fruit,whole milk,newspapers,detergent,yogurt,salty snack,,,,
bottled beer,whole milk,,,,,,,,,
specialty chocolate,pastry,,,,,,,,,
ice cream,herbs,,,,,,,,,
dessert,whole milk,,,,,,,,,
butter,citrus fruit,,,,,,,,,
pork,domestic eggs,,,,,,,,,
citrus fruit,other vegetables,,,,,,,,,
sausage,curd,,,,,,,,,
whole milk,white bread,,,,,,,,,
kitchen towels,rolls/buns,,,,,,,,,
yogurt,yogurt,cream cheese ,,,,,,,,
soda,salty snack,candy,,,,,,,,
chocolate,hard cheese,,,,,,,,,
whole milk,sliced cheese,,,,,,,,,
whipped/sour cream,shopping bags,,,,,,,,,
beef,white bread,,,,,,,,,
napkins,soda,,,,,,,,,
citrus fruit,soda,white bread,,,,,,,,
beverages,other vegetables,,,,,,,,,
soda,semi-finished bread,coffee,,,,,,,,
roll products ,whole milk,tropical fruit,rolls/buns,rolls/buns,,,,,,
UHT-milk,berries,,,,,,,,,
photo/film,bottled water,,,,,,,,,
soda,other vegetables,white bread,,,,,,,,
frankfurter,soda,,,,,,,,,
root vegetables,soda,hygiene articles,,,,,,,,
soda,beef,,,,,,,,,
yogurt,root vegetables,oil,,,,,,,,
prosecco,rolls/buns,specialty chocolate,white bread,,,,,,,
other vegetables,fruit/vegetable juice,,,,,,,,,
bottled water,liquor (appetizer),,,,,,,,,
canned beer,other vegetables,dessert,pastry,,,,,,,
soda,soda,domestic eggs,,,,,,,,
bottled water,other vegetables,vinegar,,,,,,,,
rolls/buns,semi-finished bread,fruit/vegetable juice,,,,,,,,
root vegetables,dessert,,,,,,,,,
bottled beer,whole milk,,,,,,,,,
tropical fruit,pip fruit,rolls/buns,,,,,,,,
citrus fruit,pastry,,,,,,,,,
canned beer,dental care,,,,,,,,,
frankfurter,other vegetables,,,,,,,,,
root vegetables,whole milk,,,,,,,,,
pork,shopping bags,,,,,,,,,
beef,butter,chocolate,frozen meals,napkins,margarine,,,,,
berries,domestic eggs,,,,,,,,,
sausage,pastry,dish cleaner,,,,,,,,
tropical fruit,white bread,,,,,,,,,
whole milk,beef,,,,,,,,,
chocolate,other vegetables,chocolate,pip fruit,bottled water,yogurt,pasta,shopping bags,,,
chocolate,whipped/sour cream,,,,,,,,,
chicken,whole milk,butter,soda,,,,,,,
tropical fruit,hard cheese,,,,,,,,,
UHT-milk,bottled water,,,,,,,,,
ham,onions,,,,,,,,,
frankfurter,sausage,whole milk,domestic eggs,fruit/vegetable juice,,,,,,
sliced cheese,pasta,,,,,,,,,
beef,canned beer,fruit/vegetable juice,,,,,,,,
tropical fruit,rolls/buns,zwieback,,,,,,,,
soda,brown bread,,,,,,,,,
dog food,sausage,dessert,shopping bags,,,,,,,
bottled water,soda,,,,,,,,,
bottled beer,napkins,whole milk,,,,,,,,
cream cheese ,UHT-milk,,,,,,,,,
tropical fruit,waffles,,,,,,,,,
root vegetables,rolls/buns,,,,,,,,,
spices,cat food,seasonal products,,,,,,,,
yogurt,berries,,,,,,,,,
tropical fruit,soda,yogurt,root vegetables,yogurt,domestic eggs,white wine,photo/film,,,
whipped/sour cream,grapes,yogurt,spread cheese,,,,,,,
bottled water,onions,root vegetables,grapes,,,,,,,
berries,newspapers,frozen fish,,,,,,,,
brown bread,root vegetables,,,,,,,,,
other vegetables,roll products ,,,,,,,,,
sausage,sausage,tropical fruit,pip fruit,,,,,,,
yogurt,yogurt,,,,,,,,,
sausage,napkins,,,,,,,,,
rolls/buns,whole milk,,,,,,,,,
sausage,curd,bottled water,frozen meals,,,,,,,
rolls/buns,abrasive cleaner,,,,,,,,,
pip fruit,other vegetables,,,,,,,,,
sausage,white wine,hygiene articles,,,,,,,,
pork,pastry,,,,,,,,,
root vegetables,tropical fruit,,,,,,,,,
specialty chocolate,yogurt,hard cheese,pastry,,,,,,,
citrus fruit,sausage,rolls/buns,frozen potato products,,,,,,,
chicken,whole milk,newspapers,,,,,,,,
citrus fruit,pastry,candy,softener,,,,,,,
domestic eggs,curd,,,,,,,,,
pork,canned fish,zwieback,frozen vegetables,,,,,,,
whole milk,whole milk,,,,,,,,,
sausage,citrus fruit,red/blush wine,frozen vegetables,cream,,,,,,
onions,specialty cheese,canned fish,,,,,,,,
whole milk,soda,,,,,,,,,
hamburger meat,root vegetables,seasonal products,shopping bags,,,,,,,
pork,coffee,margarine,,,,,,,,
whipped/sour cream,bottled beer,,,,,,,,,
bottled water,fruit/vegetable juice,,,,,,,,,
frozen vegetables,coffee,,,,,,,,,
tropical fruit,long life bakery product,,,,,,,,,
whole milk,whole milk,,,,,,,,,
beef,soda,,,,,,,,,
whole milk,bottled water,whole milk,,,,,,,,
sausage,citrus fruit,,,,,,,,,
citrus fruit,jam,,,,,,,,,
long life bakery product,chocolate,,,,,,,,,
curd,other vegetables,,,,,,,,,
soda,rolls/buns,,,,,,,,,
curd,whipped/sour cream,,,,,,,,,
whipped/sour cream,other vegetables,,,,,,,,,
sugar,whole milk,,,,,,,,,
citrus fruit,chocolate,,,,,,,,,
fruit/vegetable juice,roll products ,,,,,,,,,
other vegetables,sliced cheese,,,,,,,,,
other vegetables,dessert,,,,,,,,,
frozen fish,white bread,,,,,,,,,
frankfurter,whole milk,,,,,,,,,
frozen vegetables,margarine,,,,,,,,,
pork,male cosmetics,pastry,chewing gum,brandy,,,,,,
yogurt,bottled beer,rolls/buns,yogurt,sugar,,,,,,
sliced cheese,other vegetables,,,,,,,,,
finished products,other vegetables,,,,,,,,,
pot plants,herbs,,,,,,,,,
root vegetables,root vegetables,frozen vegetables,,,,,,,,
whole milk,rolls/buns,,,,,,,,,
specialty chocolate,bottled water,,,,,,,,,
frankfurter,dog food,,,,,,,,,
tropical fruit,coffee,,,,,,,,,
bottled water,herbs,,,,,,,,,
specialty bar,whole milk,cling film/bags,,,,,,,,
chewing gum,cream cheese ,,,,,,,,,
onions,chocolate,,,,,,,,,
pastry,whole milk,,,,,,,,,
yogurt,napkins,,,,,,,,,
berries,herbs,,,,,,,,,
pet care,other vegetables,,,,,,,,,
other vegetables,yogurt,,,,,,,,,
domestic eggs,root vegetables,,,,,,,,,
butter,seasonal products,fruit/vegetable juice,,,,,,,,
frozen vegetables,misc. beverages,,,,,,,,,
tropical fruit,other vegetables,,,,,,,,,
rolls/buns,white bread,,,,,,,,,
seasonal products,white bread,,,,,,,,,
ice cream,yogurt,,,,,,,,,
soda,bottled water,whipped/sour cream,,,,,,,,
tropical fruit,whole milk,,,,,,,,,
hamburger meat,bottled water,,,,,,,,,
seasonal products,oil,liquor (appetizer),cookware,,,,,,,
brown bread,UHT-milk,beef,red/blush wine,brown bread,rolls/buns,pickled vegetables,,,,
sausage,packaged fruit/vegetables,,,,,,,,,
roll products ,toilet cleaner,,,,,,,,,
whole milk,UHT-milk,,,,,,,,,
other vegetables,whole milk,,,,,,,,,
whole milk,sugar,,,,,,,,,
bottled water,sugar,candy,,,,,,,,
dessert,spread cheese,,,,,,,,,
bottled beer,bottled beer,,,,,,,,,
ketchup,hard cheese,rolls/buns,,,,,,,,
chicken,pip fruit,,,,,,,,,
citrus fruit,whole milk,,,,,,,,,
finished products,bottled beer,,,,,,,,,
soda,root vegetables,semi-finished bread,,,,,,,,
citrus fruit,dessert,,,,,,,,,
citrus fruit,pork,pip fruit,yogurt,brown bread,male cosmetics,,,,,
yogurt,bottled beer,napkins,,,,,,,,
specialty bar,shopping bags,pasta,,,,,,,,
citrus fruit,rolls/buns,,,,,,,,,
root vegetables,hard cheese,margarine,yogurt,,,,,,,
pickled vegetables,whole milk,,,,,,,,,
rolls/buns,candy,,,,,,,,,
rolls/buns,pet care,,,,,,,,,
dog food,curd,,,,,,,,,
yogurt,baking powder,,,,,,,,,
soda,chocolate,,,,,,,,,
sausage,other vegetables,,,,,,,,,
other vegetables,rolls/buns,,,,,,,,,
herbs,citrus fruit,,,,,,,,,
pip fruit,whole milk,napkins,,,,,,,,
meat,whole milk,,,,,,,,,
pip fruit,rolls/buns,,,,,,,,,
root vegetables,newspapers,dishes,,,,,,,,
yogurt,white wine,,,,,,,,,
domestic eggs,dessert,,,,,,,,,
hamburger meat,salt,,,,,,,,,
citrus fruit,ham,canned beer,frozen vegetables,tropical fruit,other vegetables,yogurt,whole milk,onions,,
root vegetables,cream cheese ,,,,,,,,,
canned beer,cream cheese ,,,,,,,,,
whole milk,curd,bottled beer,,,,,,,,
frozen potato products,rolls/buns,,,,,,,,,
canned beer,whole milk,other vegetables,,,,,,,,
whipped/sour cream,canned fish,,,,,,,,,
pickled vegetables,soda,,,,,,,,,
rolls/buns,rolls/buns,,,,,,,,,
root vegetables,whole milk,,,,,,,,,
meat,coffee,,,,,,,,,
whole milk,hair spray,butter,pastry,,,,,,,
whipped/sour cream,white bread,,,,,,,,,
processed cheese,waffles,,,,,,,,,
margarine,whole milk,white bread,,,,,,,,
frankfurter,domestic eggs,,,,,,,,,
oil,hard cheese,,,,,,,,,
pip fruit,waffles,cat food,,,,,,,,
tropical fruit,fruit/vegetable juice,,,,,,,,,
sugar,napkins,,,,,,,,,
citrus fruit,white bread,,,,,,,,,
whole milk,specialty chocolate,,,,,,,,,
rolls/buns,fruit/vegetable juice,,,,,,,,,
pork,rolls/buns,specialty bar,hygiene articles,,,,,,,
frankfurter,rolls/buns,,,,,,,,,
whole milk,newspapers,,,,,,,,,
other vegetables,salt,,,,,,,,,
misc. beverages,curd,,,,,,,,,
meat,white bread,,,,,,,,,
whole milk,brown bread,,,,,,,,,
sausage,soda,,,,,,,,,
root vegetables,salty snack,whipped/sour cream,,,,,,,,
tropical fruit,yogurt,,,,,,,,,
rolls/buns,baking powder,,,,,,,,,
root vegetables,root vegetables,,,,,,,,,
sausage,rolls/buns,,,,,,,,,
other vegetables,sliced cheese,,,,,,,,,
frozen vegetables,frozen vegetables,,,,,,,,,
photo/film,frozen potato products,,,,,,,,,
citrus fruit,butter,UHT-milk,,,,,,,,
female sanitary products,margarine,,,,,,,,,
pasta,tropical fruit,,,,,,,,,
chicken,butter milk,,,,,,,,,
root vegetables,baking powder,,,,,,,,,
coffee,bottled water,,,,,,,,,
ice cream,oil,,,,,,,,,
root vegetables,frozen fish,,,,,,,,,
fruit/vegetable juice,pastry,,,,,,,,,
pastry,domestic eggs,napkins,,,,,,,,
pip fruit,pot plants,,,,,,,,,
beef,semi-finished bread,,,,,,,,,
beef,other vegetables,,,,,,,,,
hamburger meat,tropical fruit,soda,,,,,,,,
rolls/buns,other vegetables,chewing gum,,,,,,,,
hard cheese,bottled water,,,,,,,,,
other vegetables,butter,,,,,,,,,
whole milk,domestic eggs,,,,,,,,,
pastry,sliced cheese,,,,,,,,,
pip fruit,fruit/vegetable juice,,,,,,,,,
soda,semi-finished bread,,,,,,,,,
tropical fruit,cat food,,,,,,,,,
root vegetables,coffee,,,,,,,,,
soda,frozen fish,rolls/buns,,,,,,,,
rolls/buns,canned fish,chocolate,,,,,,,,
rolls/buns,hard cheese,,,,,,,,,
whole milk,chocolate marshmallow,,,,,,,,,
packaged fruit/vegetables,bottled beer,,,,,,,,,
soda,other vegetables,frozen vegetables,,,,,,,,
whole milk,domestic eggs,,,,,,,,,
berries,rolls/buns,pastry,,,,,,,,
other vegetables,whole milk,,,,,,,,,
canned beer,beverages,specialty bar,other vegetables,make up remover,specialty chocolate,curd,,,,
dish cleaner,whole milk,frozen vegetables,waffles,,,,,,,
specialty chocolate,soda,chocolate,,,,,,,,
bottled beer,whipped/sour cream,,,,,,,,,
beverages,coffee,,,,,,,,,
bottled beer,bottled water,,,,,,,,,
beef,spread cheese,bottled water,waffles,,,,,,,
berries,brown bread,,,,,,,,,
sugar,butter milk,photo/film,,,,,,,,
chewing gum,UHT-milk,,,,,,,,,
yogurt,rolls/buns,,,,,,,,,
pork,whole milk,,,,,,,,,
pork,whipped/sour cream,,,,,,,,,
canned beer,other vegetables,,,,,,,,,
organic sausage,specialty chocolate,,,,,,,,,
root vegetables,instant coffee,,,,,,,,,
soda,pastry,rolls/buns,,,,,,,,
other vegetables,long life bakery product,,,,,,,,,
dessert,butter milk,,,,,,,,,
whipped/sour cream,meat spreads,,,,,,,,,
sugar,fruit/vegetable juice,margarine,,,,,,,,
mayonnaise,bottled beer,rolls/buns,specialty fat,,,,,,,
whole milk,cat food,,,,,,,,,
butter milk,citrus fruit,,,,,,,,,
root vegetables,onions,,,,,,,,,
yogurt,frozen potato products,,,,,,,,,
hygiene articles,skin care,,,,,,,,,
bottled water,root vegetables,rolls/buns,whole milk,coffee,,,,,,
ham,bottled beer,,,,,,,,,
sausage,whisky,specialty chocolate,dishes,yogurt,napkins,detergent,pastry,,,
brown bread,rolls/buns,,,,,,,,,
liver loaf,citrus fruit,,,,,,,,,
frankfurter,beef,,,,,,,,,
curd,chocolate,,,,,,,,,
soda,curd,,,,,,,,,
whole milk,rolls/buns,,,,,,,,,
cream cheese ,soda,,,,,,,,,
ham,pastry,,,,,,,,,
berries,other vegetables,,,,,,,,,
soda,curd,rolls/buns,,,,,,,,
specialty chocolate,vinegar,,,,,,,,,
root vegetables,tropical fruit,bottled water,white bread,processed cheese,yogurt,beverages,,,,
canned fruit,whole milk,,,,,,,,,
pastry,hard cheese,,,,,,,,,
pip fruit,shopping bags,,,,,,,,,
onions,pastry,,,,,,,,,
tropical fruit,dishes,,,,,,,,,
cream cheese ,frozen vegetables,,,,,,,,,
frozen vegetables,rolls/buns,curd cheese,,,,,,,,
beef,white wine,,,,,,,,,
frozen meals,onions,frozen vegetables,,,,,,,,
tropical fruit,pastry,,,,,,,,,
other vegetables,candy,,,,,,,,,
sausage,grapes,,,,,,,,,
pork,rolls/buns,,,,,,,,,
whipped/sour cream,oil,,,,,,,,,
yogurt,rolls/buns,,,,,,,,,
tropical fruit,UHT-milk,,,,,,,,,
pork,bottled beer,flour,,,,,,,,
cream cheese ,rolls/buns,,,,,,,,,
whole milk,frankfurter,domestic eggs,flour,,,,,,,
citrus fruit,waffles,,,,,,,,,
berries,coffee,,,,,,,,,
bottled water,newspapers,specialty bar,bottled water,,,,,,,
misc. beverages,other vegetables,,,,,,,,,
whole milk,newspapers,whole milk,rolls/buns,,,,,,,
sauces,frozen vegetables,,,,,,,,,
other vegetables,dessert,,,,,,,,,
waffles,spread cheese,,,,,,,,,
hamburger meat,detergent,flour,,,,,,,,
sugar,bottled beer,packaged fruit/vegetables,bottled water,,,,,,,
frankfurter,other vegetables,,,,,,,,,
domestic eggs,waffles,,,,,,,,,
pork,root vegetables,,,,,,,,,
beverages,hamburger meat,other vegetables,canned beer,,,,,,,
whipped/sour cream,shopping bags,pasta,,,,,,,,
citrus fruit,canned beer,rolls/buns,whole milk,,,,,,,
white wine,sugar,,,,,,,,,
bottled water,domestic eggs,,,,,,,,,
onions,dish cleaner,,,,,,,,,
pip fruit,soda,jam,,,,,,,,
pip fruit,white bread,margarine,baking powder,,,,,,,
chocolate marshmallow,yogurt,detergent,,,,,,,,
chocolate marshmallow,bottled water,,,,,,,,,
root vegetables,hygiene articles,soda,,,,,,,,
canned beer,citrus fruit,,,,,,,,,
cling film/bags,fruit/vegetable juice,,,,,,,,,
tropical fruit,other vegetables,,,,,,,,,
other vegetables,margarine,soda,salty snack,,,,,,,
frankfurter,frankfurter,whole milk,canned fish,,,,,,,
chicken,male cosmetics,,,,,,,,,
onions,curd,,,,,,,,,
ice cream,bottled beer,,,,,,,,,
detergent,candy,,,,,,,,,
soda,beverages,,,,,,,,,
chicken,soda,,,,,,,,,
hamburger meat,bottled beer,domestic eggs,,,,,,,,
butter,whipped/sour cream,,,,,,,,,
sausage,pickled vegetables,,,,,,,,,
mustard,fruit/vegetable juice,,,,,,,,,
other vegetables,yogurt,,,,,,,,,
tropical fruit,napkins,whole milk,,,,,,,,
beef,chicken,,,,,,,,,
curd,chocolate marshmallow,,,,,,,,,
cleaner,curd,,,,,,,,,
dessert,margarine,,,,,,,,,
frankfurter,soft cheese,mustard,,,,,,,,
root vegetables,rolls/buns,,,,,,,,,
whole milk,chicken,curd,rolls/buns,cereals,bottled water,,,,,
sausage,bottled water,,,,,,,,,
frozen dessert,flower (seeds),,,,,,,,,
chicken,misc. beverages,,,,,,,,,
root vegetables,whole milk,napkins,,,,,,,,
specialty chocolate,butter milk,,,,,,,,,
whipped/sour cream,rolls/buns,,,,,,,,,
root vegetables,cream cheese ,,,,,,,,,
rolls/buns,whole milk,,,,,,,,,
misc. beverages,instant coffee,soda,tropical fruit,cling film/bags,,,,,,
rolls/buns,soda,,,,,,,,,
sausage,house keeping products,,,,,,,,,
chicken,root vegetables,,,,,,,,,
pork,soda,,,,,,,,,
sugar,curd,,,,,,,,,
misc. beverages,white bread,,,,,,,,,
frankfurter,other vegetables,,,,,,,,,
hamburger meat,rolls/buns,,,,,,,,,
other vegetables,soda,,,,,,,,,
yogurt,chocolate,,,,,,,,,
bottled water,brown bread,,,,,,,,,
fruit/vegetable juice,detergent,,,,,,,,,
whole milk,soda,,,,,,,,,
yogurt,yogurt,bags,,,,,,,,
canned beer,brown bread,napkins,,,,,,,,
other vegetables,hygiene articles,,,,,,,,,
whole milk,root vegetables,soda,,,,,,,,
beverages,bottled water,,,,,,,,,
brown bread,dessert,,,,,,,,,
yogurt,misc. beverages,brown bread,napkins,,,,,,,
ham,yogurt,hard cheese,rolls/buns,,,,,,,
hamburger meat,rolls/buns,,,,,,,,,
sausage,coffee,female sanitary products,,,,,,,,
chicken,UHT-milk,,,,,,,,,
sausage,Instant food products,,,,,,,,,
whole milk,pasta,rolls/buns,,,,,,,,
frankfurter,tropical fruit,,,,,,,,,
dessert,other vegetables,whipped/sour cream,,,,,,,,
dish cleaner,coffee,,,,,,,,,
long life bakery product,butter milk,,,,,,,,,
sausage,whole milk,pastry,whole milk,,,,,,,
whipped/sour cream,sparkling wine,bottled beer,,,,,,,,
butter,dish cleaner,light bulbs,,,,,,,,
butter,pastry,other vegetables,other vegetables,,,,,,,
whole milk,hard cheese,white bread,,,,,,,,
candles,other vegetables,,,,,,,,,
candy,curd,,,,,,,,,
chocolate,whole milk,,,,,,,,,
frankfurter,yogurt,,,,,,,,,
pastry,soda,,,,,,,,,
citrus fruit,other vegetables,dessert,bottled beer,,,,,,,
whipped/sour cream,soda,,,,,,,,,
rolls/buns,whipped/sour cream,,,,,,,,,
whole milk,butter,,,,,,,,,
whole milk,bathroom cleaner,,,,,,,,,
whole milk,fish,other vegetables,soda,,,,,,,
frankfurter,yogurt,cat food,,,,,,,,
beef,packaged fruit/vegetables,,,,,,,,,
pork,pickled vegetables,,,,,,,,,
canned beer,canned fish,,,,,,,,,
soap,candy,,,,,,,,,
finished products,rolls/buns,,,,,,,,,
other vegetables,UHT-milk,,,,,,,,,
dessert,pastry,,,,,,,,,
other vegetables,hygiene articles,,,,,,,,,
chewing gum,yogurt,,,,,,,,,
female sanitary products,rolls/buns,,,,,,,,,
pip fruit,butter,soda,,,,,,,,
butter milk,sliced cheese,rolls/buns,,,,,,,,
shopping bags,whole milk,domestic eggs,,,,,,,,
flower (seeds),whipped/sour cream,specialty chocolate,bottled water,,,,,,,
tropical fruit,yogurt,,,,,,,,,
whole milk,rolls/buns,,,,,,,,,
citrus fruit,misc. beverages,,,,,,,,,
frankfurter,sausage,packaged fruit/vegetables,yogurt,bottled beer,shopping bags,,,,,
tropical fruit,other vegetables,butter,rolls/buns,coffee,pastry,,,,,
root vegetables,waffles,whipped/sour cream,,,,,,,,
salty snack,white bread,,,,,,,,,
canned fish,root vegetables,,,,,,,,,
frozen fish,pastry,,,,,,,,,
bottled beer,yogurt,,,,,,,,,
other vegetables,root vegetables,,,,,,,,,
curd,newspapers,,,,,,,,,
pastry,dish cleaner,,,,,,,,,
brown bread,whole milk,light bulbs,,,,,,,,
bottled beer,dessert,cling film/bags,,,,,,,,
canned beer,misc. beverages,,,,,,,,,
pork,tropical fruit,,,,,,,,,
other vegetables,whole milk,,,,,,,,,
UHT-milk,whipped/sour cream,,,,,,,,,
other vegetables,ice cream,,,,,,,,,
whipped/sour cream,toilet cleaner,,,,,,,,,
whole milk,hard cheese,,,,,,,,,
red/blush wine,frozen meals,canned fruit,,,,,,,,
soda,candles,rolls/buns,,,,,,,,
UHT-milk,curd,flower (seeds),,,,,,,,
tropical fruit,tropical fruit,,,,,,,,,
hamburger meat,frozen vegetables,,,,,,,,,
soda,tropical fruit,,,,,,,,,
root vegetables,whole milk,,,,,,,,,
brown bread,fruit/vegetable juice,,,,,,,,,
whole milk,chocolate,roll products ,,,,,,,,
sauces,rolls/buns,,,,,,,,,
yogurt,long life bakery product,newspapers,,,,,,,,
napkins,coffee,,,,,,,,,
canned beer,liquor,,,,,,,,,
meat spreads,sliced cheese,,,,,,,,,
whole milk,bottled water,,,,,,,,,
pastry,other vegetables,,,,,,,,,
UHT-milk,bottled beer,domestic eggs,rolls/buns,,,,,,,
sausage,other vegetables,oil,candy,,,,,,,
rolls/buns,semi-finished bread,,,,,,,,,
frankfurter,curd,specialty cheese,,,,,,,,
whole milk,root vegetables,,,,,,,,,
tropical fruit,soda,,,,,,,,,
citrus fruit,pip fruit,ketchup,roll products ,seasonal products,hard cheese,dog food,,,,
whole milk,frozen fish,,,,,,,,,
sugar,coffee,cream cheese ,bottled water,,,,,,,
beef,canned beer,margarine,,,,,,,,
soda,bottled water,,,,,,,,,
waffles,butter milk,domestic eggs,,,,,,,,
bottled water,frozen dessert,root vegetables,,,,,,,,
pip fruit,other vegetables,bottled water,,,,,,,,
domestic eggs,bottled beer,,,,,,,,,
soda,rolls/buns,napkins,salt,,,,,,,
meat,other vegetables,,,,,,,,,
hamburger meat,organic sausage,,,,,,,,,
margarine,root vegetables,,,,,,,,,
citrus fruit,yogurt,,,,,,,,,
whipped/sour cream,fruit/vegetable juice,,,,,,,,,
meat,cling film/bags,curd,,,,,,,,
bottled water,frozen potato products,,,,,,,,,
female sanitary products,pot plants,,,,,,,,,
frankfurter,baking powder,shopping bags,,,,,,,,
shopping bags,whole milk,,,,,,,,,
cream cheese ,bottled water,,,,,,,,,
ham,spread cheese,,,,,,,,,
pastry,brown bread,,,,,,,,,
other vegetables,whole milk,candy,,,,,,,,
white bread,photo/film,,,,,,,,,
oil,herbs,,,,,,,,,
frankfurter,soda,whole milk,whole milk,flour,,,,,,
frankfurter,whole milk,rolls/buns,,,,,,,,
meat,condensed milk,,,,,,,,,
Instant food products,pip fruit,,,,,,,,,
tropical fruit,specialty bar,,,,,,,,,
pastry,red/blush wine,,,,,,,,,
whole milk,canned vegetables,,,,,,,,,
pet care,pastry,,,,,,,,,
other vegetables,citrus fruit,whole milk,frankfurter,zwieback,other vegetables,domestic eggs,brown bread,sugar,,
pork,liver loaf,canned beer,whole milk,,,,,,,
citrus fruit,other vegetables,fruit/vegetable juice,specialty bar,canned beer,,,,,,
other vegetables,whole milk,,,,,,,,,
other vegetables,soda,,,,,,,,,
other vegetables,yogurt,,,,,,,,,
pip fruit,soda,,,,,,,,,
whole milk,other vegetables,,,,,,,,,
sausage,sausage,chicken,chewing gum,newspapers,bottled water,pastry,yogurt,,,
cereals,sugar,,,,,,,,,
other vegetables,bottled water,,,,,,,,,
bottled beer,beverages,hard cheese,fruit/vegetable juice,,,,,,,
whole milk,pastry,,,,,,,,,
white wine,cream cheese ,,,,,,,,,
citrus fruit,citrus fruit,other vegetables,whole milk,,,,,,,
tropical fruit,butter,dog food,,,,,,,,
citrus fruit,whole milk,,,,,,,,,
zwieback,specialty chocolate,,,,,,,,,
chicken,soda,dishes,,,,,,,,
frozen meals,newspapers,,,,,,,,,
root vegetables,liquor,,,,,,,,,
pastry,napkins,,,,,,,,,
pip fruit,pastry,,,,,,,,,
chocolate marshmallow,flour,,,,,,,,,
sausage,pasta,,,,,,,,,
yogurt,rolls/buns,,,,,,,,,
pork,soda,soda,,,,,,,,
grapes,butter,newspapers,pip fruit,,,,,,,
sausage,sliced cheese,,,,,,,,,
zwieback,UHT-milk,,,,,,,,,
frankfurter,pastry,,,,,,,,,
rolls/buns,grapes,domestic eggs,,,,,,,,
sugar,canned vegetables,,,,,,,,,
other vegetables,yogurt,,,,,,,,,
tropical fruit,yogurt,,,,,,,,,
frankfurter,soda,napkins,,,,,,,,
other vegetables,curd,,,,,,,,,
other vegetables,bottled water,beverages,,,,,,,,
root vegetables,hygiene articles,,,,,,,,,
citrus fruit,ham,,,,,,,,,
rolls/buns,other vegetables,,,,,,,,,
butter milk,whole milk,,,,,,,,,
whole milk,dish cleaner,frozen fish,newspapers,,,,,,,
misc. beverages,red/blush wine,,,,,,,,,
frankfurter,pastry,hygiene articles,,,,,,,,
butter,bottled water,bottled water,,,,,,,,
rolls/buns,white bread,,,,,,,,,
sausage,beverages,,,,,,,,,
mustard,curd,,,,,,,,,
white bread,nuts/prunes,,,,,,,,,
dessert,whole milk,,,,,,,,,
yogurt,sparkling wine,,,,,,,,,
citrus fruit,yogurt,salt,,,,,,,,
other vegetables,whipped/sour cream,,,,,,,,,
pork,soda,brandy,sausage,rolls/buns,whole milk,yogurt,frozen dessert,shopping bags,,
hygiene articles,dessert,,,,,,,,,
root vegetables,bottled beer,bottled water,,,,,,,,
meat,whipped/sour cream,,,,,,,,,
chicken,pastry,waffles,,,,,,,,
citrus fruit,pip fruit,,,,,,,,,
sausage,mustard,,,,,,,,,
canned fish,cream cheese ,,,,,,,,,
soda,zwieback,pastry,,,,,,,,
dishes,bottled water,,,,,,,,,
citrus fruit,baking powder,,,,,,,,,
whole milk,coffee,fruit/vegetable juice,,,,,,,,
citrus fruit,pastry,newspapers,chewing gum,,,,,,,
bottled beer,brown bread,whole milk,misc. beverages,,,,,,,
pastry,whipped/sour cream,decalcifier,,,,,,,,
frozen fish,rolls/buns,,,,,,,,,
other vegetables,whipped/sour cream,,,,,,,,,
soda,frozen vegetables,,,,,,,,,
pork,rolls/buns,,,,,,,,,
popcorn,pork,margarine,beef,butter,,,,,,
misc. beverages,whole milk,,,,,,,,,
sausage,root vegetables,bottled beer,butter,whole milk,newspapers,yogurt,,,,
frankfurter,soda,other vegetables,,,,,,,,
whole milk,white wine,,,,,,,,,
root vegetables,other vegetables,,,,,,,,,
whole milk,domestic eggs,chocolate marshmallow,,,,,,,,
berries,curd,,,,,,,,,
chicken,butter,curd,flower (seeds),,,,,,,
brown bread,whole milk,white bread,,,,,,,,
sausage,yogurt,,,,,,,,,
UHT-milk,other vegetables,,,,,,,,,
frozen fish,tropical fruit,,,,,,,,,
napkins,skin care,,,,,,,,,
yogurt,pastry,bottled water,,,,,,,,
other vegetables,berries,,,,,,,,,
rolls/buns,coffee,,,,,,,,,
ham,candy,,,,,,,,,
bottled water,bottled beer,,,,,,,,,
newspapers,dishes,,,,,,,,,
white bread,hard cheese,,,,,,,,,
frankfurter,butter,specialty bar,yogurt,,,,,,,
dishes,shopping bags,brown bread,white bread,,,,,,,
frankfurter,pip fruit,,,,,,,,,
hygiene articles,other vegetables,,,,,,,,,
pastry,grapes,,,,,,,,,
bottled water,other vegetables,,,,,,,,,
bottled water,soda,,,,,,,,,
tropical fruit,turkey,salty snack,,,,,,,,
sausage,other vegetables,,,,,,,,,
berries,margarine,,,,,,,,,
pork,napkins,,,,,,,,,
chicken,other vegetables,,,,,,,,,
yogurt,soda,,,,,,,,,
pastry,cream cheese ,,,,,,,,,
ice cream,pasta,,,,,,,,,
jam,root vegetables,,,,,,,,,
whole milk,canned beer,,,,,,,,,
roll products ,butter milk,,,,,,,,,
pork,whipped/sour cream,,,,,,,,,
chocolate marshmallow,whole milk,sugar,,,,,,,,
other vegetables,newspapers,,,,,,,,,
canned beer,flour,,,,,,,,,
white bread,flour,,,,,,,,,
UHT-milk,condensed milk,pastry,,,,,,,,
onions,other vegetables,,,,,,,,,
meat spreads,yogurt,,,,,,,,,
pip fruit,newspapers,,,,,,,,,
bottled water,frozen potato products,,,,,,,,,
sweet spreads,male cosmetics,,,,,,,,,
frankfurter,domestic eggs,,,,,,,,,
rolls/buns,instant coffee,,,,,,,,,
whole milk,soda,,,,,,,,,
root vegetables,rum,,,,,,,,,
other vegetables,whipped/sour cream,,,,,,,,,
frozen dessert,detergent,,,,,,,,,
bottled beer,fruit/vegetable juice,,,,,,,,,
bottled beer,other vegetables,root vegetables,cream cheese ,waffles,rolls/buns,,,,,
chicken,whole milk,rolls/buns,,,,,,,,
pastry,whole milk,,,,,,,,,
citrus fruit,fruit/vegetable juice,,,,,,,,,
beef,tropical fruit,,,,,,,,,
rolls/buns,shopping bags,,,,,,,,,
pip fruit,sliced cheese,sugar,,,,,,,,
canned beer,pasta,,,,,,,,,
pot plants,other vegetables,,,,,,,,,
bottled water,berries,,,,,,,,,
bottled beer,hamburger meat,,,,,,,,,
chicken,coffee,,,,,,,,,
newspapers,other vegetables,,,,,,,,,
pickled vegetables,hard cheese,,,,,,,,,
whole milk,bottled water,chicken,citrus fruit,canned vegetables,,,,,,
candy,margarine,,,,,,,,,
frozen meals,bottled water,,,,,,,,,
whole milk,other vegetables,newspapers,,,,,,,,
whipped/sour cream,other vegetables,,,,,,,,,
misc. beverages,liquor,,,,,,,,,
herbs,soups,,,,,,,,,
specialty chocolate,domestic eggs,,,,,,,,,
citrus fruit,ham,red/blush wine,rolls/buns,specialty chocolate,,,,,,
tropical fruit,chewing gum,,,,,,,,,
sliced cheese,liquor,hygiene articles,,,,,,,,
tropical fruit,syrup,whole milk,,,,,,,,
other vegetables,dish cleaner,,,,,,,,,
butter,long life bakery product,,,,,,,,,
pastry,soda,semi-finished bread,white bread,,,,,,,
citrus fruit,beef,citrus fruit,whipped/sour cream,dishes,bottled beer,whole milk,,,,
whole milk,other vegetables,,,,,,,,,
rolls/buns,detergent,shopping bags,,,,,,,,
pip fruit,specialty bar,long life bakery product,,,,,,,,
sausage,sausage,dog food,yogurt,hygiene articles,chocolate,,,,,
brown bread,bottled beer,,,,,,,,,
cream cheese ,fruit/vegetable juice,,,,,,,,,
cat food,rolls/buns,,,,,,,,,
sausage,sauces,,,,,,,,,
other vegetables,sliced cheese,,,,,,,,,
soda,yogurt,,,,,,,,,
ice cream,margarine,sliced cheese,pastry,,,,,,,
frankfurter,other vegetables,,,,,,,,,
chicken,citrus fruit,butter,rolls/buns,soft cheese,specialty bar,,,,,
turkey,root vegetables,frozen meals,soda,spread cheese,,,,,,
oil,processed cheese,,,,,,,,,
whole milk,bottled beer,,,,,,,,,
frankfurter,shopping bags,frozen vegetables,,,,,,,,
sausage,berries,,,,,,,,,
root vegetables,soft cheese,,,,,,,,,
pork,yogurt,napkins,,,,,,,,
red/blush wine,bottled beer,yogurt,pip fruit,mustard,,,,,,
spices,shopping bags,soda,newspapers,,,,,,,
soda,yogurt,,,,,,,,,
rolls/buns,hamburger meat,,,,,,,,,
pickled vegetables,canned beer,,,,,,,,,
newspapers,margarine,bottled beer,coffee,,,,,,,
newspapers,cat food,,,,,,,,,
whole milk,whole milk,,,,,,,,,
tropical fruit,whole milk,,,,,,,,,
yogurt,brown bread,,,,,,,,,
salt,cream cheese ,,,,,,,,,
citrus fruit,yogurt,coffee,,,,,,,,
coffee,root vegetables,,,,,,,,,
canned beer,grapes,UHT-milk,brown bread,,,,,,,
sausage,canned vegetables,,,,,,,,,
frankfurter,rolls/buns,,,,,,,,,
cake bar,flower soil/fertilizer,,,,,,,,,
yogurt,other vegetables,fruit/vegetable juice,,,,,,,,
rolls/buns,mayonnaise,,,,,,,,,
other vegetables,shopping bags,packaged fruit/vegetables,,,,,,,,
shopping bags,rolls/buns,,,,,,,,,
coffee,margarine,,,,,,,,,
instant coffee,domestic eggs,,,,,,,,,
curd,soda,shopping bags,,,,,,,,
pot plants,spread cheese,butter milk,,,,,,,,
frankfurter,packaged fruit/vegetables,,,,,,,,,
pip fruit,bottled water,bottled water,,,,,,,,
sausage,fruit/vegetable juice,whole milk,curd,,,,,,,
beef,curd,,,,,,,,,
sausage,sliced cheese,,,,,,,,,
citrus fruit,pickled vegetables,,,,,,,,,
turkey,other vegetables,,,,,,,,,
canned vegetables,napkins,,,,,,,,,
sausage,root vegetables,canned beer,rolls/buns,,,,,,,
citrus fruit,butter,,,,,,,,,
waffles,curd,,,,,,,,,
waffles,napkins,,,,,,,,,
sausage,bottled water,napkins,,,,,,,,
frozen fish,whipped/sour cream,,,,,,,,,
house keeping products,domestic eggs,,,,,,,,,
sausage,curd,salty snack,,,,,,,,
ice cream,meat spreads,,,,,,,,,
soda,shopping bags,,,,,,,,,
other vegetables,sweet spreads,yogurt,,,,,,,,
hamburger meat,whipped/sour cream,,,,,,,,,
pickled vegetables,frozen vegetables,,,,,,,,,
other vegetables,sweet spreads,,,,,,,,,
ham,soft cheese,fruit/vegetable juice,sugar,,,,,,,
whole milk,whipped/sour cream,,,,,,,,,
root vegetables,frozen dessert,beverages,,,,,,,,
soda,butter milk,whipped/sour cream,,,,,,,,
rolls/buns,whole milk,frozen vegetables,newspapers,,,,,,,
rolls/buns,whole milk,other vegetables,,,,,,,,
pet care,mustard,,,,,,,,,
other vegetables,other vegetables,,,,,,,,,
rolls/buns,rolls/buns,,,,,,,,,
tropical fruit,candy,fruit/vegetable juice,,,,,,,,
fruit/vegetable juice,waffles,tropical fruit,domestic eggs,liquor (appetizer),dessert,,,,,
white bread,canned fish,,,,,,,,,
tropical fruit,other vegetables,frozen meals,pastry,,,,,,,
soda,margarine,soda,,,,,,,,
beef,soda,,,,,,,,,
detergent,tropical fruit,shopping bags,soft cheese,,,,,,,
berries,specialty cheese,,,,,,,,,
sausage,salty snack,brown bread,white bread,candles,,,,,,
margarine,frozen meals,,,,,,,,,
bottled beer,other vegetables,,,,,,,,,
frankfurter,rolls/buns,,,,,,,,,
canned beer,hamburger meat,,,,,,,,,
citrus fruit,other vegetables,,,,,,,,,
pip fruit,root vegetables,,,,,,,,,
meat,tropical fruit,rolls/buns,,,,,,,,
bottled water,beverages,,,,,,,,,
yogurt,pastry,,,,,,,,,
sugar,bottled water,,,,,,,,,
frozen vegetables,whipped/sour cream,,,,,,,,,
rolls/buns,hygiene articles,domestic eggs,misc. beverages,,,,,,,
pip fruit,specialty chocolate,,,,,,,,,
sugar,whole milk,ketchup,,,,,,,,
frozen vegetables,liquor (appetizer),,,,,,,,,
salty snack,citrus fruit,yogurt,berries,,,,,,,
bottled water,shopping bags,,,,,,,,,
whole milk,pip fruit,detergent,,,,,,,,
UHT-milk,coffee,yogurt,,,,,,,,
hygiene articles,shopping bags,,,,,,,,,
citrus fruit,specialty bar,domestic eggs,,,,,,,,
whole milk,whole milk,semi-finished bread,brandy,,,,,,,
chicken,whole milk,,,,,,,,,
soft cheese,spices,,,,,,,,,
whole milk,shopping bags,specialty bar,,,,,,,,
pot plants,pickled vegetables,house keeping products,,,,,,,,
honey,yogurt,spices,chocolate,,,,,,,
other vegetables,pastry,,,,,,,,,
root vegetables,rolls/buns,whole milk,frozen vegetables,whole milk,specialty chocolate,seasonal products,,,,
newspapers,butter,long life bakery product,,,,,,,,
whole milk,baking powder,,,,,,,,,
white bread,frozen vegetables,,,,,,,,,
root vegetables,fruit/vegetable juice,,,,,,,,,
grapes,processed cheese,,,,,,,,,
ham,yogurt,,,,,,,,,
long life bakery product,UHT-milk,whole milk,,,,,,,,
whole milk,other vegetables,,,,,,,,,
pork,frankfurter,other vegetables,potato products,,,,,,,
chicken,brown bread,soda,,,,,,,,
pork,whole milk,,,,,,,,,
tropical fruit,domestic eggs,,,,,,,,,
white wine,cat food,,,,,,,,,
bottled water,yogurt,whipped/sour cream,,,,,,,,
ham,citrus fruit,,,,,,,,,
oil,chewing gum,,,,,,,,,
bottled beer,packaged fruit/vegetables,,,,,,,,,
coffee,canned fish,,,,,,,,,
pork,rolls/buns,,,,,,,,,
whole milk,canned beer,,,,,,,,,
other vegetables,shopping bags,,,,,,,,,
rolls/buns,frozen vegetables,,,,,,,,,
butter,pastry,,,,,,,,,
sliced cheese,cream cheese ,semi-finished bread,,,,,,,,
ham,root vegetables,rolls/buns,processed cheese,whole milk,pastry,soups,,,,
other vegetables,tropical fruit,white bread,specialty chocolate,pot plants,shopping bags,,,,,
chicken,rolls/buns,,,,,,,,,
meat,ham,,,,,,,,,
root vegetables,coffee,,,,,,,,,
canned beer,citrus fruit,,,,,,,,,
tropical fruit,pot plants,shopping bags,sugar,,,,,,,
frankfurter,yogurt,,,,,,,,,
pork,whole milk,,,,,,,,,
meat,bottled water,,,,,,,,,
bottled water,specialty bar,,,,,,,,,
tropical fruit,frozen meals,,,,,,,,,
soda,roll products ,,,,,,,,,
whole milk,baking powder,,,,,,,,,
butter,whole milk,,,,,,,,,
other vegetables,liquor (appetizer),,,,,,,,,
fruit/vegetable juice,bottled beer,,,,,,,,,
misc. beverages,whole milk,,,,,,,,,
newspapers,shopping bags,,,,,,,,,
hard cheese,cream cheese ,,,,,,,,,
brown bread,hygiene articles,rolls/buns,,,,,,,,
UHT-milk,hard cheese,,,,,,,,,
pot plants,citrus fruit,,,,,,,,,
rolls/buns,seasonal products,,,,,,,,,
curd,whipped/sour cream,,,,,,,,,
packaged fruit/vegetables,chocolate,,,,,,,,,
dishes,tropical fruit,,,,,,,,,
sausage,sausage,frozen vegetables,pastry,,,,,,,
canned beer,long life bakery product,dish cleaner,candy,,,,,,,
other vegetables,curd,,,,,,,,,
tropical fruit,white bread,,,,,,,,,
rice,chewing gum,rolls/buns,,,,,,,,
whole milk,sparkling wine,,,,,,,,,
bottled water,chewing gum,beef,brown bread,,,,,,,
frankfurter,UHT-milk,,,,,,,,,
root vegetables,other vegetables,,,,,,,,,
yogurt,whipped/sour cream,,,,,,,,,
instant coffee,berries,,,,,,,,,
soda,bathroom cleaner,,,,,,,,,
shopping bags,whole milk,whole milk,whole milk,detergent,flour,,,,,
chicken,bottled water,,,,,,,,,
sausage,soda,,,,,,,,,
tea,coffee,,,,,,,,,
curd,root vegetables,dish cleaner,,,,,,,,
bottled beer,pastry,,,,,,,,,
onions,sugar,mustard,rolls/buns,,,,,,,
root vegetables,sliced cheese,,,,,,,,,
frankfurter,bottled water,,,,,,,,,
other vegetables,pickled vegetables,,,,,,,,,
whipped/sour cream,tropical fruit,,,,,,,,,
turkey,other vegetables,,,,,,,,,
frankfurter,soups,,,,,,,,,
sausage,cream,,,,,,,,,
hamburger meat,pork,chicken,whole milk,,,,,,,
whole milk,sliced cheese,,,,,,,,,
berries,root vegetables,,,,,,,,,
photo/film,bottled beer,,,,,,,,,
spread cheese,soda,,,,,,,,,
yogurt,condensed milk,yogurt,,,,,,,,
sausage,root vegetables,kitchen towels,,,,,,,,
organic sausage,semi-finished bread,,,,,,,,,
whipped/sour cream,hygiene articles,,,,,,,,,
citrus fruit,yogurt,citrus fruit,sausage,hard cheese,napkins,margarine,cream cheese ,,,
coffee,chicken,,,,,,,,,
sausage,curd,brown bread,,,,,,,,
soda,soda,roll products ,,,,,,,,
root vegetables,Instant food products,,,,,,,,,
bottled water,chewing gum,,,,,,,,,
bottled beer,ice cream,,,,,,,,,
dessert,domestic eggs,,,,,,,,,
whole milk,organic products,,,,,,,,,
other vegetables,soda,,,,,,,,,
flower (seeds),domestic eggs,,,,,,,,,
other vegetables,butter,,,,,,,,,
liquor,cream,coffee,,,,,,,,
root vegetables,newspapers,,,,,,,,,
soda,whole milk,,,,,,,,,
tropical fruit,yogurt,sausage,rolls/buns,,,,,,,
tropical fruit,other vegetables,,,,,,,,,
butter,fruit/vegetable juice,soda,,,,,,,,
root vegetables,butter milk,,,,,,,,,
whole milk,female sanitary products,,,,,,,,,
tropical fruit,other vegetables,,,,,,,,,
whole milk,pastry,,,,,,,,,
canned beer,male cosmetics,white wine,ice cream,,,,,,,
photo/film,white bread,,,,,,,,,
whole milk,sausage,pork,coffee,,,,,,,
other vegetables,margarine,,,,,,,,,
other vegetables,meat spreads,,,,,,,,,
meat,soda,,,,,,,,,
sausage,semi-finished bread,coffee,,,,,,,,
rolls/buns,other vegetables,,,,,,,,,
tropical fruit,cocoa drinks,,,,,,,,,
dessert,curd,,,,,,,,,
curd,yogurt,,,,,,,,,
other vegetables,condensed milk,,,,,,,,,
curd,tropical fruit,,,,,,,,,
canned beer,rolls/buns,rolls/buns,,,,,,,,
pastry,shopping bags,,,,,,,,,
whole milk,butter,,,,,,,,,
rolls/buns,bottled water,,,,,,,,,
sausage,whipped/sour cream,soda,,,,,,,,
ice cream,waffles,,,,,,,,,
newspapers,rolls/buns,,,,,,,,,
rolls/buns,frankfurter,oil,pip fruit,mayonnaise,,,,,,
tropical fruit,coffee,newspapers,,,,,,,,
sausage,misc. beverages,,,,,,,,,
processed cheese,canned vegetables,,,,,,,,,
specialty bar,semi-finished bread,,,,,,,,,
meat,root vegetables,margarine,,,,,,,,
tropical fruit,yogurt,,,,,,,,,
ham,candy,,,,,,,,,
citrus fruit,fruit/vegetable juice,,,,,,,,,
beef,specialty fat,newspapers,,,,,,,,
specialty bar,chocolate,packaged fruit/vegetables,domestic eggs,cream cheese ,,,,,,
chocolate,curd cheese,,,,,,,,,
beef,whipped/sour cream,,,,,,,,,
hamburger meat,whole milk,,,,,,,,,
whole milk,salty snack,rolls/buns,,,,,,,,
other vegetables,brown bread,hard cheese,salty snack,,,,,,,
whole milk,other vegetables,,,,,,,,,
pastry,other vegetables,other vegetables,butter milk,,,,,,,
pastry,root vegetables,,,,,,,,,
chicken,bottled beer,,,,,,,,,
sausage,dessert,,,,,,,,,
soda,detergent,,,,,,,,,
other vegetables,berries,whipped/sour cream,,,,,,,,
chicken,whipped/sour cream,,,,,,,,,
sausage,sugar,,,,,,,,,
root vegetables,margarine,rolls/buns,,,,,,,,
fruit/vegetable juice,canned beer,,,,,,,,,
sausage,rum,,,,,,,,,
sausage,candles,,,,,,,,,
rolls/buns,bottled water,white bread,brown bread,,,,,,,
coffee,cat food,,,,,,,,,
whole milk,root vegetables,,,,,,,,,
frankfurter,whole milk,,,,,,,,,
red/blush wine,pastry,,,,,,,,,
newspapers,frozen meals,,,,,,,,,
sausage,finished products,,,,,,,,,
soda,soda,,,,,,,,,
tropical fruit,dessert,,,,,,,,,
misc. beverages,coffee,,,,,,,,,
ice cream,hamburger meat,shopping bags,whole milk,soft cheese,,,,,,
pip fruit,fruit/vegetable juice,,,,,,,,,
whole milk,pip fruit,,,,,,,,,
sugar,curd,,,,,,,,,
sausage,UHT-milk,,,,,,,,,
soda,ice cream,,,,,,,,,
soda,whole milk,,,,,,,,,
butter milk,soda,,,,,,,,,
sausage,beverages,,,,,,,,,
sausage,whole milk,root vegetables,soft cheese,,,,,,,
citrus fruit,beef,rolls/buns,whole milk,,,,,,,
light bulbs,pastry,UHT-milk,baking powder,,,,,,,
hamburger meat,dog food,domestic eggs,,,,,,,,
citrus fruit,whole milk,,,,,,,,,
sausage,pastry,,,,,,,,,
root vegetables,frozen vegetables,misc. beverages,,,,,,,,
canned beer,yogurt,curd cheese,pastry,,,,,,,
soda,bottled beer,,,,,,,,,
pork,whole milk,waffles,whole milk,sugar,,,,,,
whole milk,whole milk,,,,,,,,,
domestic eggs,newspapers,,,,,,,,,
brown bread,soda,,,,,,,,,
sausage,curd,,,,,,,,,
fish,yogurt,,,,,,,,,
soda,margarine,,,,,,,,,
coffee,shopping bags,shopping bags,,,,,,,,
frankfurter,cat food,,,,,,,,,
fruit/vegetable juice,pot plants,,,,,,,,,
beef,pork,,,,,,,,,
other vegetables,whole milk,pork,onions,,,,,,,
liquor,rolls/buns,cream cheese ,,,,,,,,
curd,UHT-milk,shopping bags,,,,,,,,
hamburger meat,whole milk,,,,,,,,,
ice cream,other vegetables,,,,,,,,,
rolls/buns,dishes,,,,,,,,,
tropical fruit,oil,,,,,,,,,
yogurt,bottled water,,,,,,,,,
citrus fruit,other vegetables,,,,,,,,,
pip fruit,soda,,,,,,,,,
onions,yogurt,white bread,,,,,,,,
cereals,rolls/buns,,,,,,,,,
waffles,white bread,,,,,,,,,
bottled water,frozen meals,,,,,,,,,
chocolate,whipped/sour cream,brown bread,,,,,,,,
pork,tropical fruit,,,,,,,,,
white bread,butter,,,,,,,,,
bottled water,frozen chicken,,,,,,,,,
pork,margarine,sugar,,,,,,,,
root vegetables,margarine,,,,,,,,,
kitchen towels,rolls/buns,,,,,,,,,
onions,canned fish,,,,,,,,,
beverages,bottled beer,domestic eggs,chocolate,,,,,,,
brown bread,pastry,,,,,,,,,
beef,chocolate,,,,,,,,,
sliced cheese,dessert,cream cheese ,,,,,,,,
butter milk,pet care,,,,,,,,,
specialty bar,pastry,,,,,,,,,
ham,specialty chocolate,,,,,,,,,
bathroom cleaner,popcorn,,,,,,,,,
other vegetables,root vegetables,bottled water,,,,,,,,
citrus fruit,yogurt,,,,,,,,,
whole milk,pip fruit,,,,,,,,,
liver loaf,other vegetables,,,,,,,,,
whole milk,whole milk,pastry,pickled vegetables,,,,,,,
pastry,sugar,,,,,,,,,
root vegetables,coffee,,,,,,,,,
yogurt,frozen vegetables,,,,,,,,,
citrus fruit,butter,,,,,,,,,
chicken,white bread,,,,,,,,,
sausage,dish cleaner,,,,,,,,,
napkins,dessert,,,,,,,,,
whipped/sour cream,pastry,,,,,,,,,
bottled water,white bread,,,,,,,,,
whole milk,yogurt,,,,,,,,,
bottled water,domestic eggs,pickled vegetables,margarine,,,,,,,
frozen meals,soda,,,,,,,,,
hard cheese,dessert,,,,,,,,,
brown bread,flour,,,,,,,,,
brown bread,male cosmetics,,,,,,,,,
root vegetables,packaged fruit/vegetables,,,,,,,,,
yogurt,domestic eggs,yogurt,,,,,,,,
margarine,whipped/sour cream,,,,,,,,,
sliced cheese,root vegetables,whipped/sour cream,,,,,,,,
sausage,long life bakery product,,,,,,,,,
frankfurter,condensed milk,,,,,,,,,
butter,butter,margarine,,,,,,,,
rolls/buns,newspapers,,,,,,,,,
other vegetables,citrus fruit,root vegetables,whipped/sour cream,,,,,,,
citrus fruit,cream cheese ,,,,,,,,,
tropical fruit,newspapers,bottled water,,,,,,,,
tropical fruit,condensed milk,pastry,,,,,,,,
citrus fruit,soda,butter,hard cheese,,,,,,,
root vegetables,sliced cheese,,,,,,,,,
pork,hygiene articles,,,,,,,,,
pip fruit,whipped/sour cream,,,,,,,,,
whole milk,pip fruit,,,,,,,,,
meat,frozen potato products,,,,,,,,,
frozen meals,margarine,semi-finished bread,,,,,,,,
popcorn,domestic eggs,canned beer,butter milk,,,,,,,
root vegetables,butter,,,,,,,,,
other vegetables,liquor,,,,,,,,,
sausage,frozen vegetables,,,,,,,,,
packaged fruit/vegetables,rolls/buns,,,,,,,,,
other vegetables,sugar,,,,,,,,,
rolls/buns,pip fruit,,,,,,,,,
hamburger meat,bottled beer,,,,,,,,,
curd,cream cheese ,nut snack,chocolate marshmallow,yogurt,female sanitary products,,,,,
bottled water,chocolate,,,,,,,,,
photo/film,cream cheese ,,,,,,,,,
sausage,frozen meals,,,,,,,,,
canned beer,whole milk,rolls/buns,,,,,,,,
onions,specialty vegetables,,,,,,,,,
frozen potato products,domestic eggs,curd cheese,,,,,,,,
pork,yogurt,,,,,,,,,
other vegetables,brown bread,,,,,,,,,
whole milk,frozen vegetables,,,,,,,,,
frankfurter,oil,,,,,,,,,
whole milk,yogurt,,,,,,,,,
skin care,oil,,,,,,,,,
other vegetables,bottled water,,,,,,,,,
whole milk,pork,brown bread,other vegetables,,,,,,,
flower soil/fertilizer,rolls/buns,yogurt,ice cream,whipped/sour cream,,,,,,
sliced cheese,brown bread,roll products ,,,,,,,,
whipped/sour cream,soda,,,,,,,,,
ham,other vegetables,,,,,,,,,
bottled water,whole milk,,,,,,,,,
chicken,frozen vegetables,candles,,,,,,,,
chicken,beef,white bread,semi-finished bread,,,,,,,
pot plants,pastry,,,,,,,,,
rolls/buns,pip fruit,,,,,,,,,
soda,other vegetables,,,,,,,,,
white bread,newspapers,,,,,,,,,
fruit/vegetable juice,white bread,,,,,,,,,
frankfurter,root vegetables,,,,,,,,,
root vegetables,pastry,other vegetables,rolls/buns,,,,,,,
sausage,chocolate,,,,,,,,,
soda,frozen meals,,,,,,,,,
chicken,UHT-milk,,,,,,,,,
spread cheese,yogurt,soda,shopping bags,,,,,,,
frankfurter,detergent,chocolate,,,,,,,,
turkey,soda,rolls/buns,,,,,,,,
other vegetables,salt,other vegetables,,,,,,,,
beef,mayonnaise,,,,,,,,,
bottled beer,oil,,,,,,,,,
butter milk,rolls/buns,,,,,,,,,
herbs,onions,brown bread,,,,,,,,
beef,whole milk,fruit/vegetable juice,hygiene articles,,,,,,,
tropical fruit,curd,brown bread,,,,,,,,
other vegetables,other vegetables,,,,,,,,,
soda,other vegetables,,,,,,,,,
frankfurter,shopping bags,rolls/buns,,,,,,,,
bottled water,chicken,processed cheese,whole milk,,,,,,,
curd,yogurt,detergent,,,,,,,,
newspapers,shopping bags,,,,,,,,,
pip fruit,canned fish,organic sausage,pastry,,,,,,,
hamburger meat,domestic eggs,,,,,,,,,
rolls/buns,other vegetables,,,,,,,,,
meat,sausage,other vegetables,shopping bags,,,,,,,
frankfurter,beef,red/blush wine,whole milk,frozen dessert,,,,,,
processed cheese,yogurt,,,,,,,,,
whole milk,white bread,,,,,,,,,
frankfurter,root vegetables,,,,,,,,,
citrus fruit,bottled beer,,,,,,,,,
rolls/buns,soda,,,,,,,,,
pip fruit,rolls/buns,,,,,,,,,
ham,newspapers,,,,,,,,,
rolls/buns,bottled beer,,,,,,,,,
sausage,domestic eggs,,,,,,,,,
hamburger meat,dog food,,,,,,,,,
whole milk,tropical fruit,,,,,,,,,
semi-finished bread,whole milk,mustard,,,,,,,,
rolls/buns,margarine,,,,,,,,,
citrus fruit,chicken,bottled water,rolls/buns,,,,,,,
beef,semi-finished bread,,,,,,,,,
chocolate,cat food,,,,,,,,,
sausage,domestic eggs,,,,,,,,,
pastry,chewing gum,,,,,,,,,
soda,onions,,,,,,,,,
whole milk,chicken,,,,,,,,,
grapes,berries,brown bread,,,,,,,,
pip fruit,long life bakery product,,,,,,,,,
root vegetables,whole milk,,,,,,,,,
other vegetables,frozen vegetables,,,,,,,,,
canned beer,dessert,frozen meals,,,,,,,,
meat,other vegetables,zwieback,,,,,,,,
soda,liquor (appetizer),,,,,,,,,
whole milk,other vegetables,,,,,,,,,
finished products,brown bread,dishes,,,,,,,,
other vegetables,pip fruit,,,,,,,,,
hamburger meat,tidbits,,,,,,,,,
soda,chewing gum,rolls/buns,flour,,,,,,,
chicken,whole milk,,,,,,,,,
citrus fruit,soda,,,,,,,,,
frozen meals,sausage,pastry,yogurt,,,,,,,
long life bakery product,root vegetables,,,,,,,,,
whipped/sour cream,soda,,,,,,,,,
other vegetables,rolls/buns,,,,,,,,,
coffee,whole milk,,,,,,,,,
brown bread,dish cleaner,,,,,,,,,
curd cheese,popcorn,,,,,,,,,
citrus fruit,yogurt,,,,,,,,,
chicken,tropical fruit,specialty chocolate,curd,citrus fruit,whole milk,semi-finished bread,,,,
root vegetables,shopping bags,,,,,,,,,
canned beer,chocolate,,,,,,,,,
misc. beverages,pastry,,,,,,,,,
pip fruit,other vegetables,,,,,,,,,
frozen vegetables,cream cheese ,,,,,,,,,
whipped/sour cream,house keeping products,,,,,,,,,
grapes,whipped/sour cream,,,,,,,,,
soda,cream cheese ,,,,,,,,,
other vegetables,canned beer,,,,,,,,,
coffee,salty snack,,,,,,,,,
soda,curd,,,,,,,,,
margarine,butter,,,,,,,,,
fruit/vegetable juice,newspapers,,,,,,,,,
citrus fruit,whole milk,yogurt,canned beer,,,,,,,
hamburger meat,spread cheese,,,,,,,,,
curd,curd,,,,,,,,,
other vegetables,butter,,,,,,,,,
root vegetables,napkins,,,,,,,,,
citrus fruit,whole milk,bottled beer,,,,,,,,
specialty bar,domestic eggs,,,,,,,,,
dessert,whole milk,waffles,,,,,,,,
pip fruit,soda,,,,,,,,,
whole milk,bottled beer,,,,,,,,,
citrus fruit,whole milk,,,,,,,,,
beef,specialty bar,rolls/buns,,,,,,,,
whole milk,pip fruit,,,,,,,,,
cake bar,white bread,newspapers,,,,,,,,
chicken,frozen vegetables,,,,,,,,,
beef,spread cheese,cake bar,,,,,,,,
citrus fruit,hard cheese,butter,soft cheese,,,,,,,
tropical fruit,whole milk,,,,,,,,,
beef,whipped/sour cream,,,,,,,,,
soda,canned beer,white bread,berries,,,,,,,
pork,yogurt,,,,,,,,,
whole milk,butter,,,,,,,,,
margarine,fruit/vegetable juice,,,,,,,,,
hamburger meat,salty snack,shopping bags,,,,,,,,
rolls/buns,semi-finished bread,dessert,yogurt,,,,,,,
rolls/buns,root vegetables,frozen vegetables,waffles,,,,,,,
pork,bottled water,,,,,,,,,
sugar,cat food,,,,,,,,,
bottled beer,Instant food products,,,,,,,,,
white bread,zwieback,,,,,,,,,
citrus fruit,whole milk,,,,,,,,,
canned vegetables,white bread,,,,,,,,,
shopping bags,fruit/vegetable juice,,,,,,,,,
whole milk,beef,,,,,,,,,
tropical fruit,sausage,root vegetables,spread cheese,,,,,,,
frozen vegetables,pot plants,domestic eggs,,,,,,,,
chicken,butter,,,,,,,,,
long life bakery product,ice cream,,,,,,,,,
whole milk,ice cream,,,,,,,,,
butter,canned beer,domestic eggs,specialty chocolate,specialty chocolate,soda,root vegetables,canned fish,,,
whole milk,whole milk,,,,,,,,,
frankfurter,yogurt,,,,,,,,,
bottled beer,candy,,,,,,,,,
other vegetables,meat,,,,,,,,,
pork,tea,,,,,,,,,
frozen dessert,fruit/vegetable juice,,,,,,,,,
yogurt,rolls/buns,fruit/vegetable juice,spices,canned fish,,,,,,
sliced cheese,butter,,,,,,,,,
berries,grapes,other vegetables,,,,,,,,
female sanitary products,other vegetables,,,,,,,,,
whole milk,root vegetables,,,,,,,,,
pip fruit,bottled water,,,,,,,,,
sausage,curd cheese,,,,,,,,,
canned beer,sausage,pork,whipped/sour cream,margarine,pickled vegetables,pastry,,,,
yogurt,berries,butter,pastry,,,,,,,
canned beer,other vegetables,,,,,,,,,
whole milk,bottled beer,,,,,,,,,
shopping bags,whipped/sour cream,,,,,,,,,
waffles,tropical fruit,hard cheese,pickled vegetables,,,,,,,
citrus fruit,napkins,,,,,,,,,
fruit/vegetable juice,meat,whole milk,root vegetables,frozen meals,,,,,,
sliced cheese,bottled water,,,,,,,,,
tropical fruit,UHT-milk,napkins,whole milk,,,,,,,
processed cheese,chocolate,chocolate,yogurt,,,,,,,
tropical fruit,hamburger meat,,,,,,,,,
soda,pip fruit,hygiene articles,oil,,,,,,,
bottled water,soda,,,,,,,,,
yogurt,herbs,pastry,whipped/sour cream,canned fish,,,,,,
root vegetables,whole milk,,,,,,,,,
rolls/buns,detergent,,,,,,,,,
frozen meals,pip fruit,dish cleaner,processed cheese,,,,,,,
curd,other vegetables,,,,,,,,,
soda,beef,,,,,,,,,
other vegetables,curd,,,,,,,,,
soda,butter,,,,,,,,,
whole milk,soda,,,,,,,,,
domestic eggs,domestic eggs,,,,,,,,,
hamburger meat,pasta,,,,,,,,,
ham,whole milk,sliced cheese,baking powder,,,,,,,
meat,pip fruit,,,,,,,,,
meat,meat,whole milk,cling film/bags,,,,,,,
misc. beverages,margarine,,,,,,,,,
hygiene articles,cling film/bags,,,,,,,,,
citrus fruit,hard cheese,pastry,salty snack,,,,,,,
butter milk,flour,,,,,,,,,
whipped/sour cream,berries,cream cheese ,,,,,,,,
other vegetables,UHT-milk,,,,,,,,,
sausage,frozen vegetables,onions,canned beer,,,,,,,
shopping bags,beef,citrus fruit,cat food,,,,,,,
soda,cereals,,,,,,,,,
tropical fruit,candy,salt,,,,,,,,
pork,root vegetables,,,,,,,,,
whole milk,baking powder,newspapers,,,,,,,,
beef,beef,,,,,,,,,
beef,whole milk,,,,,,,,,
root vegetables,whipped/sour cream,,,,,,,,,
root vegetables,bottled water,,,,,,,,,
sausage,canned beer,,,,,,,,,
beef,long life bakery product,berries,candles,,,,,,,
white bread,curd,bottled water,,,,,,,,
hard cheese,oil,,,,,,,,,
yogurt,hamburger meat,other vegetables,mustard,,,,,,,
whole milk,kitchen towels,,,,,,,,,
root vegetables,root vegetables,,,,,,,,,
beverages,curd,,,,,,,,,
specialty bar,frozen meals,kitchen towels,whole milk,,,,,,,
hard cheese,yogurt,,,,,,,,,
sausage,berries,,,,,,,,,
whole milk,newspapers,,,,,,,,,
yogurt,potato products,,,,,,,,,
pork,tropical fruit,seasonal products,,,,,,,,
rolls/buns,ice cream,,,,,,,,,
ham,whole milk,,,,,,,,,
UHT-milk,canned fish,,,,,,,,,
dessert,rice,,,,,,,,,
canned fruit,whipped/sour cream,,,,,,,,,
napkins,pastry,,,,,,,,,
coffee,sugar,,,,,,,,,
whole milk,UHT-milk,,,,,,,,,
pork,yogurt,,,,,,,,,
citrus fruit,yogurt,UHT-milk,,,,,,,,
whole milk,ice cream,,,,,,,,,
whole milk,margarine,,,,,,,,,
berries,root vegetables,,,,,,,,,
beef,waffles,detergent,shopping bags,,,,,,,
turkey,frozen dessert,shopping bags,,,,,,,,
whipped/sour cream,pork,pastry,soda,,,,,,,
rolls/buns,misc. beverages,bottled water,decalcifier,semi-finished bread,soda,,,,,
herbs,newspapers,brown bread,,,,,,,,
waffles,yogurt,,,,,,,,,
beef,sliced cheese,,,,,,,,,
specialty bar,margarine,,,,,,,,,
whole milk,frozen dessert,,,,,,,,,
meat,other vegetables,,,,,,,,,
tropical fruit,cream cheese ,,,,,,,,,
sausage,hard cheese,bottled beer,,,,,,,,
whole milk,rolls/buns,,,,,,,,,
sausage,bottled beer,,,,,,,,,
frankfurter,shopping bags,,,,,,,,,
canned fruit,newspapers,,,,,,,,,
tropical fruit,red/blush wine,,,,,,,,,
rolls/buns,seasonal products,,,,,,,,,
jam,house keeping products,,,,,,,,,
whole milk,whole milk,,,,,,,,,
pip fruit,pastry,,,,,,,,,
citrus fruit,fruit/vegetable juice,,,,,,,,,
whipped/sour cream,yogurt,,,,,,,,,
whole milk,sliced cheese,,,,,,,,,
canned beer,ham,bottled water,domestic eggs,,,,,,,
chocolate,citrus fruit,bottled beer,bottled water,red/blush wine,,,,,,
whole milk,domestic eggs,canned vegetables,flower (seeds),,,,,,,
citrus fruit,other vegetables,,,,,,,,,
citrus fruit,fruit/vegetable juice,,,,,,,,,
sausage,dessert,,,,,,,,,
pastry,shopping bags,sugar,,,,,,,,
sausage,dessert,,,,,,,,,
sausage,ice cream,rolls/buns,,,,,,,,
meat,coffee,,,,,,,,,
other vegetables,other vegetables,,,,,,,,,
pip fruit,roll products ,beverages,whole milk,canned fish,sugar,,,,,
sliced cheese,root vegetables,,,,,,,,,
soda,rolls/buns,,,,,,,,,
UHT-milk,whole milk,canned beer,,,,,,,,
whipped/sour cream,napkins,pickled vegetables,,,,,,,,
ice cream,onions,soda,,,,,,,,
chicken,house keeping products,,,,,,,,,
tropical fruit,other vegetables,rice,,,,,,,,
pork,frozen dessert,newspapers,,,,,,,,
white wine,canned vegetables,flour,,,,,,,,
hard cheese,whipped/sour cream,,,,,,,,,
UHT-milk,tea,,,,,,,,,
onions,long life bakery product,,,,,,,,,
other vegetables,soda,,,,,,,,,
citrus fruit,frozen vegetables,,,,,,,,,
pork,newspapers,napkins,,,,,,,,
cat food,whipped/sour cream,whole milk,,,,,,,,
cream cheese ,popcorn,frozen fish,,,,,,,,
bottled water,root vegetables,,,,,,,,,
frankfurter,tropical fruit,,,,,,,,,
cream cheese ,whole milk,,,,,,,,,
mustard,yogurt,,,,,,,,,
yogurt,frozen vegetables,,,,,,,,,
soda,pip fruit,pasta,,,,,,,,
beverages,other vegetables,curd,,,,,,,,
canned beer,tropical fruit,pet care,,,,,,,,
liqueur,chocolate,,,,,,,,,
red/blush wine,other vegetables,,,,,,,,,
citrus fruit,frankfurter,salty snack,newspapers,white wine,,,,,,
domestic eggs,whole milk,bottled water,,,,,,,,
packaged fruit/vegetables,whole milk,photo/film,oil,,,,,,,
coffee,domestic eggs,,,,,,,,,
sausage,whole milk,,,,,,,,,
other vegetables,chocolate,,,,,,,,,
pastry,brown bread,,,,,,,,,
beef,margarine,,,,,,,,,
whole milk,packaged fruit/vegetables,abrasive cleaner,napkins,,,,,,,
rolls/buns,pip fruit,,,,,,,,,
bottled beer,ice cream,salty snack,,,,,,,,
domestic eggs,sliced cheese,,,,,,,,,
sparkling wine,bottled water,,,,,,,,,
tropical fruit,instant coffee,yogurt,salty snack,,,,,,,
domestic eggs,other vegetables,,,,,,,,,
specialty bar,other vegetables,,,,,,,,,
butter,brown bread,,,,,,,,,
bottled beer,hard cheese,,,,,,,,,
UHT-milk,herbs,butter,oil,,,,,,,
onions,specialty chocolate,,,,,,,,,
whole milk,bottled beer,,,,,,,,,
pork,canned beer,,,,,,,,,
cat food,pip fruit,white bread,,,,,,,,
pickled vegetables,pastry,brown bread,sugar,,,,,,,
pastry,frozen fish,,,,,,,,,
onions,cat food,,,,,,,,,
whole milk,white bread,,,,,,,,,
tropical fruit,onions,,,,,,,,,
pork,yogurt,butter milk,,,,,,,,
butter,waffles,,,,,,,,,
ham,canned beer,,,,,,,,,
cream cheese ,other vegetables,,,,,,,,,
other vegetables,shopping bags,salty snack,,,,,,,,
whole milk,hard cheese,,,,,,,,,
beverages,cat food,soda,,,,,,,,
soda,soups,,,,,,,,,
salty snack,newspapers,,,,,,,,,
white bread,domestic eggs,,,,,,,,,
root vegetables,UHT-milk,,,,,,,,,
canned beer,napkins,specialty bar,,,,,,,,
citrus fruit,soda,shopping bags,,,,,,,,
sausage,rolls/buns,soda,other vegetables,,,,,,,
sausage,citrus fruit,whole milk,butter milk,salty snack,dessert,specialty chocolate,,,,
tropical fruit,frozen dessert,,,,,,,,,
rolls/buns,coffee,,,,,,,,,
dishes,salty snack,,,,,,,,,
hamburger meat,white bread,,,,,,,,,
sausage,tropical fruit,curd,,,,,,,,
UHT-milk,specialty vegetables,,,,,,,,,
other vegetables,bottled water,,,,,,,,,
frankfurter,yogurt,,,,,,,,,
curd,bottled water,other vegetables,white bread,,,,,,,
chocolate,dessert,,,,,,,,,
root vegetables,hard cheese,waffles,,,,,,,,
bottled water,processed cheese,packaged fruit/vegetables,yogurt,,,,,,,
chocolate,tropical fruit,,,,,,,,,
citrus fruit,whole milk,curd,chocolate marshmallow,,,,,,,
canned beer,bottled water,long life bakery product,,,,,,,,
newspapers,rolls/buns,,,,,,,,,
pastry,misc. beverages,,,,,,,,,
citrus fruit,bottled water,,,,,,,,,
softener,soda,,,,,,,,,
rolls/buns,frozen vegetables,,,,,,,,,
pastry,beverages,,,,,,,,,
grapes,rolls/buns,pot plants,,,,,,,,
pip fruit,whole milk,butter milk,yogurt,,,,,,,
pork,domestic eggs,,,,,,,,,
whipped/sour cream,specialty chocolate,,,,,,,,,
soda,newspapers,,,,,,,,,
sugar,whole milk,,,,,,,,,
whipped/sour cream,candy,,,,,,,,,
bottled water,beverages,,,,,,,,,
packaged fruit/vegetables,beverages,,,,,,,,,
root vegetables,domestic eggs,,,,,,,,,
pip fruit,yogurt,flour,rolls/buns,,,,,,,
sausage,specialty bar,,,,,,,,,
citrus fruit,root vegetables,,,,,,,,,
sausage,berries,,,,,,,,,
specialty chocolate,whole milk,red/blush wine,,,,,,,,
pork,other vegetables,,,,,,,,,
root vegetables,beverages,,,,,,,,,
frankfurter,other vegetables,,,,,,,,,
meat,citrus fruit,,,,,,,,,
rolls/buns,bottled water,,,,,,,,,
detergent,misc. beverages,,,,,,,,,
whole milk,bottled water,,,,,,,,,
roll products ,rolls/buns,,,,,,,,,
sausage,canned beer,rum,spices,,,,,,,
herbs,grapes,,,,,,,,,
root vegetables,coffee,,,,,,,,,
tropical fruit,whole milk,,,,,,,,,
sausage,grapes,bottled beer,,,,,,,,
whole milk,other vegetables,,,,,,,,,
whole milk,hair spray,waffles,,,,,,,,
whole milk,cat food,long life bakery product,,,,,,,,
other vegetables,chocolate,,,,,,,,,
specialty bar,candles,,,,,,,,,
whole milk,butter,,,,,,,,,
citrus fruit,beverages,,,,,,,,,
decalcifier,grapes,,,,,,,,,
beef,tropical fruit,,,,,,,,,
dessert,butter,,,,,,,,,
shopping bags,shopping bags,,,,,,,,,
chicken,other vegetables,,,,,,,,,
tropical fruit,newspapers,,,,,,,,,
yogurt,newspapers,,,,,,,,,
other vegetables,salt,,,,,,,,,
flower (seeds),sliced cheese,soups,,,,,,,,
whole milk,margarine,,,,,,,,,
rolls/buns,yogurt,,,,,,,,,
chocolate,whipped/sour cream,,,,,,,,,
sausage,whole milk,rolls/buns,,,,,,,,
frozen vegetables,coffee,,,,,,,,,
brown bread,processed cheese,,,,,,,,,
other vegetables,white bread,soft cheese,,,,,,,,
root vegetables,pet care,,,,,,,,,
dessert,soda,,,,,,,,,
hamburger meat,soda,hard cheese,,,,,,,,
sausage,coffee,pip fruit,tropical fruit,,,,,,,
photo/film,whole milk,yogurt,whole milk,white bread,pot plants,dessert,,,,
specialty bar,yogurt,,,,,,,,,
ham,pastry,,,,,,,,,
canned beer,whipped/sour cream,,,,,,,,,
brown bread,domestic eggs,,,,,,,,,
soda,whole milk,,,,,,,,,
cat food,fruit/vegetable juice,,,,,,,,,
onions,frozen dessert,,,,,,,,,
bottled beer,canned vegetables,,,,,,,,,
coffee,cream cheese ,,,,,,,,,
red/blush wine,pork,,,,,,,,,
spread cheese,newspapers,,,,,,,,,
chocolate,citrus fruit,yogurt,,,,,,,,
canned beer,other vegetables,,,,,,,,,
bottled water,grapes,,,,,,,,,
root vegetables,dog food,,,,,,,,,
bottled water,UHT-milk,,,,,,,,,
canned beer,fruit/vegetable juice,,,,,,,,,
beef,specialty bar,white bread,,,,,,,,
frozen meals,soda,,,,,,,,,
napkins,cake bar,,,,,,,,,
frankfurter,pip fruit,,,,,,,,,
whole milk,citrus fruit,shopping bags,white wine,soda,yogurt,,,,,
whole milk,long life bakery product,,,,,,,,,
frankfurter,yogurt,,,,,,,,,
beverages,bottled water,,,,,,,,,
rolls/buns,female sanitary products,,,,,,,,,
bottled beer,shopping bags,,,,,,,,,
other vegetables,chewing gum,,,,,,,,,
meat,rolls/buns,,,,,,,,,
citrus fruit,soda,berries,coffee,sugar,,,,,,
beef,whole milk,frozen vegetables,,,,,,,,
canned beer,domestic eggs,,,,,,,,,
salty snack,other vegetables,,,,,,,,,
whole milk,liver loaf,yogurt,fruit/vegetable juice,,,,,,,
rolls/buns,newspapers,,,,,,,,,
finished products,pastry,,,,,,,,,
canned beer,ham,,,,,,,,,
specialty fat,condensed milk,,,,,,,,,
pip fruit,chocolate,,,,,,,,,
rolls/buns,whole milk,napkins,fruit/vegetable juice,mustard,,,,,,
tropical fruit,canned beer,detergent,bottled water,,,,,,,
pastry,specialty bar,flour,,,,,,,,
photo/film,fruit/vegetable juice,,,,,,,,,
yogurt,pasta,bottled water,,,,,,,,
pip fruit,soda,,,,,,,,,
butter,sliced cheese,,,,,,,,,
meat,chocolate,brown bread,,,,,,,,
beef,chicken,newspapers,organic products,chocolate,,,,,,
sugar,other vegetables,,,,,,,,,
whole milk,coffee,,,,,,,,,
root vegetables,red/blush wine,,,,,,,,,
tropical fruit,canned fish,,,,,,,,,
sausage,pasta,,,,,,,,,
dessert,pot plants,,,,,,,,,
other vegetables,chocolate,,,,,,,,,
brown bread,beef,bottled beer,specialty fat,,,,,,,
organic sausage,other vegetables,,,,,,,,,
other vegetables,citrus fruit,,,,,,,,,
rolls/buns,frozen vegetables,,,,,,,,,
whole milk,processed cheese,pastry,baking powder,fruit/vegetable juice,coffee,newspapers,,,,
chocolate,curd,salty snack,,,,,,,,
grapes,soda,,,,,,,,,
pastry,UHT-milk,,,,,,,,,
pork,house keeping products,,,,,,,,,
specialty chocolate,root vegetables,popcorn,soups,,,,,,,
liquor,vinegar,shopping bags,long life bakery product,,,,,,,
meat,whole milk,bottled water,mayonnaise,,,,,,,
rolls/buns,bottled water,,,,,,,,,
root vegetables,other vegetables,,,,,,,,,
margarine,brown bread,,,,,,,,,
meat,bottled beer,liquor,waffles,,,,,,,
brown bread,other vegetables,,,,,,,,,
domestic eggs,other vegetables,soda,,,,,,,,
soda,other vegetables,,,,,,,,,
pip fruit,newspapers,,,,,,,,,
rolls/buns,yogurt,chicken,whole milk,,,,,,,
rolls/buns,root vegetables,,,,,,,,,
rolls/buns,other vegetables,,,,,,,,,
domestic eggs,newspapers,,,,,,,,,
pip fruit,shopping bags,butter,,,,,,,,
pastry,rolls/buns,,,,,,,,,
ham,brown bread,,,,,,,,,
oil,waffles,,,,,,,,,
sausage,chicken,frozen vegetables,whole milk,packaged fruit/vegetables,,,,,,
turkey,chewing gum,,,,,,,,,
frankfurter,red/blush wine,rolls/buns,,,,,,,,
whole milk,coffee,soft cheese,,,,,,,,
curd,soda,,,,,,,,,
other vegetables,other vegetables,,,,,,,,,
yogurt,coffee,,,,,,,,,
margarine,pickled vegetables,,,,,,,,,
chicken,fruit/vegetable juice,,,,,,,,,
cake bar,butter milk,,,,,,,,,
cream,yogurt,,,,,,,,,
coffee,soda,,,,,,,,,
whole milk,oil,,,,,,,,,
whole milk,dessert,,,,,,,,,
whole milk,coffee,,,,,,,,,
ham,dessert,,,,,,,,,
shopping bags,rolls/buns,,,,,,,,,
onions,whipped/sour cream,dishes,,,,,,,,
whole milk,cat food,,,,,,,,,
whole milk,popcorn,,,,,,,,,
tropical fruit,baking powder,,,,,,,,,
other vegetables,root vegetables,,,,,,,,,
frozen vegetables,butter,,,,,,,,,
other vegetables,citrus fruit,,,,,,,,,
pork,yogurt,,,,,,,,,
root vegetables,hard cheese,,,,,,,,,
other vegetables,processed cheese,,,,,,,,,
herbs,brown bread,,,,,,,,,
salty snack,shopping bags,,,,,,,,,
soda,newspapers,long life bakery product,,,,,,,,
onions,ice cream,,,,,,,,,
berries,domestic eggs,,,,,,,,,
ham,citrus fruit,sugar,ice cream,whole milk,chocolate marshmallow,specialty bar,candy,,,
newspapers,flour,frozen fish,cream cheese ,,,,,,,
nuts/prunes,long life bakery product,,,,,,,,,
root vegetables,pastry,specialty chocolate,,,,,,,,
sparkling wine,specialty bar,,,,,,,,,
shopping bags,whole milk,,,,,,,,,
other vegetables,salty snack,,,,,,,,,
pip fruit,tropical fruit,shopping bags,,,,,,,,
oil,other vegetables,,,,,,,,,
whipped/sour cream,coffee,,,,,,,,,
sausage,dessert,,,,,,,,,
frankfurter,frankfurter,tropical fruit,berries,,,,,,,
root vegetables,frozen meals,shopping bags,margarine,,,,,,,
frankfurter,whole milk,,,,,,,,,
citrus fruit,semi-finished bread,yogurt,,,,,,,,
rolls/buns,berries,meat spreads,,,,,,,,
white bread,beverages,,,,,,,,,
beef,other vegetables,,,,,,,,,
margarine,berries,yogurt,coffee,soda,chewing gum,,,,,
shopping bags,rice,,,,,,,,,
pip fruit,popcorn,rolls/buns,bottled water,,,,,,,
curd,sausage,margarine,long life bakery product,,,,,,,
bottled water,photo/film,,,,,,,,,
rolls/buns,domestic eggs,bottled water,,,,,,,,
bottled water,yogurt,tropical fruit,whole milk,,,,,,,
sparkling wine,waffles,,,,,,,,,
hamburger meat,yogurt,,,,,,,,,
beverages,chocolate,,,,,,,,,
ham,rolls/buns,,,,,,,,,
tropical fruit,beef,curd,rolls/buns,whipped/sour cream,whole milk,candles,cake bar,flour,,
other vegetables,sausage,tropical fruit,frozen meals,hygiene articles,rolls/buns,,,,,
pork,butter,,,,,,,,,
citrus fruit,other vegetables,,,,,,,,,
soda,spices,shopping bags,,,,,,,,
citrus fruit,frozen vegetables,,,,,,,,,
photo/film,liquor (appetizer),,,,,,,,,
pastry,yogurt,,,,,,,,,
bottled water,Instant food products,,,,,,,,,
citrus fruit,dish cleaner,margarine,,,,,,,,
tropical fruit,canned beer,,,,,,,,,
brown bread,whipped/sour cream,,,,,,,,,
other vegetables,newspapers,,,,,,,,,
rolls/buns,rolls/buns,,,,,,,,,
other vegetables,red/blush wine,curd,,,,,,,,
frankfurter,margarine,,,,,,,,,
tropical fruit,pickled vegetables,,,,,,,,,
pastry,semi-finished bread,dishes,napkins,,,,,,,
tropical fruit,white wine,curd,grapes,,,,,,,
pastry,specialty cheese,soap,rolls/buns,,,,,,,
root vegetables,whole milk,bottled water,canned vegetables,,,,,,,
other vegetables,processed cheese,,,,,,,,,
rolls/buns,pip fruit,,,,,,,,,
other vegetables,yogurt,,,,,,,,,
pip fruit,waffles,,,,,,,,,
whipped/sour cream,soft cheese,,,,,,,,,
grapes,chewing gum,curd cheese,,,,,,,,
soda,soda,oil,,,,,,,,
ham,whole milk,,,,,,,,,
tropical fruit,frozen meals,yogurt,other vegetables,,,,,,,
rolls/buns,chewing gum,,,,,,,,,
rolls/buns,long life bakery product,,,,,,,,,
ice cream,yogurt,oil,,,,,,,,
oil,UHT-milk,,,,,,,,,
pork,beef,canned beer,newspapers,fruit/vegetable juice,,,,,,
citrus fruit,frozen vegetables,margarine,,,,,,,,
whole milk,frozen dessert,popcorn,,,,,,,,
whole milk,brandy,brown bread,,,,,,,,
rolls/buns,citrus fruit,fruit/vegetable juice,,,,,,,,
other vegetables,soda,root vegetables,flower soil/fertilizer,meat,shopping bags,soda,processed cheese,,,
meat,liquor,,,,,,,,,
whole milk,soda,,,,,,,,,
frankfurter,cat food,,,,,,,,,
soda,cling film/bags,,,,,,,,,
salt,fruit/vegetable juice,,,,,,,,,
meat,rolls/buns,pastry,,,,,,,,
canned beer,brown bread,,,,,,,,,
yogurt,other vegetables,,,,,,,,,
beef,yogurt,,,,,,,,,
bottled water,berries,oil,,,,,,,,
beverages,rolls/buns,,,,,,,,,
citrus fruit,yogurt,citrus fruit,other vegetables,,,,,,,
bottled water,yogurt,seasonal products,,,,,,,,
long life bakery product,bottled beer,,,,,,,,,
sausage,photo/film,,,,,,,,,
whole milk,whipped/sour cream,,,,,,,,,
fruit/vegetable juice,coffee,,,,,,,,,
pip fruit,pork,sausage,dessert,grapes,soda,dessert,yogurt,whole milk,,
spread cheese,shopping bags,,,,,,,,,
citrus fruit,yogurt,,,,,,,,,
shopping bags,other vegetables,newspapers,domestic eggs,,,,,,,
bottled water,tropical fruit,,,,,,,,,
shopping bags,soda,,,,,,,,,
root vegetables,nut snack,,,,,,,,,
female sanitary products,domestic eggs,,,,,,,,,
canned fish,rolls/buns,,,,,,,,,
cream cheese ,pastry,,,,,,,,,
pork,root vegetables,root vegetables,curd,canned vegetables,cream cheese ,fruit/vegetable juice,nut snack,,,
yogurt,pastry,,,,,,,,,
whole milk,root vegetables,,,,,,,,,
rum,rolls/buns,,,,,,,,,
other vegetables,brown bread,,,,,,,,,
berries,pet care,,,,,,,,,
soda,snack products,,,,,,,,,
citrus fruit,root vegetables,,,,,,,,,
hamburger meat,spices,chocolate,,,,,,,,
yogurt,chicken,liquor,chewing gum,soda,,,,,,
other vegetables,chicken,onions,rolls/buns,spices,other vegetables,,,,,
sausage,grapes,,,,,,,,,
tropical fruit,sausage,dog food,sweet spreads,,,,,,,
ice cream,pip fruit,,,,,,,,,
sausage,chicken,,,,,,,,,
misc. beverages,pork,domestic eggs,sparkling wine,whipped/sour cream,semi-finished bread,,,,,
frozen dessert,rolls/buns,,,,,,,,,
pastry,detergent,dishes,,,,,,,,
turkey,whole milk,,,,,,,,,
canned beer,cooking chocolate,white bread,curd,mustard,chocolate,,,,,
sausage,other vegetables,fruit/vegetable juice,,,,,,,,
meat,oil,candles,female sanitary products,,,,,,,
bottled beer,soda,frozen vegetables,,,,,,,,
pip fruit,butter,,,,,,,,,
rolls/buns,hard cheese,rolls/buns,flour,,,,,,,
frankfurter,rolls/buns,coffee,white wine,,,,,,,
yogurt,soda,frozen vegetables,,,,,,,,
hamburger meat,newspapers,,,,,,,,,
rolls/buns,butter,,,,,,,,,
rolls/buns,bottled beer,coffee,pastry,brown bread,brown bread,napkins,napkins,,,
rolls/buns,whole milk,white bread,popcorn,,,,,,,
ham,cream cheese ,other vegetables,oil,candy,,,,,,
frankfurter,pip fruit,,,,,,,,,
brown bread,waffles,,,,,,,,,
other vegetables,sliced cheese,,,,,,,,,
whipped/sour cream,tropical fruit,specialty chocolate,flour,,,,,,,
bottled beer,soda,bottled water,cat food,,,,,,,
other vegetables,skin care,domestic eggs,,,,,,,,
butter milk,butter,,,,,,,,,
whole milk,whole milk,,,,,,,,,
grapes,honey,,,,,,,,,
pot plants,newspapers,brown bread,,,,,,,,
pip fruit,sausage,red/blush wine,coffee,salt,pastry,,,,,
hamburger meat,cream cheese ,,,,,,,,,
beef,bottled beer,herbs,,,,,,,,
ice cream,fruit/vegetable juice,cereals,,,,,,,,
rolls/buns,other vegetables,,,,,,,,,
soda,newspapers,,,,,,,,,
root vegetables,butter,dessert,,,,,,,,
citrus fruit,whole milk,,,,,,,,,
onions,soda,,,,,,,,,
root vegetables,pip fruit,,,,,,,,,
liver loaf,hamburger meat,sausage,whole milk,whipped/sour cream,other vegetables,white bread,whole milk,rolls/buns,,
yogurt,pip fruit,yogurt,,,,,,,,
hamburger meat,pastry,cereals,,,,,,,,
domestic eggs,newspapers,,,,,,,,,
citrus fruit,sweet spreads,,,,,,,,,
hamburger meat,soft cheese,,,,,,,,,
root vegetables,processed cheese,,,,,,,,,
soft cheese,semi-finished bread,,,,,,,,,
citrus fruit,UHT-milk,,,,,,,,,
citrus fruit,liquor,,,,,,,,,
sausage,frozen meals,long life bakery product,soda,,,,,,,
frankfurter,dessert,,,,,,,,,
grapes,other vegetables,,,,,,,,,
pastry,napkins,,,,,,,,,
citrus fruit,napkins,,,,,,,,,
frankfurter,whole milk,whole milk,specialty bar,,,,,,,
whole milk,coffee,chewing gum,,,,,,,,
other vegetables,abrasive cleaner,bottled beer,,,,,,,,
white wine,sauces,,,,,,,,,
whole milk,bottled water,whipped/sour cream,,,,,,,,
root vegetables,soda,,,,,,,,,
whole milk,whole milk,domestic eggs,,,,,,,,
meat,citrus fruit,pip fruit,other vegetables,,,,,,,
photo/film,pork,liquor,,,,,,,,
ham,cream cheese ,,,,,,,,,
whole milk,pip fruit,,,,,,,,,
semi-finished bread,liquor,pastry,,,,,,,,
tropical fruit,cling film/bags,,,,,,,,,
pip fruit,pasta,,,,,,,,,
ice cream,curd,,,,,,,,,
frankfurter,curd,,,,,,,,,
soda,sugar,,,,,,,,,
pip fruit,root vegetables,,,,,,,,,
pip fruit,rum,,,,,,,,,
berries,brown bread,,,,,,,,,
frankfurter,chicken,white bread,whipped/sour cream,specialty fat,soft cheese,,,,,
detergent,newspapers,other vegetables,ketchup,,,,,,,
chicken,cling film/bags,,,,,,,,,
liver loaf,domestic eggs,,,,,,,,,
UHT-milk,rolls/buns,,,,,,,,,
root vegetables,red/blush wine,,,,,,,,,
other vegetables,other vegetables,jam,,,,,,,,
other vegetables,rum,bottled water,,,,,,,,
pip fruit,rolls/buns,,,,,,,,,
pip fruit,butter,,,,,,,,,
long life bakery product,whole milk,pip fruit,pork,frozen dessert,,,,,,
rolls/buns,curd,cat food,,,,,,,,
chicken,soda,canned fish,,,,,,,,
pork,beef,yogurt,,,,,,,,
citrus fruit,bottled water,,,,,,,,,
rolls/buns,other vegetables,curd,spread cheese,candles,,,,,,
tropical fruit,margarine,,,,,,,,,
beef,pork,salty snack,abrasive cleaner,pasta,shopping bags,,,,,
whole milk,canned beer,,,,,,,,,
root vegetables,sausage,condensed milk,other vegetables,canned beer,white bread,hard cheese,frozen vegetables,,,
rolls/buns,coffee,,,,,,,,,
dish cleaner,whole milk,canned fish,,,,,,,,
salt,ice cream,yogurt,canned beer,,,,,,,
bottled water,other vegetables,,,,,,,,,
pip fruit,soda,domestic eggs,,,,,,,,
beverages,domestic eggs,,,,,,,,,
pasta,mustard,syrup,,,,,,,,
frozen vegetables,pasta,,,,,,,,,
other vegetables,cookware,canned beer,canned beer,frozen vegetables,butter,ice cream,bottled water,,,
citrus fruit,pastry,,,,,,,,,
berries,baking powder,,,,,,,,,
whole milk,sauces,,,,,,,,,
sausage,bottled water,,,,,,,,,
misc. beverages,bottled water,mustard,,,,,,,,
soda,yogurt,,,,,,,,,
meat spreads,shopping bags,,,,,,,,,
oil,cake bar,,,,,,,,,
bottled water,yogurt,beef,berries,chocolate,butter,,,,,
canned beer,seasonal products,,,,,,,,,
pip fruit,white bread,,,,,,,,,
bottled beer,butter,,,,,,,,,
beverages,bottled water,,,,,,,,,
organic sausage,grapes,pastry,,,,,,,,
sliced cheese,whole milk,,,,,,,,,
detergent,newspapers,,,,,,,,,
dishes,shopping bags,hard cheese,other vegetables,,,,,,,
beef,processed cheese,other vegetables,spices,,,,,,,
rolls/buns,rubbing alcohol,pastry,,,,,,,,
root vegetables,softener,,,,,,,,,
whole milk,bottled water,,,,,,,,,
sugar,frozen fish,,,,,,,,,
pork,root vegetables,,,,,,,,,
citrus fruit,cling film/bags,hard cheese,,,,,,,,
rolls/buns,soda,,,,,,,,,
canned beer,red/blush wine,salty snack,,,,,,,,
tropical fruit,whole milk,,,,,,,,,
misc. beverages,root vegetables,frozen vegetables,rolls/buns,,,,,,,
tropical fruit,rolls/buns,,,,,,,,,
other vegetables,canned fish,white bread,waffles,,,,,,,
meat,yogurt,soda,red/blush wine,,,,,,,
root vegetables,yogurt,,,,,,,,,
beef,curd,,,,,,,,,
fish,soda,bottled beer,bottled beer,,,,,,,
bottled beer,butter,,,,,,,,,
grapes,frozen vegetables,,,,,,,,,
pip fruit,frozen vegetables,whipped/sour cream,whipped/sour cream,,,,,,,
rolls/buns,chicken,,,,,,,,,
soda,herbs,canned beer,soda,seasonal products,dishes,yogurt,mayonnaise,flower (seeds),,
chicken,pastry,,,,,,,,,
butter milk,whipped/sour cream,,,,,,,,,
bottled beer,specialty chocolate,,,,,,,,,
chicken,oil,,,,,,,,,
oil,coffee,,,,,,,,,
yogurt,waffles,,,,,,,,,
grapes,meat spreads,domestic eggs,,,,,,,,
onions,tropical fruit,shopping bags,other vegetables,,,,,,,
whole milk,cream cheese ,,,,,,,,,
UHT-milk,curd,chocolate,,,,,,,,
hamburger meat,rolls/buns,beverages,dessert,whole milk,domestic eggs,yogurt,soda,,,
tropical fruit,domestic eggs,,,,,,,,,
dessert,brown bread,,,,,,,,,
rolls/buns,domestic eggs,,,,,,,,,
packaged fruit/vegetables,shopping bags,butter milk,,,,,,,,
yogurt,canned beer,,,,,,,,,
whole milk,whole milk,,,,,,,,,
whole milk,rolls/buns,hygiene articles,,,,,,,,
long life bakery product,rum,,,,,,,,,
pastry,shopping bags,,,,,,,,,
whipped/sour cream,soda,,,,,,,,,
pip fruit,candy,,,,,,,,,
soda,salty snack,,,,,,,,,
ham,bottled beer,,,,,,,,,
cream cheese ,white bread,,,,,,,,,
bottled beer,fruit/vegetable juice,,,,,,,,,
butter,citrus fruit,margarine,soda,whole milk,roll products ,,,,,
root vegetables,soups,,,,,,,,,
other vegetables,other vegetables,whole milk,,,,,,,,
sausage,whole milk,yogurt,,,,,,,,
bottled beer,chocolate,,,,,,,,,
potato products,other vegetables,,,,,,,,,
tropical fruit,spread cheese,onions,mayonnaise,,,,,,,
sausage,soda,,,,,,,,,
hamburger meat,sliced cheese,,,,,,,,,
whole milk,misc. beverages,,,,,,,,,
fruit/vegetable juice,canned fish,light bulbs,long life bakery product,,,,,,,
root vegetables,curd,,,,,,,,,
ham,specialty bar,,,,,,,,,
shopping bags,tropical fruit,,,,,,,,,
bottled water,soda,margarine,candy,,,,,,,
condensed milk,curd,,,,,,,,,
meat,pasta,,,,,,,,,
coffee,pip fruit,,,,,,,,,
pip fruit,tropical fruit,mustard,,,,,,,,
pip fruit,white wine,shopping bags,,,,,,,,
soda,candles,,,,,,,,,
rolls/buns,condensed milk,whole milk,soda,,,,,,,
whole milk,spread cheese,,,,,,,,,
root vegetables,ice cream,margarine,,,,,,,,
candy,berries,mustard,,,,,,,,
frozen meals,other vegetables,,,,,,,,,
soda,specialty chocolate,,,,,,,,,
meat,whole milk,,,,,,,,,
other vegetables,whole milk,,,,,,,,,
canned beer,newspapers,,,,,,,,,
onions,onions,,,,,,,,,
whole milk,margarine,,,,,,,,,
citrus fruit,soda,,,,,,,,,
soda,sliced cheese,butter,,,,,,,,
tropical fruit,fruit/vegetable juice,,,,,,,,,
meat,dishes,,,,,,,,,
whole milk,onions,,,,,,,,,
meat,pip fruit,,,,,,,,,
other vegetables,pork,herbs,oil,,,,,,,
whole milk,margarine,,,,,,,,,
soda,frozen dessert,pickled vegetables,,,,,,,,
sausage,flour,,,,,,,,,
pork,whole milk,,,,,,,,,
sausage,coffee,,,,,,,,,
whole milk,butter,,,,,,,,,
soda,other vegetables,,,,,,,,,
soda,soda,,,,,,,,,
whole milk,pastry,fruit/vegetable juice,,,,,,,,
sausage,bottled water,mustard,bottled beer,,,,,,,
meat,shopping bags,,,,,,,,,
beef,pet care,,,,,,,,,
pip fruit,whole milk,,,,,,,,,
chicken,salty snack,,,,,,,,,
berries,pastry,,,,,,,,,
coffee,baking powder,,,,,,,,,
salty snack,root vegetables,,,,,,,,,
soda,cream cheese ,,,,,,,,,
rolls/buns,bottled beer,,,,,,,,,
whole milk,hard cheese,,,,,,,,,
tropical fruit,domestic eggs,candy,sugar,,,,,,,
specialty bar,shopping bags,,,,,,,,,
whole milk,spread cheese,popcorn,,,,,,,,
seasonal products,other vegetables,bottled water,,,,,,,,
citrus fruit,butter,,,,,,,,,
pastry,hard cheese,,,,,,,,,
citrus fruit,cake bar,,,,,,,,,
chewing gum,soda,,,,,,,,,
citrus fruit,tropical fruit,soda,coffee,domestic eggs,,,,,,
sausage,specialty chocolate,,,,,,,,,
frankfurter,butter,red/blush wine,,,,,,,,
soda,shopping bags,,,,,,,,,
whole milk,butter,soda,fruit/vegetable juice,,,,,,,
misc. beverages,frozen meals,,,,,,,,,
rolls/buns,bottled water,,,,,,,,,
condensed milk,yogurt,,,,,,,,,
sausage,chicken,,,,,,,,,
tropical fruit,soda,,,,,,,,,
pork,sugar,,,,,,,,,
whipped/sour cream,waffles,,,,,,,,,
tropical fruit,other vegetables,,,,,,,,,
soft cheese,bottled beer,,,,,,,,,
salty snack,soups,brown bread,,,,,,,,
onions,canned beer,,,,,,,,,
other vegetables,whipped/sour cream,,,,,,,,,
frozen fish,whole milk,,,,,,,,,
sausage,margarine,,,,,,,,,
pastry,berries,,,,,,,,,
sausage,bottled water,,,,,,,,,
cream cheese ,whole milk,,,,,,,,,
rolls/buns,margarine,whole milk,liquor (appetizer),,,,,,,
other vegetables,tropical fruit,pastry,citrus fruit,curd,soda,whole milk,detergent,syrup,,
rolls/buns,yogurt,sugar,,,,,,,,
mustard,whole milk,tropical fruit,whole milk,,,,,,,
whipped/sour cream,root vegetables,,,,,,,,,
chocolate marshmallow,ready soups,,,,,,,,,
root vegetables,dog food,,,,,,,,,
root vegetables,turkey,bottled water,,,,,,,,
chocolate,other vegetables,,,,,,,,,
butter,soda,oil,,,,,,,,
dessert,dishes,,,,,,,,,
yogurt,soda,,,,,,,,,
pork,beverages,dishes,,,,,,,,
nuts/prunes,brown bread,newspapers,,,,,,,,
dessert,margarine,,,,,,,,,
pip fruit,pastry,Instant food products,,,,,,,,
newspapers,canned beer,,,,,,,,,
other vegetables,tropical fruit,,,,,,,,,
salt,canned beer,roll products ,,,,,,,,
rolls/buns,candy,,,,,,,,,
whole milk,spread cheese,,,,,,,,,
whole milk,whole milk,,,,,,,,,
whole milk,ice cream,,,,,,,,,
chewing gum,frozen vegetables,,,,,,,,,
chewing gum,ice cream,,,,,,,,,
pasta,whole milk,waffles,,,,,,,,
butter,whole milk,,,,,,,,,
bottled beer,whole milk,,,,,,,,,
yogurt,butter,,,,,,,,,
UHT-milk,cream cheese ,,,,,,,,,
pip fruit,flower (seeds),,,,,,,,,
curd,bottled beer,,,,,,,,,
pip fruit,liver loaf,root vegetables,rolls/buns,mayonnaise,curd,root vegetables,hard cheese,chocolate,,
yogurt,pastry,,,,,,,,,
root vegetables,chewing gum,chocolate,bottled beer,,,,,,,
photo/film,frankfurter,other vegetables,curd,waffles,,,,,,
other vegetables,shopping bags,,,,,,,,,
sausage,whole milk,popcorn,fruit/vegetable juice,canned fruit,whole milk,soda,,,,
bottled beer,red/blush wine,,,,,,,,,
whole milk,frozen potato products,,,,,,,,,
turkey,bottled water,,,,,,,,,
hard cheese,salty snack,,,,,,,,,
whole milk,newspapers,,,,,,,,,
whole milk,condensed milk,,,,,,,,,
candy,whole milk,cling film/bags,whipped/sour cream,newspapers,baking powder,,,,,
pork,tropical fruit,pip fruit,brown bread,,,,,,,
bottled beer,other vegetables,butter,,,,,,,,
pip fruit,candles,,,,,,,,,
citrus fruit,brown bread,,,,,,,,,
pastry,root vegetables,,,,,,,,,
beverages,cake bar,cake bar,frozen meals,,,,,,,
sausage,cocoa drinks,,,,,,,,,
tropical fruit,whole milk,,,,,,,,,
butter,ice cream,,,,,,,,,
whole milk,yogurt,frozen vegetables,,,,,,,,
fruit/vegetable juice,curd,,,,,,,,,
yogurt,citrus fruit,,,,,,,,,
pork,frozen meals,canned beer,,,,,,,,
whole milk,bottled beer,,,,,,,,,
frozen vegetables,specialty bar,,,,,,,,,
sausage,pastry,,,,,,,,,
yogurt,detergent,,,,,,,,,
soda,other vegetables,,,,,,,,,
butter milk,frozen vegetables,,,,,,,,,
root vegetables,sliced cheese,shopping bags,sliced cheese,,,,,,,
pip fruit,berries,white wine,other vegetables,,,,,,,
butter,coffee,soda,pastry,,,,,,,
ham,seasonal products,cat food,,,,,,,,
bottled water,tropical fruit,domestic eggs,,,,,,,,
chocolate marshmallow,soda,,,,,,,,,
chewing gum,yogurt,,,,,,,,,
napkins,citrus fruit,,,,,,,,,
curd,soda,,,,,,,,,
dessert,whipped/sour cream,,,,,,,,,
butter,whole milk,,,,,,,,,
whole milk,curd,yogurt,,,,,,,,
beef,waffles,,,,,,,,,
onions,pastry,soda,,,,,,,,
other vegetables,hygiene articles,,,,,,,,,
pastry,yogurt,,,,,,,,,
sausage,whole milk,misc. beverages,specialty bar,soda,,,,,,
root vegetables,bottled water,,,,,,,,,
pip fruit,other vegetables,,,,,,,,,
canned beer,coffee,,,,,,,,,
onions,root vegetables,,,,,,,,,
whole milk,pip fruit,tropical fruit,soda,,,,,,,
curd,cream cheese ,domestic eggs,,,,,,,,
tropical fruit,berries,,,,,,,,,
canned beer,whole milk,,,,,,,,,
whole milk,dog food,,,,,,,,,
bottled beer,pip fruit,,,,,,,,,
sausage,hamburger meat,newspapers,,,,,,,,
meat,chocolate,,,,,,,,,
domestic eggs,coffee,pastry,,,,,,,,
frozen potato products,pastry,,,,,,,,,
pip fruit,ice cream,,,,,,,,,
coffee,soda,,,,,,,,,
root vegetables,instant coffee,root vegetables,,,,,,,,
frankfurter,rolls/buns,,,,,,,,,
whole milk,whole milk,,,,,,,,,
pip fruit,frozen meals,whole milk,rolls/buns,,,,,,,
whole milk,yogurt,,,,,,,,,
dessert,frozen fish,,,,,,,,,
fish,specialty chocolate,,,,,,,,,
shopping bags,soda,,,,,,,,,
frankfurter,coffee,,,,,,,,,
newspapers,soda,,,,,,,,,
tropical fruit,soda,rolls/buns,,,,,,,,
rolls/buns,cereals,,,,,,,,,
brown bread,candy,chocolate,,,,,,,,
sausage,fruit/vegetable juice,,,,,,,,,
hard cheese,root vegetables,white bread,,,,,,,,
other vegetables,curd,,,,,,,,,
chicken,rolls/buns,,,,,,,,,
rice,jam,,,,,,,,,
UHT-milk,berries,shopping bags,,,,,,,,
sausage,pastry,,,,,,,,,
yogurt,soda,frozen fish,,,,,,,,
white bread,soda,,,,,,,,,
pip fruit,pastry,,,,,,,,,
other vegetables,citrus fruit,canned beer,,,,,,,,
sausage,processed cheese,,,,,,,,,
canned beer,whole milk,frozen vegetables,cream cheese ,spread cheese,,,,,,
whole milk,tropical fruit,other vegetables,yogurt,domestic eggs,,,,,,
frankfurter,frankfurter,long life bakery product,newspapers,pip fruit,whipped/sour cream,hygiene articles,,,,
domestic eggs,beef,coffee,bottled beer,,,,,,,
dessert,newspapers,domestic eggs,,,,,,,,
beef,whipped/sour cream,,,,,,,,,
chocolate,white wine,,,,,,,,,
pork,shopping bags,hygiene articles,,,,,,,,
rum,coffee,sliced cheese,,,,,,,,
pip fruit,tropical fruit,frozen potato products,sweet spreads,chocolate,napkins,candles,seasonal products,,,
bottled beer,seasonal products,,,,,,,,,
hamburger meat,sausage,frankfurter,soda,root vegetables,coffee,chewing gum,pastry,,,
ham,white bread,,,,,,,,,
dessert,fruit/vegetable juice,,,,,,,,,
canned fish,specialty cheese,yogurt,specialty vegetables,,,,,,,
pork,other vegetables,,,,,,,,,
dessert,domestic eggs,,,,,,,,,
rolls/buns,other vegetables,,,,,,,,,
turkey,sugar,,,,,,,,,
other vegetables,shopping bags,,,,,,,,,
waffles,cereals,,,,,,,,,
butter,candy,candy,,,,,,,,
whole milk,yogurt,,,,,,,,,
canned beer,semi-finished bread,,,,,,,,,
coffee,tidbits,,,,,,,,,
canned beer,long life bakery product,,,,,,,,,
dessert,brown bread,,,,,,,,,
frankfurter,other vegetables,butter,frozen vegetables,,,,,,,
soda,misc. beverages,,,,,,,,,
margarine,frozen vegetables,,,,,,,,,
whole milk,fruit/vegetable juice,,,,,,,,,
bottled water,bottled beer,canned fish,,,,,,,,
oil,soda,,,,,,,,,
other vegetables,frozen meals,,,,,,,,,
soda,waffles,,,,,,,,,
pip fruit,soda,,,,,,,,,
bottled water,hair spray,processed cheese,,,,,,,,
hamburger meat,seasonal products,,,,,,,,,
sausage,other vegetables,,,,,,,,,
chicken,shopping bags,,,,,,,,,
soda,butter milk,,,,,,,,,
yogurt,long life bakery product,onions,hygiene articles,sugar,,,,,,
citrus fruit,chewing gum,brown bread,,,,,,,,
dessert,beef,,,,,,,,,
soda,soda,,,,,,,,,
whole milk,pasta,,,,,,,,,
other vegetables,sausage,onions,whole milk,chocolate,,,,,,
coffee,whipped/sour cream,,,,,,,,,
specialty bar,candy,,,,,,,,,
bottled water,softener,rolls/buns,,,,,,,,
newspapers,shopping bags,,,,,,,,,
ham,whole milk,,,,,,,,,
grapes,other vegetables,,,,,,,,,
canned beer,whole milk,,,,,,,,,
other vegetables,rolls/buns,,,,,,,,,
tropical fruit,other vegetables,,,,,,,,,
tropical fruit,other vegetables,,,,,,,,,
newspapers,rolls/buns,,,,,,,,,
tropical fruit,chocolate,,,,,,,,,
onions,specialty bar,,,,,,,,,
whipped/sour cream,white bread,,,,,,,,,
citrus fruit,pip fruit,,,,,,,,,
other vegetables,waffles,,,,,,,,,
beef,margarine,other vegetables,,,,,,,,
coffee,soft cheese,,,,,,,,,
chicken,bottled water,,,,,,,,,
other vegetables,shopping bags,,,,,,,,,
instant coffee,sparkling wine,,,,,,,,,
napkins,cleaner,,,,,,,,,
tropical fruit,bottled water,pastry,flour,,,,,,,
rolls/buns,instant coffee,,,,,,,,,
pastry,sausage,soda,rolls/buns,sugar,soda,other vegetables,whole milk,softener,,
packaged fruit/vegetables,root vegetables,sliced cheese,pip fruit,,,,,,,
canned beer,grapes,,,,,,,,,
liquor,hygiene articles,,,,,,,,,
other vegetables,mustard,,,,,,,,,
sausage,shopping bags,,,,,,,,,
bottled beer,citrus fruit,frozen potato products,fruit/vegetable juice,sugar,sauces,,,,,
sausage,chicken,pip fruit,other vegetables,,,,,,,
soft cheese,soda,,,,,,,,,
beef,soft cheese,,,,,,,,,
butter milk,spices,,,,,,,,,
dessert,curd,,,,,,,,,
beverages,whole milk,semi-finished bread,domestic eggs,,,,,,,
brown bread,pastry,,,,,,,,,
chicken,dessert,,,,,,,,,
pastry,domestic eggs,dish cleaner,,,,,,,,
pip fruit,whipped/sour cream,rolls/buns,,,,,,,,
root vegetables,domestic eggs,,,,,,,,,
whole milk,sausage,,,,,,,,,
tropical fruit,artif. sweetener,,,,,,,,,
finished products,liquor,,,,,,,,,
pet care,bottled water,,,,,,,,,
UHT-milk,tropical fruit,,,,,,,,,
pork,spread cheese,,,,,,,,,
meat,butter milk,,,,,,,,,
hygiene articles,chicken,,,,,,,,,
turkey,domestic eggs,,,,,,,,,
berries,cream cheese ,,,,,,,,,
meat,fruit/vegetable juice,,,,,,,,,
curd,margarine,,,,,,,,,
canned beer,flower soil/fertilizer,,,,,,,,,
pip fruit,yogurt,,,,,,,,,
yogurt,root vegetables,,,,,,,,,
whole milk,specialty chocolate,bottled beer,canned beer,rolls/buns,,,,,,
bottled beer,flower (seeds),,,,,,,,,
pip fruit,rolls/buns,,,,,,,,,
frankfurter,ketchup,,,,,,,,,
whole milk,other vegetables,,,,,,,,,
sausage,root vegetables,brown bread,,,,,,,,
sausage,beverages,,,,,,,,,
whole milk,misc. beverages,,,,,,,,,
rolls/buns,domestic eggs,butter,butter,,,,,,,
root vegetables,cream,,,,,,,,,
pasta,soda,,,,,,,,,
grapes,curd,,,,,,,,,
beverages,bottled water,,,,,,,,,
whole milk,whole milk,,,,,,,,,
semi-finished bread,flour,,,,,,,,,
salty snack,other vegetables,yogurt,other vegetables,,,,,,,
other vegetables,beverages,ice cream,shopping bags,,,,,,,
pip fruit,whole milk,,,,,,,,,
dessert,rolls/buns,,,,,,,,,
soda,salty snack,butter milk,baking powder,,,,,,,
soda,misc. beverages,,,,,,,,,
whole milk,other vegetables,ice cream,,,,,,,,
other vegetables,brown bread,hard cheese,soda,roll products ,newspapers,,,,,
herbs,canned beer,,,,,,,,,
sausage,semi-finished bread,,,,,,,,,
root vegetables,roll products ,root vegetables,whole milk,,,,,,,
pip fruit,artif. sweetener,hygiene articles,,,,,,,,
dishes,onions,canned beer,,,,,,,,
ham,beverages,margarine,,,,,,,,
domestic eggs,other vegetables,,,,,,,,,
citrus fruit,other vegetables,frozen vegetables,waffles,,,,,,,
yogurt,sliced cheese,whipped/sour cream,,,,,,,,
onions,pastry,shopping bags,,,,,,,,
onions,flour,,,,,,,,,
bottled water,coffee,curd,,,,,,,,
hamburger meat,dish cleaner,,,,,,,,,
sausage,pip fruit,,,,,,,,,
margarine,rolls/buns,,,,,,,,,
tropical fruit,root vegetables,,,,,,,,,
pork,processed cheese,,,,,,,,,
pip fruit,cream cheese ,,,,,,,,,
whole milk,rolls/buns,soda,,,,,,,,
bottled water,whole milk,,,,,,,,,
whole milk,frozen vegetables,,,,,,,,,
whole milk,bottled beer,,,,,,,,,
rolls/buns,frozen meals,,,,,,,,,
other vegetables,meat,soda,whipped/sour cream,,,,,,,
other vegetables,yogurt,,,,,,,,,
yogurt,other vegetables,,,,,,,,,
ham,napkins,,,,,,,,,
dessert,pot plants,,,,,,,,,
chicken,other vegetables,,,,,,,,,
yogurt,pet care,,,,,,,,,
ham,tropical fruit,frozen meals,sparkling wine,,,,,,,
frozen meals,tidbits,,,,,,,,,
instant coffee,candles,,,,,,,,,
pip fruit,butter,whole milk,other vegetables,,,,,,,
soda,brown bread,,,,,,,,,
pastry,napkins,,,,,,,,,
misc. beverages,whipped/sour cream,pastry,,,,,,,,
bottled beer,fruit/vegetable juice,fruit/vegetable juice,,,,,,,,
white wine,condensed milk,,,,,,,,,
other vegetables,pasta,,,,,,,,,
pip fruit,butter,,,,,,,,,
domestic eggs,UHT-milk,,,,,,,,,
rolls/buns,fruit/vegetable juice,,,,,,,,,
citrus fruit,other vegetables,,,,,,,,,
soda,whipped/sour cream,,,,,,,,,
finished products,berries,,,,,,,,,
coffee,domestic eggs,,,,,,,,,
whipped/sour cream,hygiene articles,,,,,,,,,
sausage,detergent,hygiene articles,,,,,,,,
butter,whole milk,,,,,,,,,
frozen potato products,specialty cheese,,,,,,,,,
margarine,coffee,sliced cheese,,,,,,,,
canned beer,turkey,pastry,bottled water,butter,,,,,,
soda,roll products ,seasonal products,,,,,,,,
rolls/buns,cake bar,,,,,,,,,
pastry,condensed milk,rice,tropical fruit,chocolate marshmallow,,,,,,
liquor,UHT-milk,,,,,,,,,
beef,specialty chocolate,,,,,,,,,
white bread,bottled water,,,,,,,,,
root vegetables,chocolate,,,,,,,,,
berries,rolls/buns,,,,,,,,,
tropical fruit,soda,,,,,,,,,
whole milk,red/blush wine,,,,,,,,,
other vegetables,whole milk,,,,,,,,,
sugar,UHT-milk,margarine,,,,,,,,
beef,specialty chocolate,,,,,,,,,
chocolate marshmallow,salt,,,,,,,,,
berries,frozen meals,,,,,,,,,
rolls/buns,shopping bags,,,,,,,,,
pastry,specialty bar,,,,,,,,,
beef,domestic eggs,,,,,,,,,
sausage,ice cream,,,,,,,,,
cat food,domestic eggs,,,,,,,,,
soda,frankfurter,bottled water,chicken,,,,,,,
ham,newspapers,waffles,,,,,,,,
herbs,sausage,candy,whole milk,,,,,,,
root vegetables,shopping bags,,,,,,,,,
other vegetables,whole milk,soda,oil,pastry,fruit/vegetable juice,newspapers,,,,
coffee,root vegetables,,,,,,,,,
sausage,rolls/buns,rice,,,,,,,,
tropical fruit,rolls/buns,,,,,,,,,
house keeping products,newspapers,,,,,,,,,
ice cream,hamburger meat,,,,,,,,,
curd,cat food,,,,,,,,,
pot plants,butter milk,margarine,,,,,,,,
chicken,whole milk,,,,,,,,,
whole milk,other vegetables,,,,,,,,,
specialty chocolate,onions,,,,,,,,,
shopping bags,baking powder,,,,,,,,,
waffles,flour,,,,,,,,,
misc. beverages,waffles,bottled beer,,,,,,,,
pet care,frozen vegetables,spices,,,,,,,,
whole milk,rolls/buns,,,,,,,,,
instant coffee,processed cheese,,,,,,,,,
citrus fruit,other vegetables,,,,,,,,,
frozen meals,rolls/buns,,,,,,,,,
meat spreads,bottled beer,,,,,,,,,
chocolate,white wine,newspapers,,,,,,,,
chicken,meat,chewing gum,bottled beer,baking powder,shopping bags,,,,,
beverages,domestic eggs,,,,,,,,,
other vegetables,pip fruit,,,,,,,,,
long life bakery product,rolls/buns,,,,,,,,,
sausage,pastry,bottled beer,UHT-milk,,,,,,,
other vegetables,pickled vegetables,hard cheese,,,,,,,,
cream cheese ,whole milk,root vegetables,frankfurter,other vegetables,whole milk,dish cleaner,mustard,hygiene articles,,
finished products,other vegetables,,,,,,,,,
cream cheese ,meat,rolls/buns,yogurt,frozen meals,whipped/sour cream,,,,,
specialty bar,candy,root vegetables,ice cream,,,,,,,
cream cheese ,frozen vegetables,sugar,coffee,,,,,,,
pork,whole milk,other vegetables,,,,,,,,
frankfurter,processed cheese,,,,,,,,,
frankfurter,curd,coffee,,,,,,,,
canned beer,other vegetables,,,,,,,,,
root vegetables,chocolate marshmallow,,,,,,,,,
whole milk,cat food,bottled beer,,,,,,,,
condensed milk,fruit/vegetable juice,white wine,specialty fat,,,,,,,
hamburger meat,coffee,yogurt,,,,,,,,
whole milk,whole milk,,,,,,,,,
sausage,whole milk,,,,,,,,,
sausage,brown bread,,,,,,,,,
specialty chocolate,liquor,,,,,,,,,
rolls/buns,margarine,,,,,,,,,
pork,margarine,,,,,,,,,
meat,dessert,,,,,,,,,
tropical fruit,flour,,,,,,,,,
other vegetables,soft cheese,,,,,,,,,
sausage,whipped/sour cream,,,,,,,,,
sausage,other vegetables,,,,,,,,,
misc. beverages,frozen vegetables,,,,,,,,,
tropical fruit,margarine,,,,,,,,,
frozen meals,rolls/buns,chocolate,shopping bags,,,,,,,
onions,tropical fruit,,,,,,,,,
dessert,soda,,,,,,,,,
pip fruit,margarine,,,,,,,,,
citrus fruit,other vegetables,,,,,,,,,
pork,frozen dessert,,,,,,,,,
sausage,other vegetables,,,,,,,,,
yogurt,pip fruit,,,,,,,,,
whole milk,newspapers,,,,,,,,,
dessert,whole milk,whole milk,domestic eggs,,,,,,,
frankfurter,chicken,rolls/buns,frankfurter,other vegetables,coffee,long life bakery product,domestic eggs,,,
yogurt,shopping bags,,,,,,,,,
brown bread,soda,,,,,,,,,
whipped/sour cream,cream cheese ,,,,,,,,,
pip fruit,whole milk,coffee,salty snack,,,,,,,
margarine,bottled water,,,,,,,,,
shopping bags,whole milk,,,,,,,,,
white bread,cleaner,,,,,,,,,
cat food,soda,,,,,,,,,
yogurt,domestic eggs,pasta,,,,,,,,
UHT-milk,frozen fish,,,,,,,,,
frankfurter,rolls/buns,,,,,,,,,
shopping bags,canned beer,,,,,,,,,
beef,fruit/vegetable juice,,,,,,,,,
berries,curd,,,,,,,,,
citrus fruit,waffles,,,,,,,,,
specialty bar,chicken,,,,,,,,,
white bread,frozen fruits,,,,,,,,,
pork,other vegetables,,,,,,,,,
curd,dessert,cling film/bags,,,,,,,,
other vegetables,whipped/sour cream,,,,,,,,,
pip fruit,citrus fruit,other vegetables,white wine,frozen vegetables,,,,,,
citrus fruit,whole milk,rolls/buns,,,,,,,,
bottled beer,jam,male cosmetics,dessert,,,,,,,
pot plants,tropical fruit,pip fruit,whole milk,semi-finished bread,,,,,,
pastry,berries,,,,,,,,,
beef,root vegetables,,,,,,,,,
rolls/buns,bottled water,,,,,,,,,
pickled vegetables,cling film/bags,,,,,,,,,
chewing gum,newspapers,candy,,,,,,,,
citrus fruit,rolls/buns,canned fish,,,,,,,,
citrus fruit,citrus fruit,,,,,,,,,
berries,tropical fruit,,,,,,,,,
sausage,zwieback,sliced cheese,other vegetables,bottled beer,soda,,,,,
chicken,pork,newspapers,,,,,,,,
chicken,flower (seeds),onions,rolls/buns,,,,,,,
sweet spreads,margarine,,,,,,,,,
waffles,other vegetables,,,,,,,,,
mustard,curd cheese,,,,,,,,,
turkey,newspapers,white wine,,,,,,,,
shopping bags,napkins,,,,,,,,,
napkins,other vegetables,pot plants,,,,,,,,
rolls/buns,red/blush wine,canned beer,,,,,,,,
butter milk,hard cheese,,,,,,,,,
frankfurter,yogurt,waffles,,,,,,,,
napkins,butter milk,cat food,shopping bags,,,,,,,
root vegetables,bottled beer,,,,,,,,,
whipped/sour cream,whole milk,,,,,,,,,
frozen vegetables,flour,,,,,,,,,
specialty chocolate,domestic eggs,,,,,,,,,
liquor (appetizer),candy,misc. beverages,,,,,,,,
rolls/buns,cereals,,,,,,,,,
tropical fruit,frozen potato products,vinegar,,,,,,,,
soda,onions,cream cheese ,,,,,,,,
sugar,brown bread,,,,,,,,,
detergent,fruit/vegetable juice,,,,,,,,,
frankfurter,herbs,,,,,,,,,
other vegetables,napkins,white wine,,,,,,,,
mustard,yogurt,cat food,bottled beer,,,,,,,
bottled water,shopping bags,bottled water,,,,,,,,
rolls/buns,root vegetables,yogurt,,,,,,,,
napkins,beef,brown bread,,,,,,,,
frankfurter,butter,mustard,,,,,,,,
sausage,curd,,,,,,,,,
ham,canned beer,soups,,,,,,,,
whole milk,whipped/sour cream,,,,,,,,,
sausage,yogurt,,,,,,,,,
rolls/buns,curd cheese,,,,,,,,,
sausage,curd,yogurt,,,,,,,,
tropical fruit,curd,,,,,,,,,
cake bar,long life bakery product,shopping bags,,,,,,,,
sausage,rolls/buns,misc. beverages,processed cheese,,,,,,,
other vegetables,waffles,butter,,,,,,,,
chicken,tropical fruit,salt,,,,,,,,
rolls/buns,tropical fruit,,,,,,,,,
tropical fruit,cat food,,,,,,,,,
citrus fruit,frozen meals,,,,,,,,,
candy,newspapers,female sanitary products,,,,,,,,
domestic eggs,cream cheese ,,,,,,,,,
pastry,brown bread,,,,,,,,,
rolls/buns,house keeping products,,,,,,,,,
other vegetables,yogurt,,,,,,,,,
chicken,pip fruit,curd,,,,,,,,
citrus fruit,pip fruit,,,,,,,,,
cream cheese ,pudding powder,,,,,,,,,
pip fruit,newspapers,root vegetables,,,,,,,,
frozen vegetables,bottled beer,soda,rolls/buns,,,,,,,
whole milk,butter,,,,,,,,,
rolls/buns,whipped/sour cream,waffles,rolls/buns,margarine,soda,salty snack,soda,canned beer,,
salty snack,red/blush wine,,,,,,,,,
hamburger meat,bottled beer,,,,,,,,,
pork,whole milk,,,,,,,,,
citrus fruit,pastry,,,,,,,,,
brown bread,yogurt,,,,,,,,,
beef,bottled water,,,,,,,,,
whole milk,spread cheese,bottled water,onions,,,,,,,
butter,rolls/buns,,,,,,,,,
citrus fruit,white bread,,,,,,,,,
pork,margarine,,,,,,,,,
pork,butter,,,,,,,,,
whole milk,rolls/buns,other vegetables,margarine,,,,,,,
canned beer,brown bread,,,,,,,,,
berries,pip fruit,pastry,,,,,,,,
canned beer,dessert,,,,,,,,,
root vegetables,mayonnaise,,,,,,,,,
yogurt,frozen vegetables,,,,,,,,,
canned beer,sliced cheese,long life bakery product,pasta,,,,,,,
rolls/buns,processed cheese,,,,,,,,,
yogurt,other vegetables,,,,,,,,,
butter milk,margarine,,,,,,,,,
cream cheese ,beverages,,,,,,,,,
sausage,tropical fruit,yogurt,,,,,,,,
sausage,soda,,,,,,,,,
seasonal products,salt,,,,,,,,,
yogurt,other vegetables,red/blush wine,domestic eggs,,,,,,,
misc. beverages,salt,candy,,,,,,,,
beverages,sausage,,,,,,,,,
curd cheese,UHT-milk,,,,,,,,,
citrus fruit,citrus fruit,specialty chocolate,cream cheese ,,,,,,,
other vegetables,salty snack,,,,,,,,,
pork,sweet spreads,,,,,,,,,
hamburger meat,newspapers,,,,,,,,,
newspapers,zwieback,,,,,,,,,
frankfurter,butter,long life bakery product,,,,,,,,
rolls/buns,cream cheese ,,,,,,,,,
whole milk,canned beer,,,,,,,,,
rolls/buns,sugar,,,,,,,,,
soda,fruit/vegetable juice,,,,,,,,,
frankfurter,citrus fruit,other vegetables,condensed milk,,,,,,,
liver loaf,processed cheese,canned beer,,,,,,,,
liver loaf,canned beer,candy,,,,,,,,
rolls/buns,specialty bar,spread cheese,,,,,,,,
seasonal products,root vegetables,,,,,,,,,
beef,dog food,yogurt,,,,,,,,
whipped/sour cream,root vegetables,rolls/buns,packaged fruit/vegetables,,,,,,,
beef,white wine,UHT-milk,butter milk,,,,,,,
pastry,coffee,newspapers,,,,,,,,
whipped/sour cream,other vegetables,,,,,,,,,
newspapers,soda,female sanitary products,,,,,,,,
beef,roll products ,root vegetables,chicken,waffles,male cosmetics,grapes,brown bread,,,
sausage,root vegetables,,,,,,,,,
root vegetables,cleaner,,,,,,,,,
pork,root vegetables,,,,,,,,,
coffee,bottled water,,,,,,,,,
dessert,soda,,,,,,,,,
whole milk,shopping bags,curd,,,,,,,,
rolls/buns,soft cheese,,,,,,,,,
other vegetables,ice cream,,,,,,,,,
newspapers,yogurt,,,,,,,,,
UHT-milk,yogurt,pastry,UHT-milk,,,,,,,
pork,pudding powder,domestic eggs,,,,,,,,
liquor (appetizer),whole milk,,,,,,,,,
whole milk,brown bread,domestic eggs,,,,,,,,
other vegetables,butter,whipped/sour cream,,,,,,,,
other vegetables,onions,,,,,,,,,
brown bread,tropical fruit,,,,,,,,,
other vegetables,vinegar,,,,,,,,,
sausage,root vegetables,,,,,,,,,
bottled water,sugar,,,,,,,,,
soda,sausage,UHT-milk,soda,rolls/buns,,,,,,
citrus fruit,shopping bags,shopping bags,,,,,,,,
meat,rolls/buns,,,,,,,,,
pork,pip fruit,chocolate,,,,,,,,
rolls/buns,UHT-milk,,,,,,,,,
other vegetables,yogurt,whipped/sour cream,napkins,,,,,,,
frankfurter,packaged fruit/vegetables,,,,,,,,,
rolls/buns,napkins,ice cream,nut snack,,,,,,,
meat,root vegetables,,,,,,,,,
pot plants,yogurt,cream cheese ,,,,,,,,
sausage,other vegetables,,,,,,,,,
other vegetables,bottled beer,,,,,,,,,
root vegetables,specialty chocolate,whisky,,,,,,,,
tropical fruit,other vegetables,,,,,,,,,
white bread,domestic eggs,,,,,,,,,
rolls/buns,cat food,,,,,,,,,
sausage,frozen potato products,,,,,,,,,
citrus fruit,soda,whipped/sour cream,,,,,,,,
margarine,whole milk,,,,,,,,,
whipped/sour cream,root vegetables,,,,,,,,,
UHT-milk,citrus fruit,frozen vegetables,,,,,,,,
zwieback,salty snack,,,,,,,,,
frankfurter,whole milk,instant coffee,bottled water,,,,,,,
tropical fruit,UHT-milk,,,,,,,,,
frankfurter,bottled water,,,,,,,,,
frankfurter,fruit/vegetable juice,shopping bags,,,,,,,,
whipped/sour cream,pickled vegetables,dish cleaner,,,,,,,,
pork,frozen vegetables,frozen meals,other vegetables,popcorn,oil,,,,,
sausage,shopping bags,light bulbs,,,,,,,,
male cosmetics,roll products ,pastry,,,,,,,,
UHT-milk,pork,,,,,,,,,
soda,bottled beer,,,,,,,,,
canned beer,other vegetables,margarine,,,,,,,,
whole milk,cream cheese ,,,,,,,,,
rolls/buns,bottled beer,white bread,,,,,,,,
UHT-milk,canned beer,,,,,,,,,
frankfurter,yogurt,,,,,,,,,
newspapers,fruit/vegetable juice,specialty chocolate,,,,,,,,
ham,other vegetables,napkins,,,,,,,,
other vegetables,whole milk,,,,,,,,,
margarine,berries,,,,,,,,,
herbs,rolls/buns,,,,,,,,,
whole milk,frozen potato products,fruit/vegetable juice,,,,,,,,
onions,domestic eggs,long life bakery product,pastry,,,,,,,
misc. beverages,tropical fruit,yogurt,specialty chocolate,,,,,,,
yogurt,dental care,,,,,,,,,
beef,tropical fruit,,,,,,,,,
pork,other vegetables,curd,domestic eggs,domestic eggs,domestic eggs,,,,,
rolls/buns,fruit/vegetable juice,,,,,,,,,
chicken,shopping bags,,,,,,,,,
specialty chocolate,frozen vegetables,other vegetables,cream cheese ,,,,,,,
root vegetables,pastry,,,,,,,,,
root vegetables,cling film/bags,,,,,,,,,
other vegetables,semi-finished bread,,,,,,,,,
pip fruit,whole milk,,,,,,,,,
beef,salty snack,,,,,,,,,
root vegetables,specialty cheese,,,,,,,,,
rolls/buns,onions,,,,,,,,,
newspapers,root vegetables,,,,,,,,,
citrus fruit,yogurt,,,,,,,,,
cake bar,pastry,butter,,,,,,,,
ham,whipped/sour cream,newspapers,,,,,,,,
whole milk,soda,shopping bags,,,,,,,,
other vegetables,bottled water,white bread,,,,,,,,
rolls/buns,hamburger meat,candles,,,,,,,,
ice cream,soda,,,,,,,,,
whole milk,soda,soda,,,,,,,,
whole milk,shopping bags,,,,,,,,,
cream cheese ,whole milk,brown bread,whole milk,,,,,,,
tropical fruit,tropical fruit,,,,,,,,,
soda,frozen fish,,,,,,,,,
root vegetables,domestic eggs,cake bar,napkins,,,,,,,
other vegetables,citrus fruit,,,,,,,,,
brown bread,whipped/sour cream,,,,,,,,,
whole milk,soft cheese,,,,,,,,,
white bread,bottled water,,,,,,,,,
yogurt,other vegetables,soft cheese,,,,,,,,
sausage,bottled beer,,,,,,,,,
beef,jam,flower (seeds),,,,,,,,
hamburger meat,dessert,,,,,,,,,
coffee,tropical fruit,,,,,,,,,
sausage,newspapers,soda,,,,,,,,
candy,pot plants,,,,,,,,,
white wine,pastry,hard cheese,coffee,hygiene articles,,,,,,
tropical fruit,margarine,,,,,,,,,
hamburger meat,sausage,tropical fruit,other vegetables,white bread,bottled water,spread cheese,sugar,,,
ice cream,soda,,,,,,,,,
meat,chocolate,,,,,,,,,
semi-finished bread,cereals,,,,,,,,,
frozen fruits,dishes,,,,,,,,,
specialty cheese,meat,cat food,bottled beer,newspapers,,,,,,
tropical fruit,chicken,soda,soda,,,,,,,
turkey,soft cheese,other vegetables,canned beer,,,,,,,
hamburger meat,pip fruit,,,,,,,,,
pip fruit,root vegetables,,,,,,,,,
frozen meals,dish cleaner,,,,,,,,,
sausage,curd,,,,,,,,,
soda,frozen meals,,,,,,,,,
ham,ice cream,,,,,,,,,
whole milk,processed cheese,,,,,,,,,
root vegetables,grapes,soda,,,,,,,,
frozen vegetables,curd,rolls/buns,,,,,,,,
whole milk,whipped/sour cream,,,,,,,,,
sausage,domestic eggs,,,,,,,,,
photo/film,domestic eggs,cocoa drinks,,,,,,,,
turkey,shopping bags,,,,,,,,,
other vegetables,soda,,,,,,,,,
zwieback,shopping bags,kitchen towels,,,,,,,,
root vegetables,tropical fruit,,,,,,,,,
soda,whole milk,,,,,,,,,
chicken,coffee,,,,,,,,,
cream cheese ,yogurt,bottled beer,bottled beer,,,,,,,
beef,rolls/buns,seasonal products,,,,,,,,
hamburger meat,rolls/buns,,,,,,,,,
syrup,whole milk,,,,,,,,,
tropical fruit,chocolate,,,,,,,,,
sausage,ketchup,,,,,,,,,
candy,rolls/buns,coffee,yogurt,,,,,,,
beef,hard cheese,,,,,,,,,
berries,sugar,female sanitary products,dessert,,,,,,,
grapes,long life bakery product,,,,,,,,,
turkey,condensed milk,yogurt,,,,,,,,
chicken,soda,packaged fruit/vegetables,,,,,,,,
root vegetables,rolls/buns,,,,,,,,,
rolls/buns,sugar,,,,,,,,,
pastry,bottled water,candles,,,,,,,,
pastry,sliced cheese,,,,,,,,,
coffee,whole milk,,,,,,,,,
root vegetables,butter,,,,,,,,,
cream cheese ,fruit/vegetable juice,,,,,,,,,
whole milk,other vegetables,,,,,,,,,
pastry,other vegetables,,,,,,,,,
specialty chocolate,rolls/buns,,,,,,,,,
shopping bags,sausage,,,,,,,,,
bottled beer,soda,newspapers,,,,,,,,
soda,whole milk,,,,,,,,,
frankfurter,frankfurter,ham,beef,baby cosmetics,other vegetables,domestic eggs,artif. sweetener,margarine,,
citrus fruit,beef,,,,,,,,,
rolls/buns,waffles,,,,,,,,,
rolls/buns,yogurt,Instant food products,,,,,,,,
chicken,berries,soda,,,,,,,,
sausage,bottled water,,,,,,,,,
soda,bottled water,ice cream,,,,,,,,
rolls/buns,red/blush wine,,,,,,,,,
frozen vegetables,chocolate marshmallow,,,,,,,,,
newspapers,shopping bags,,,,,,,,,
whole milk,onions,,,,,,,,,
butter,frozen vegetables,,,,,,,,,
yogurt,soda,yogurt,,,,,,,,
yogurt,pastry,kitchen towels,,,,,,,,
long life bakery product,waffles,canned vegetables,soft cheese,,,,,,,
whole milk,other vegetables,,,,,,,,,
whole milk,candy,,,,,,,,,
bottled water,dental care,,,,,,,,,
yogurt,bottled beer,sugar,,,,,,,,
packaged fruit/vegetables,other vegetables,,,,,,,,,
tropical fruit,sugar,,,,,,,,,
tropical fruit,white bread,,,,,,,,,
hamburger meat,pasta,,,,,,,,,
domestic eggs,chocolate,,,,,,,,,
hamburger meat,shopping bags,,,,,,,,,
brown bread,frozen meals,herbs,whole milk,hard cheese,,,,,,
onions,bottled water,cream cheese ,hard cheese,,,,,,,
brown bread,pip fruit,,,,,,,,,
other vegetables,soda,,,,,,,,,
rolls/buns,specialty cheese,domestic eggs,,,,,,,,
citrus fruit,waffles,,,,,,,,,
root vegetables,yogurt,specialty bar,,,,,,,,
whole milk,cat food,,,,,,,,,
yogurt,chewing gum,soda,oil,,,,,,,
hamburger meat,soft cheese,,,,,,,,,
root vegetables,whole milk,meat,other vegetables,dog food,bottled water,domestic eggs,,,,
fruit/vegetable juice,salty snack,candy,dental care,butter,,,,,,
sausage,frozen meals,,,,,,,,,
other vegetables,beef,,,,,,,,,
sauces,shopping bags,,,,,,,,,
beef,berries,,,,,,,,,
shopping bags,canned beer,,,,,,,,,
whole milk,root vegetables,,,,,,,,,
citrus fruit,pip fruit,,,,,,,,,
liver loaf,specialty chocolate,,,,,,,,,
bottled beer,sugar,bottled water,,,,,,,,
white bread,pot plants,,,,,,,,,
pip fruit,specialty bar,,,,,,,,,
whole milk,hamburger meat,pip fruit,curd,margarine,instant coffee,misc. beverages,,,,
frozen vegetables,other vegetables,,,,,,,,,
pastry,vinegar,salty snack,,,,,,,,
rolls/buns,chicken,whipped/sour cream,canned beer,baking powder,,,,,,
tropical fruit,coffee,dessert,fruit/vegetable juice,,,,,,,
beef,pastry,,,,,,,,,
beverages,shopping bags,,,,,,,,,
soda,dessert,,,,,,,,,
butter,cream,,,,,,,,,
canned beer,bottled beer,,,,,,,,,
tropical fruit,whole milk,,,,,,,,,
bottled beer,tropical fruit,white wine,,,,,,,,
other vegetables,bottled water,,,,,,,,,
grapes,chocolate marshmallow,dishes,,,,,,,,
other vegetables,napkins,,,,,,,,,
shopping bags,skin care,,,,,,,,,
bottled water,yogurt,,,,,,,,,
tropical fruit,coffee,softener,soda,,,,,,,
tropical fruit,other vegetables,soft cheese,,,,,,,,
chewing gum,instant coffee,,,,,,,,,
bottled beer,brown bread,,,,,,,,,
brown bread,canned beer,,,,,,,,,
candles,canned fish,oil,,,,,,,,
margarine,chocolate,,,,,,,,,
dog food,coffee,seasonal products,,,,,,,,
yogurt,oil,,,,,,,,,
sausage,whole milk,whipped/sour cream,yogurt,,,,,,,
grapes,pip fruit,photo/film,root vegetables,cling film/bags,,,,,,
beef,whole milk,,,,,,,,,
turkey,kitchen towels,,,,,,,,,
processed cheese,whole milk,rolls/buns,margarine,,,,,,,
citrus fruit,pastry,other vegetables,pastry,,,,,,,
tropical fruit,bottled water,,,,,,,,,
candy,other vegetables,,,,,,,,,
root vegetables,citrus fruit,root vegetables,misc. beverages,sliced cheese,packaged fruit/vegetables,yogurt,whipped/sour cream,,,
other vegetables,sugar,oil,,,,,,,,
yogurt,whipped/sour cream,,,,,,,,,
tropical fruit,curd,brown bread,pastry,,,,,,,
soda,meat,,,,,,,,,
whole milk,tropical fruit,,,,,,,,,
tropical fruit,pot plants,,,,,,,,,
whole milk,specialty bar,,,,,,,,,
frozen meals,chicken,whipped/sour cream,whole milk,bottled beer,,,,,,
UHT-milk,pastry,,,,,,,,,
dessert,whole milk,,,,,,,,,
whole milk,sausage,yogurt,whole milk,butter,,,,,,
root vegetables,soda,,,,,,,,,
whole milk,root vegetables,,,,,,,,,
seasonal products,flour,domestic eggs,,,,,,,,
pork,cookware,root vegetables,canned beer,whole milk,bottled water,oil,whole milk,,,
tropical fruit,whole milk,whole milk,potato products,,,,,,,
long life bakery product,brown bread,,,,,,,,,
rolls/buns,root vegetables,,,,,,,,,
root vegetables,processed cheese,,,,,,,,,
chicken,other vegetables,frozen meals,,,,,,,,
citrus fruit,tropical fruit,,,,,,,,,
ham,whipped/sour cream,,,,,,,,,
berries,UHT-milk,cream cheese ,,,,,,,,
sliced cheese,chocolate,,,,,,,,,
butter,syrup,pickled vegetables,whole milk,,,,,,,
citrus fruit,flour,,,,,,,,,
chocolate,baking powder,,,,,,,,,
root vegetables,canned beer,whole milk,oil,,,,,,,
root vegetables,salty snack,,,,,,,,,
cream cheese ,other vegetables,,,,,,,,,
red/blush wine,cream cheese ,,,,,,,,,
sausage,herbs,,,,,,,,,
yogurt,dog food,,,,,,,,,
whole milk,curd,,,,,,,,,
pip fruit,frozen vegetables,abrasive cleaner,,,,,,,,
sweet spreads,rolls/buns,,,,,,,,,
shopping bags,shopping bags,,,,,,,,,
hamburger meat,citrus fruit,whole milk,specialty bar,,,,,,,
newspapers,coffee,,,,,,,,,
bottled beer,whole milk,,,,,,,,,
finished products,domestic eggs,,,,,,,,,
dessert,semi-finished bread,,,,,,,,,
beef,soda,,,,,,,,,
root vegetables,pastry,,,,,,,,,
other vegetables,flour,,,,,,,,,
berries,waffles,,,,,,,,,
canned beer,other vegetables,,,,,,,,,
tropical fruit,brown bread,,,,,,,,,
oil,margarine,,,,,,,,,
pip fruit,hamburger meat,butter,yogurt,,,,,,,
rolls/buns,whole milk,,,,,,,,,
citrus fruit,berries,,,,,,,,,
ham,curd,,,,,,,,,
root vegetables,margarine,,,,,,,,,
berries,whole milk,,,,,,,,,
whole milk,root vegetables,curd,yogurt,,,,,,,
bottled water,newspapers,,,,,,,,,
dessert,shopping bags,,,,,,,,,
bottled water,soda,,,,,,,,,
pastry,red/blush wine,,,,,,,,,
canned beer,bottled water,,,,,,,,,
canned beer,pip fruit,rolls/buns,brown bread,soft cheese,shopping bags,,,,,
soda,soda,,,,,,,,,
canned beer,shopping bags,,,,,,,,,
whole milk,soda,,,,,,,,,
cream cheese ,frozen vegetables,pastry,bottled beer,,,,,,,
sausage,domestic eggs,,,,,,,,,
white wine,specialty cheese,,,,,,,,,
root vegetables,frozen vegetables,,,,,,,,,
whole milk,turkey,long life bakery product,,,,,,,,
canned fish,cat food,,,,,,,,,
liver loaf,processed cheese,,,,,,,,,
brown bread,brown bread,,,,,,,,,
tropical fruit,finished products,whole milk,fruit/vegetable juice,rolls/buns,,,,,,
meat,margarine,,,,,,,,,
coffee,baking powder,,,,,,,,,
specialty fat,liquor (appetizer),,,,,,,,,
yogurt,sauces,,,,,,,,,
butter,fruit/vegetable juice,,,,,,,,,
whole milk,rice,,,,,,,,,
pip fruit,white wine,sweet spreads,,,,,,,,
other vegetables,pastry,,,,,,,,,
pork,cream cheese ,,,,,,,,,
sausage,tropical fruit,,,,,,,,,
soda,whole milk,,,,,,,,,
other vegetables,rolls/buns,sweet spreads,,,,,,,,
coffee,hamburger meat,brown bread,detergent,,,,,,,
white bread,rolls/buns,whipped/sour cream,,,,,,,,
sausage,yogurt,,,,,,,,,
vinegar,whole milk,,,,,,,,,
ice cream,grapes,,,,,,,,,
other vegetables,whole milk,soda,,,,,,,,
herbs,packaged fruit/vegetables,,,,,,,,,
whole milk,cream cheese ,,,,,,,,,
berries,whole milk,,,,,,,,,
other vegetables,UHT-milk,,,,,,,,,
whole milk,domestic eggs,pasta,,,,,,,,
shopping bags,rice,,,,,,,,,
frozen potato products,frozen vegetables,,,,,,,,,
curd cheese,mustard,bottled water,,,,,,,,
tropical fruit,root vegetables,,,,,,,,,
brown bread,rolls/buns,,,,,,,,,
shopping bags,shopping bags,,,,,,,,,
canned beer,citrus fruit,rolls/buns,condensed milk,skin care,,,,,,
butter,bottled water,,,,,,,,,
rolls/buns,curd,,,,,,,,,
soda,fruit/vegetable juice,bottled beer,,,,,,,,
sausage,onions,mustard,,,,,,,,
soda,seasonal products,,,,,,,,,
whole milk,cream cheese ,,,,,,,,,
root vegetables,citrus fruit,,,,,,,,,
light bulbs,detergent,,,,,,,,,
frankfurter,dessert,,,,,,,,,
other vegetables,butter milk,long life bakery product,,,,,,,,
ham,beverages,,,,,,,,,
whipped/sour cream,other vegetables,flour,,,,,,,,
other vegetables,root vegetables,,,,,,,,,
other vegetables,rolls/buns,,,,,,,,,
yogurt,tropical fruit,whipped/sour cream,Instant food products,,,,,,,
whipped/sour cream,salad dressing,,,,,,,,,
whole milk,other vegetables,,,,,,,,,
other vegetables,other vegetables,,,,,,,,,
citrus fruit,brown bread,,,,,,,,,
canned fish,white bread,,,,,,,,,
tropical fruit,rolls/buns,,,,,,,,,
roll products ,shopping bags,,,,,,,,,
rolls/buns,tropical fruit,,,,,,,,,
pork,cream cheese ,,,,,,,,,
berries,candy,,,,,,,,,
bottled water,whipped/sour cream,,,,,,,,,
whole milk,pork,,,,,,,,,
soda,frozen vegetables,brown bread,yogurt,,,,,,,
sausage,pickled vegetables,,,,,,,,,
mustard,zwieback,,,,,,,,,
specialty chocolate,misc. beverages,,,,,,,,,
citrus fruit,root vegetables,,,,,,,,,
whipped/sour cream,herbs,flour,oil,,,,,,,
yogurt,fruit/vegetable juice,,,,,,,,,
pork,pickled vegetables,,,,,,,,,
margarine,other vegetables,bottled water,meat spreads,,,,,,,
sausage,rolls/buns,curd,salty snack,whipped/sour cream,hard cheese,,,,,
yogurt,bottled beer,,,,,,,,,
whole milk,dishes,,,,,,,,,
specialty bar,whole milk,,,,,,,,,
root vegetables,soda,,,,,,,,,
other vegetables,whole milk,,,,,,,,,
oil,whipped/sour cream,,,,,,,,,
tropical fruit,pastry,,,,,,,,,
fruit/vegetable juice,seasonal products,,,,,,,,,
whipped/sour cream,sausage,root vegetables,soda,,,,,,,
chicken,canned beer,,,,,,,,,
other vegetables,white bread,,,,,,,,,
packaged fruit/vegetables,yogurt,,,,,,,,,
frankfurter,berries,,,,,,,,,
chicken,bottled beer,,,,,,,,,
whipped/sour cream,white bread,,,,,,,,,
pip fruit,curd,coffee,rolls/buns,,,,,,,
bottled beer,whole milk,,,,,,,,,
other vegetables,whole milk,yogurt,bottled water,,,,,,,
bottled water,yogurt,,,,,,,,,
whole milk,specialty bar,,,,,,,,,
whole milk,soda,whipped/sour cream,dessert,,,,,,,
condensed milk,whole milk,other vegetables,soups,,,,,,,
tropical fruit,herbs,,,,,,,,,
UHT-milk,soda,salty snack,,,,,,,,
meat,fruit/vegetable juice,,,,,,,,,
pork,citrus fruit,,,,,,,,,
processed cheese,rolls/buns,,,,,,,,,
berries,UHT-milk,newspapers,,,,,,,,
coffee,roll products ,,,,,,,,,
yogurt,specialty bar,,,,,,,,,
long life bakery product,hard cheese,,,,,,,,,
root vegetables,pastry,,,,,,,,,
margarine,soda,UHT-milk,,,,,,,,
curd,dessert,,,,,,,,,
tropical fruit,whole milk,fruit/vegetable juice,whole milk,,,,,,,
butter milk,hygiene articles,,,,,,,,,
detergent,ice cream,hamburger meat,soda,sugar,,,,,,
rolls/buns,bottled beer,,,,,,,,,
tropical fruit,grapes,whole milk,pastry,white bread,,,,,,
cat food,bottled beer,beef,brown bread,margarine,rolls/buns,,,,,
other vegetables,rolls/buns,,,,,,,,,
whole milk,bottled water,soda,,,,,,,,
root vegetables,citrus fruit,,,,,,,,,
citrus fruit,meat,,,,,,,,,
canned beer,herbs,margarine,,,,,,,,
frankfurter,root vegetables,,,,,,,,,
meat,herbs,,,,,,,,,
frankfurter,pastry,,,,,,,,,
UHT-milk,other vegetables,cream cheese ,rolls/buns,,,,,,,
ham,whipped/sour cream,ketchup,,,,,,,,
whole milk,butter,,,,,,,,,
frankfurter,ketchup,,,,,,,,,
sausage,white bread,whole milk,butter,,,,,,,
coffee,soda,,,,,,,,,
seasonal products,white bread,specialty chocolate,soda,,,,,,,
rolls/buns,white bread,,,,,,,,,
beef,yogurt,,,,,,,,,
newspapers,canned beer,,,,,,,,,
white wine,rolls/buns,,,,,,,,,
curd,soft cheese,,,,,,,,,
canned fish,brown bread,,,,,,,,,
canned beer,curd,,,,,,,,,
newspapers,cookware,,,,,,,,,
butter milk,whole milk,,,,,,,,,
canned beer,specialty vegetables,long life bakery product,,,,,,,,
specialty bar,specialty chocolate,,,,,,,,,
pork,rolls/buns,,,,,,,,,
cat food,newspapers,,,,,,,,,
napkins,other vegetables,,,,,,,,,
sausage,white bread,,,,,,,,,
citrus fruit,white bread,,,,,,,,,
other vegetables,fruit/vegetable juice,oil,detergent,,,,,,,
other vegetables,canned beer,shopping bags,,,,,,,,
sausage,newspapers,,,,,,,,,
misc. beverages,frankfurter,salt,curd,,,,,,,
other vegetables,ice cream,,,,,,,,,
ham,brown bread,,,,,,,,,
citrus fruit,whipped/sour cream,,,,,,,,,
pip fruit,hard cheese,candy,,,,,,,,
salad dressing,hard cheese,,,,,,,,,
dessert,house keeping products,,,,,,,,,
whole milk,other vegetables,,,,,,,,,
liquor (appetizer),yogurt,specialty chocolate,rolls/buns,,,,,,,
yogurt,yogurt,,,,,,,,,
yogurt,butter,,,,,,,,,
bottled beer,whole milk,UHT-milk,chocolate,,,,,,,
frozen dessert,tropical fruit,,,,,,,,,
other vegetables,dishes,,,,,,,,,
sweet spreads,white wine,,,,,,,,,
white bread,whipped/sour cream,,,,,,,,,
grapes,canned fish,,,,,,,,,
tropical fruit,pip fruit,,,,,,,,,
pork,yogurt,yogurt,canned fish,,,,,,,
beef,yogurt,,,,,,,,,
long life bakery product,waffles,,,,,,,,,
cream cheese ,whipped/sour cream,napkins,,,,,,,,
rolls/buns,brown bread,,,,,,,,,
other vegetables,other vegetables,,,,,,,,,
soda,sausage,root vegetables,pork,whole milk,vinegar,other vegetables,domestic eggs,shopping bags,,
frozen vegetables,whole milk,,,,,,,,,
frozen vegetables,bottled beer,,,,,,,,,
whole milk,sausage,yogurt,other vegetables,misc. beverages,,,,,,
whipped/sour cream,red/blush wine,,,,,,,,,
whipped/sour cream,hard cheese,,,,,,,,,
ice cream,rolls/buns,,,,,,,,,
whole milk,beef,whipped/sour cream,whole milk,curd cheese,,,,,,
flour,seasonal products,,,,,,,,,
bottled water,other vegetables,coffee,soda,,,,,,,
berries,whole milk,,,,,,,,,
vinegar,flour,,,,,,,,,
curd,spices,,,,,,,,,
napkins,frozen vegetables,,,,,,,,,
sausage,cream cheese ,,,,,,,,,
soda,grapes,,,,,,,,,
pork,brown bread,misc. beverages,,,,,,,,
sauces,shopping bags,,,,,,,,,
citrus fruit,newspapers,shopping bags,,,,,,,,
newspapers,frozen vegetables,long life bakery product,,,,,,,,
beef,sparkling wine,butter milk,misc. beverages,pastry,,,,,,
bottled beer,whole milk,bottled water,,,,,,,,
pork,rolls/buns,,,,,,,,,
berries,ice cream,,,,,,,,,
tropical fruit,detergent,,,,,,,,,
sausage,rolls/buns,,,,,,,,,
sausage,cake bar,,,,,,,,,
brown bread,pet care,,,,,,,,,
root vegetables,brown bread,,,,,,,,,
root vegetables,seasonal products,,,,,,,,,
rolls/buns,canned beer,,,,,,,,,
domestic eggs,rolls/buns,,,,,,,,,
UHT-milk,UHT-milk,,,,,,,,,
liquor,other vegetables,whole milk,other vegetables,,,,,,,
candy,soda,,,,,,,,,
chicken,UHT-milk,,,,,,,,,
pork,bottled water,,,,,,,,,
root vegetables,soda,,,,,,,,,
sausage,bottled beer,misc. beverages,,,,,,,,
yogurt,soda,,,,,,,,,
rolls/buns,cling film/bags,,,,,,,,,
pip fruit,shopping bags,,,,,,,,,
whole milk,onions,,,,,,,,,
specialty bar,other vegetables,misc. beverages,,,,,,,,
specialty bar,yogurt,,,,,,,,,
pastry,misc. beverages,,,,,,,,,
root vegetables,shopping bags,,,,,,,,,
margarine,house keeping products,whole milk,canned beer,,,,,,,
chicken,finished products,meat,fruit/vegetable juice,,,,,,,
rolls/buns,dishes,,,,,,,,,
coffee,coffee,,,,,,,,,
root vegetables,soda,dessert,,,,,,,,
other vegetables,bottled water,,,,,,,,,
pork,sliced cheese,,,,,,,,,
yogurt,beverages,,,,,,,,,
other vegetables,long life bakery product,,,,,,,,,
tropical fruit,UHT-milk,butter milk,,,,,,,,
whole milk,pot plants,domestic eggs,,,,,,,,
canned vegetables,root vegetables,cake bar,,,,,,,,
curd,hygiene articles,,,,,,,,,
other vegetables,pip fruit,fruit/vegetable juice,,,,,,,,
house keeping products,cat food,,,,,,,,,
bottled water,rolls/buns,popcorn,,,,,,,,
yogurt,flour,,,,,,,,,
whole milk,butter,,,,,,,,,
yogurt,herbs,,,,,,,,,
citrus fruit,canned beer,,,,,,,,,
beverages,white wine,frozen potato products,,,,,,,,
citrus fruit,whole milk,,,,,,,,,
whole milk,canned beer,bottled water,bottled beer,,,,,,,
yogurt,pastry,,,,,,,,,
pip fruit,syrup,,,,,,,,,
citrus fruit,rolls/buns,,,,,,,,,
sausage,root vegetables,salty snack,coffee,,,,,,,
frozen dessert,bottled water,,,,,,,,,
pip fruit,bottled beer,,,,,,,,,
whole milk,spices,photo/film,,,,,,,,
pip fruit,soda,,,,,,,,,
canned beer,sugar,,,,,,,,,
tropical fruit,pastry,,,,,,,,,
frankfurter,berries,tropical fruit,rolls/buns,,,,,,,
tropical fruit,whole milk,,,,,,,,,
packaged fruit/vegetables,rolls/buns,root vegetables,napkins,soft cheese,,,,,,
whole milk,soda,,,,,,,,,
sausage,pasta,,,,,,,,,
root vegetables,grapes,,,,,,,,,
cleaner,pip fruit,pastry,,,,,,,,
chicken,margarine,waffles,,,,,,,,
berries,pork,waffles,herbs,yogurt,specialty cheese,fruit/vegetable juice,long life bakery product,,,
UHT-milk,rolls/buns,,,,,,,,,
root vegetables,ice cream,,,,,,,,,
tropical fruit,brown bread,,,,,,,,,
domestic eggs,brown bread,detergent,,,,,,,,
pastry,shopping bags,,,,,,,,,
sausage,frozen vegetables,,,,,,,,,
whole milk,bottled beer,UHT-milk,beef,pip fruit,yogurt,salty snack,,,,
beef,whole milk,,,,,,,,,
tropical fruit,spread cheese,,,,,,,,,
ice cream,whole milk,,,,,,,,,
sausage,sausage,bottled beer,spread cheese,,,,,,,
specialty chocolate,candles,,,,,,,,,
whole milk,curd,,,,,,,,,
sausage,onions,,,,,,,,,
pork,meat,whole milk,salty snack,whole milk,frozen potato products,processed cheese,rolls/buns,,,
bottled beer,tropical fruit,,,,,,,,,
pork,white wine,,,,,,,,,
soda,curd,,,,,,,,,
tropical fruit,domestic eggs,,,,,,,,,
soda,yogurt,,,,,,,,,
finished products,cocoa drinks,,,,,,,,,
pork,rolls/buns,other vegetables,,,,,,,,
sausage,bottled beer,,,,,,,,,
whole milk,yogurt,,,,,,,,,
UHT-milk,soda,,,,,,,,,
whipped/sour cream,pot plants,,,,,,,,,
yogurt,fruit/vegetable juice,,,,,,,,,
whole milk,domestic eggs,long life bakery product,,,,,,,,
bottled beer,soda,hygiene articles,chicken,whole milk,whole milk,canned beer,curd,soda,,
soda,napkins,,,,,,,,,
bottled water,grapes,,,,,,,,,
meat spreads,domestic eggs,sugar,,,,,,,,
liqueur,yogurt,,,,,,,,,
other vegetables,beverages,,,,,,,,,
pastry,sauces,,,,,,,,,
rolls/buns,specialty bar,,,,,,,,,
soda,frozen meals,bottled beer,,,,,,,,
soda,whipped/sour cream,,,,,,,,,
citrus fruit,canned beer,,,,,,,,,
whole milk,specialty chocolate,,,,,,,,,
hamburger meat,whole milk,,,,,,,,,
tropical fruit,rolls/buns,,,,,,,,,
tropical fruit,coffee,red/blush wine,,,,,,,,
UHT-milk,pip fruit,,,,,,,,,
rolls/buns,dessert,coffee,,,,,,,,
rolls/buns,grapes,bottled beer,sausage,salty snack,Instant food products,domestic eggs,bottled water,,,
canned beer,newspapers,newspapers,,,,,,,,
waffles,brown bread,,,,,,,,,
tropical fruit,flour,specialty chocolate,,,,,,,,
beef,pastry,,,,,,,,,
finished products,rolls/buns,,,,,,,,,
meat,yogurt,,,,,,,,,
tropical fruit,rolls/buns,,,,,,,,,
pork,white wine,,,,,,,,,
other vegetables,spread cheese,,,,,,,,,
soda,margarine,specialty chocolate,,,,,,,,
salty snack,chocolate,,,,,,,,,
fruit/vegetable juice,white wine,,,,,,,,,
root vegetables,yogurt,,,,,,,,,
grapes,yogurt,frozen potato products,,,,,,,,
whole milk,detergent,,,,,,,,,
canned beer,whole milk,bottled beer,,,,,,,,
rolls/buns,chewing gum,,,,,,,,,
pastry,waffles,other vegetables,whole milk,dental care,house keeping products,frozen vegetables,,,,
fruit/vegetable juice,flower (seeds),,,,,,,,,
other vegetables,pork,rolls/buns,rolls/buns,,,,,,,
pork,pastry,,,,,,,,,
whole milk,pastry,,,,,,,,,
ham,newspapers,bottled beer,,,,,,,,
other vegetables,brown bread,,,,,,,,,
frankfurter,whole milk,fruit/vegetable juice,pasta,,,,,,,
chicken,whole milk,,,,,,,,,
pastry,bottled beer,fruit/vegetable juice,,,,,,,,
pork,flour,,,,,,,,,
butter milk,whole milk,brandy,,,,,,,,
dessert,other vegetables,,,,,,,,,
pastry,pastry,,,,,,,,,
hamburger meat,butter,,,,,,,,,
other vegetables,other vegetables,,,,,,,,,
onions,canned beer,flower (seeds),,,,,,,,
salt,root vegetables,,,,,,,,,
meat,root vegetables,,,,,,,,,
liquor,sweet spreads,,,,,,,,,
hamburger meat,ice cream,,,,,,,,,
instant coffee,onions,processed cheese,dental care,,,,,,,
beef,herbs,,,,,,,,,
sausage,chicken,domestic eggs,curd,pastry,,,,,,
frankfurter,liver loaf,canned vegetables,condensed milk,,,,,,,
hard cheese,whole milk,,,,,,,,,
root vegetables,specialty chocolate,frozen vegetables,canned beer,frozen fish,,,,,,
herbs,grapes,whipped/sour cream,,,,,,,,
turkey,pip fruit,,,,,,,,,
root vegetables,frozen vegetables,pet care,,,,,,,,
pork,processed cheese,,,,,,,,,
hamburger meat,bottled beer,,,,,,,,,
bottled water,yogurt,butter,,,,,,,,
beef,canned beer,,,,,,,,,
root vegetables,other vegetables,,,,,,,,,
canned beer,brown bread,,,,,,,,,
soda,margarine,,,,,,,,,
chicken,flower soil/fertilizer,,,,,,,,,
red/blush wine,berries,,,,,,,,,
whole milk,whole milk,whole milk,yogurt,root vegetables,white bread,shopping bags,other vegetables,,,
shopping bags,waffles,,,,,,,,,
frozen potato products,female sanitary products,whole milk,other vegetables,fruit/vegetable juice,,,,,,
berries,pastry,shopping bags,,,,,,,,
bottled beer,other vegetables,,,,,,,,,
misc. beverages,frozen meals,,,,,,,,,
onions,pip fruit,,,,,,,,,
specialty bar,margarine,,,,,,,,,
condensed milk,rolls/buns,,,,,,,,,
other vegetables,candy,,,,,,,,,
onions,soda,,,,,,,,,
whole milk,root vegetables,,,,,,,,,
liver loaf,fruit/vegetable juice,,,,,,,,,
misc. beverages,sliced cheese,domestic eggs,,,,,,,,
rolls/buns,napkins,cream cheese ,shopping bags,,,,,,,
root vegetables,pickled vegetables,,,,,,,,,
tropical fruit,tropical fruit,mayonnaise,,,,,,,,
yogurt,pastry,,,,,,,,,
male cosmetics,oil,,,,,,,,,
soda,napkins,,,,,,,,,
oil,candy,,,,,,,,,
pip fruit,shopping bags,white wine,pet care,,,,,,,
yogurt,yogurt,,,,,,,,,
hamburger meat,cookware,pastry,,,,,,,,
citrus fruit,butter,,,,,,,,,
sausage,whole milk,tropical fruit,light bulbs,yogurt,rolls/buns,liquor (appetizer),,,,
bottled beer,berries,,,,,,,,,
curd,condensed milk,dental care,,,,,,,,
canned beer,misc. beverages,liqueur,,,,,,,,
root vegetables,pastry,,,,,,,,,
chicken,rolls/buns,,,,,,,,,
fruit/vegetable juice,other vegetables,,,,,,,,,
whipped/sour cream,yogurt,,,,,,,,,
rolls/buns,specialty chocolate,napkins,onions,rice,rolls/buns,butter milk,dental care,,,
newspapers,newspapers,,,,,,,,,
brown bread,newspapers,,,,,,,,,
butter milk,brown bread,,,,,,,,,
ham,brown bread,,,,,,,,,
other vegetables,hard cheese,chocolate,,,,,,,,
other vegetables,bottled water,,,,,,,,,
tropical fruit,other vegetables,,,,,,,,,
root vegetables,sausage,hamburger meat,rum,house keeping products,,,,,,
citrus fruit,pastry,,,,,,,,,
fruit/vegetable juice,yogurt,rolls/buns,frozen vegetables,,,,,,,
napkins,dishes,,,,,,,,,
other vegetables,butter,,,,,,,,,
packaged fruit/vegetables,bottled beer,,,,,,,,,
whole milk,red/blush wine,newspapers,,,,,,,,
sausage,whole milk,root vegetables,citrus fruit,,,,,,,
root vegetables,salty snack,,,,,,,,,
root vegetables,whipped/sour cream,shopping bags,,,,,,,,
photo/film,pip fruit,butter,liquor (appetizer),bottled beer,sweet spreads,,,,,
newspapers,whole milk,,,,,,,,,
rolls/buns,canned vegetables,cat food,,,,,,,,
bottled beer,cat food,newspapers,,,,,,,,
pip fruit,male cosmetics,,,,,,,,,
bottled water,chocolate,jam,,,,,,,,
red/blush wine,whole milk,margarine,,,,,,,,
male cosmetics,hard cheese,,,,,,,,,
tropical fruit,rolls/buns,,,,,,,,,
tropical fruit,canned beer,,,,,,,,,
ice cream,UHT-milk,,,,,,,,,
whole milk,specialty bar,,,,,,,,,
whole milk,baking powder,,,,,,,,,
tropical fruit,fruit/vegetable juice,,,,,,,,,
other vegetables,cereals,cleaner,,,,,,,,
shopping bags,red/blush wine,butter,,,,,,,,
chocolate,whole milk,,,,,,,,,
frozen dessert,beef,citrus fruit,root vegetables,,,,,,,
beef,newspapers,,,,,,,,,
citrus fruit,yogurt,,,,,,,,,
hamburger meat,ice cream,,,,,,,,,
other vegetables,chocolate marshmallow,,,,,,,,,
frozen vegetables,dessert,,,,,,,,,
chicken,nut snack,whole milk,newspapers,soft cheese,yogurt,spices,condensed milk,,,
pot plants,bottled water,,,,,,,,,
pasta,oil,,,,,,,,,
ham,waffles,seasonal products,,,,,,,,
soda,soda,canned beer,,,,,,,,
cream cheese ,dessert,,,,,,,,,
candles,coffee,,,,,,,,,
citrus fruit,cream cheese ,,,,,,,,,
pip fruit,canned vegetables,cling film/bags,,,,,,,,
whole milk,waffles,,,,,,,,,
tropical fruit,UHT-milk,,,,,,,,,
pork,packaged fruit/vegetables,chocolate,,,,,,,,
rolls/buns,pip fruit,,,,,,,,,
hard cheese,bottled water,specialty fat,,,,,,,,
other vegetables,ice cream,pork,salt,,,,,,,
pasta,shopping bags,,,,,,,,,
root vegetables,shopping bags,frozen vegetables,,,,,,,,
rolls/buns,photo/film,,,,,,,,,
pork,whipped/sour cream,,,,,,,,,
specialty fat,brandy,,,,,,,,,
frankfurter,root vegetables,sugar,whole milk,,,,,,,
frozen vegetables,dishes,soda,domestic eggs,,,,,,,
root vegetables,grapes,brandy,pickled vegetables,pastry,,,,,,
pork,red/blush wine,,,,,,,,,
pastry,long life bakery product,sliced cheese,yogurt,,,,,,,
ham,pickled vegetables,newspapers,,,,,,,,
UHT-milk,bottled water,,,,,,,,,
beef,candles,,,,,,,,,
curd,misc. beverages,,,,,,,,,
citrus fruit,whole milk,,,,,,,,,
liquor (appetizer),hygiene articles,,,,,,,,,
whole milk,domestic eggs,,,,,,,,,
yogurt,other vegetables,,,,,,,,,
whole milk,yogurt,,,,,,,,,
pork,butter milk,,,,,,,,,
hamburger meat,newspapers,,,,,,,,,
beef,coffee,,,,,,,,,
zwieback,tropical fruit,,,,,,,,,
whole milk,hard cheese,candles,bottled beer,shopping bags,jam,,,,,
root vegetables,butter,,,,,,,,,
cake bar,soda,,,,,,,,,
pastry,margarine,,,,,,,,,
brown bread,tropical fruit,rolls/buns,,,,,,,,
male cosmetics,soda,,,,,,,,,
sausage,cat food,,,,,,,,,
frankfurter,chicken,cocoa drinks,onions,whole milk,UHT-milk,canned fish,bottled beer,,,
whole milk,other vegetables,,,,,,,,,
pastry,shopping bags,,,,,,,,,
bottled water,curd,,,,,,,,,
shopping bags,yogurt,,,,,,,,,
pickled vegetables,cream cheese ,,,,,,,,,
domestic eggs,whole milk,onions,misc. beverages,,,,,,,
pork,soda,,,,,,,,,
butter,roll products ,,,,,,,,,
soda,whole milk,whole milk,sugar,,,,,,,
sliced cheese,pudding powder,,,,,,,,,
pastry,canned beer,,,,,,,,,
sausage,napkins,,,,,,,,,
pot plants,citrus fruit,whipped/sour cream,,,,,,,,
whipped/sour cream,curd,,,,,,,,,
frankfurter,coffee,,,,,,,,,
salty snack,whole milk,,,,,,,,,
whole milk,frozen fish,,,,,,,,,
mayonnaise,tropical fruit,packaged fruit/vegetables,beverages,cereals,,,,,,
bottled water,canned vegetables,,,,,,,,,
yogurt,pastry,,,,,,,,,
brown bread,yogurt,,,,,,,,,
condensed milk,waffles,,,,,,,,,
dessert,whipped/sour cream,,,,,,,,,
chewing gum,root vegetables,frozen vegetables,,,,,,,,
specialty cheese,brown bread,margarine,,,,,,,,
kitchen towels,margarine,,,,,,,,,
whole milk,whole milk,,,,,,,,,
butter,cake bar,ice cream,fruit/vegetable juice,,,,,,,
cooking chocolate,hygiene articles,,,,,,,,,
ham,flour,whipped/sour cream,,,,,,,,
canned beer,newspapers,,,,,,,,,
bottled beer,rolls/buns,,,,,,,,,
specialty bar,rolls/buns,processed cheese,,,,,,,,
sausage,frozen vegetables,,,,,,,,,
berries,shopping bags,red/blush wine,,,,,,,,
chicken,rolls/buns,,,,,,,,,
rolls/buns,whipped/sour cream,,,,,,,,,
sausage,UHT-milk,,,,,,,,,
yogurt,curd,pastry,,,,,,,,
seasonal products,white wine,,,,,,,,,
onions,sauces,,,,,,,,,
soda,cake bar,,,,,,,,,
sausage,pip fruit,soda,curd,waffles,,,,,,
ham,coffee,,,,,,,,,
whipped/sour cream,cream cheese ,,,,,,,,,
root vegetables,butter milk,,,,,,,,,
frozen meals,butter,newspapers,yogurt,,,,,,,
pork,herbs,,,,,,,,,
pork,oil,,,,,,,,,
chicken,onions,,,,,,,,,
canned vegetables,fish,,,,,,,,,
specialty chocolate,pasta,soda,long life bakery product,,,,,,,
fruit/vegetable juice,other vegetables,,,,,,,,,
meat,dessert,,,,,,,,,
butter milk,soda,seasonal products,,,,,,,,
fruit/vegetable juice,fruit/vegetable juice,,,,,,,,,
domestic eggs,citrus fruit,,,,,,,,,
liquor (appetizer),hard cheese,yogurt,,,,,,,,
tropical fruit,onions,whipped/sour cream,,,,,,,,
beef,other vegetables,,,,,,,,,
whole milk,citrus fruit,long life bakery product,salty snack,chocolate,,,,,,
soda,soft cheese,oil,,,,,,,,
rolls/buns,cream cheese ,,,,,,,,,
citrus fruit,sliced cheese,,,,,,,,,
waffles,Instant food products,,,,,,,,,
root vegetables,onions,,,,,,,,,
specialty bar,bottled water,,,,,,,,,
yogurt,soft cheese,,,,,,,,,
soda,specialty bar,,,,,,,,,
chicken,roll products ,,,,,,,,,
yogurt,coffee,,,,,,,,,
tropical fruit,red/blush wine,,,,,,,,,
beef,hygiene articles,,,,,,,,,
whole milk,liquor,,,,,,,,,
whole milk,white bread,,,,,,,,,
tropical fruit,whole milk,sweet spreads,,,,,,,,
tropical fruit,cream cheese ,,,,,,,,,
tropical fruit,other vegetables,dessert,,,,,,,,
packaged fruit/vegetables,yogurt,bottled beer,,,,,,,,
whole milk,Instant food products,pip fruit,canned beer,,,,,,,
other vegetables,bottled water,,,,,,,,,
tropical fruit,sausage,tropical fruit,detergent,butter,newspapers,,,,,
butter,softener,,,,,,,,,
root vegetables,semi-finished bread,canned beer,newspapers,,,,,,,
sausage,canned beer,frozen vegetables,detergent,,,,,,,
tea,pip fruit,,,,,,,,,
sausage,mustard,,,,,,,,,
meat,whole milk,,,,,,,,,
tropical fruit,soda,,,,,,,,,
citrus fruit,bottled water,,,,,,,,,
shopping bags,curd,,,,,,,,,
soda,root vegetables,whole milk,pastry,,,,,,,
sausage,other vegetables,tropical fruit,mayonnaise,,,,,,,
citrus fruit,soda,,,,,,,,,
dessert,yogurt,shopping bags,,,,,,,,
root vegetables,whipped/sour cream,,,,,,,,,
soda,pip fruit,,,,,,,,,
sausage,rolls/buns,,,,,,,,,
hamburger meat,hygiene articles,,,,,,,,,
domestic eggs,fruit/vegetable juice,,,,,,,,,
liquor,sugar,,,,,,,,,
sausage,frozen vegetables,,,,,,,,,
newspapers,domestic eggs,,,,,,,,,
canned beer,rolls/buns,,,,,,,,,
cooking chocolate,shopping bags,,,,,,,,,
other vegetables,soda,,,,,,,,,
coffee,domestic eggs,,,,,,,,,
napkins,chewing gum,,,,,,,,,
canned beer,dishes,,,,,,,,,
brown bread,brown bread,,,,,,,,,
flour,baking powder,,,,,,,,,
pip fruit,ice cream,popcorn,soda,bottled water,rolls/buns,,,,,
photo/film,soda,,,,,,,,,
frankfurter,other vegetables,,,,,,,,,
frankfurter,shopping bags,bottled water,,,,,,,,
berries,other vegetables,,,,,,,,,
liquor,butter milk,,,,,,,,,
roll products ,seasonal products,,,,,,,,,
nuts/prunes,butter,soda,bottled beer,,,,,,,
meat,whole milk,newspapers,,,,,,,,
specialty chocolate,coffee,,,,,,,,,
ice cream,margarine,,,,,,,,,
other vegetables,napkins,,,,,,,,,
coffee,pip fruit,,,,,,,,,
soft cheese,pip fruit,,,,,,,,,
sausage,pork,pip fruit,other vegetables,hard cheese,,,,,,
grapes,napkins,,,,,,,,,
other vegetables,sliced cheese,,,,,,,,,
soda,bottled water,house keeping products,,,,,,,,
tropical fruit,margarine,,,,,,,,,
canned beer,sausage,other vegetables,rolls/buns,,,,,,,
specialty bar,other vegetables,,,,,,,,,
ham,UHT-milk,margarine,,,,,,,,
hard cheese,bottled beer,whole milk,liquor (appetizer),,,,,,,
other vegetables,root vegetables,pastry,margarine,,,,,,,
curd cheese,sausage,bottled water,napkins,,,,,,,
frankfurter,packaged fruit/vegetables,,,,,,,,,
sugar,shopping bags,,,,,,,,,
berries,pip fruit,,,,,,,,,
rolls/buns,newspapers,specialty fat,domestic eggs,,,,,,,
canned beer,sugar,hygiene articles,whole milk,,,,,,,
pork,domestic eggs,,,,,,,,,
brown bread,bottled water,pastry,curd,,,,,,,
rolls/buns,seasonal products,,,,,,,,,
fruit/vegetable juice,tropical fruit,,,,,,,,,
beef,misc. beverages,,,,,,,,,
canned beer,yogurt,,,,,,,,,
berries,domestic eggs,coffee,,,,,,,,
hamburger meat,chewing gum,curd,,,,,,,,
whole milk,salty snack,pip fruit,whole milk,,,,,,,
ham,rolls/buns,,,,,,,,,
whole milk,yogurt,,,,,,,,,
shopping bags,specialty chocolate,,,,,,,,,
brown bread,skin care,whipped/sour cream,,,,,,,,
yogurt,tea,,,,,,,,,
chewing gum,domestic eggs,packaged fruit/vegetables,,,,,,,,
yogurt,popcorn,,,,,,,,,
root vegetables,canned beer,,,,,,,,,
frozen vegetables,bottled beer,,,,,,,,,
soda,condensed milk,curd,,,,,,,,
chicken,coffee,,,,,,,,,
tropical fruit,onions,,,,,,,,,
butter milk,shopping bags,,,,,,,,,
bottled water,berries,other vegetables,rolls/buns,,,,,,,
berries,baking powder,,,,,,,,,
hygiene articles,brown bread,,,,,,,,,
hamburger meat,margarine,,,,,,,,,
root vegetables,yogurt,whole milk,,,,,,,,
ice cream,flower (seeds),,,,,,,,,
whole milk,domestic eggs,,,,,,,,,
frozen meals,white bread,cereals,ready soups,,,,,,,
citrus fruit,cake bar,,,,,,,,,
tropical fruit,grapes,ice cream,sweet spreads,,,,,,,
tropical fruit,pastry,salty snack,,,,,,,,
grapes,semi-finished bread,,,,,,,,,
popcorn,long life bakery product,,,,,,,,,
pip fruit,whipped/sour cream,,,,,,,,,
ham,pork,pork,soda,,,,,,,
ice cream,dishes,,,,,,,,,
cream cheese ,tropical fruit,bottled water,soda,specialty bar,,,,,,
beef,beef,whole milk,,,,,,,,
sausage,brown bread,,,,,,,,,
whole milk,other vegetables,red/blush wine,coffee,other vegetables,bottled water,bottled water,sugar,,,
rolls/buns,soda,other vegetables,pip fruit,,,,,,,
other vegetables,oil,,,,,,,,,
other vegetables,dessert,,,,,,,,,
mustard,shopping bags,shopping bags,,,,,,,,
frankfurter,zwieback,other vegetables,liquor,bottled water,,,,,,
pastry,bottled water,,,,,,,,,
ice cream,herbs,,,,,,,,,
chewing gum,newspapers,newspapers,,,,,,,,
chocolate,rolls/buns,,,,,,,,,
brown bread,rolls/buns,citrus fruit,frozen fish,chocolate,,,,,,
whole milk,shopping bags,,,,,,,,,
domestic eggs,bottled water,,,,,,,,,
cream,shopping bags,,,,,,,,,
misc. beverages,coffee,,,,,,,,,
tropical fruit,bottled beer,other vegetables,oil,,,,,,,
citrus fruit,yogurt,,,,,,,,,
pip fruit,ice cream,newspapers,pastry,,,,,,,
margarine,frozen vegetables,baking powder,,,,,,,,
citrus fruit,root vegetables,,,,,,,,,
frankfurter,UHT-milk,,,,,,,,,
sausage,pip fruit,,,,,,,,,
citrus fruit,coffee,,,,,,,,,
red/blush wine,bottled water,,,,,,,,,
soft cheese,whipped/sour cream,,,,,,,,,
hamburger meat,whole milk,,,,,,,,,
soda,long life bakery product,,,,,,,,,
yogurt,whole milk,soft cheese,,,,,,,,
mayonnaise,candy,rolls/buns,bottled beer,,,,,,,
sausage,house keeping products,,,,,,,,,
tropical fruit,root vegetables,Instant food products,,,,,,,,
fish,canned beer,,,,,,,,,
sausage,female sanitary products,,,,,,,,,
beef,tropical fruit,root vegetables,whole milk,cream cheese ,newspapers,,,,,
whole milk,newspapers,,,,,,,,,
pastry,chewing gum,,,,,,,,,
specialty chocolate,bottled water,,,,,,,,,
other vegetables,misc. beverages,,,,,,,,,
soda,other vegetables,,,,,,,,,
whole milk,mustard,,,,,,,,,
sausage,whole milk,,,,,,,,,
tropical fruit,frozen potato products,,,,,,,,,
condensed milk,pastry,,,,,,,,,
whole milk,rolls/buns,,,,,,,,,
soda,curd cheese,root vegetables,semi-finished bread,,,,,,,
tropical fruit,coffee,canned vegetables,,,,,,,,
frankfurter,curd,,,,,,,,,
soda,shopping bags,,,,,,,,,
pastry,whole milk,,,,,,,,,
whole milk,whole milk,,,,,,,,,
pip fruit,tropical fruit,rolls/buns,pip fruit,rolls/buns,,,,,,
rolls/buns,shopping bags,,,,,,,,,
pet care,photo/film,,,,,,,,,
pot plants,grapes,brown bread,other vegetables,kitchen towels,,,,,,
sliced cheese,soda,,,,,,,,,
ham,cake bar,whole milk,,,,,,,,
soda,red/blush wine,root vegetables,butter milk,,,,,,,
hamburger meat,rolls/buns,,,,,,,,,
cream cheese ,specialty chocolate,,,,,,,,,
butter,onions,butter milk,,,,,,,,
beef,yogurt,fruit/vegetable juice,,,,,,,,
meat,whole milk,,,,,,,,,
frankfurter,cream cheese ,yogurt,baking powder,,,,,,,
organic sausage,frozen meals,sugar,,,,,,,,
citrus fruit,root vegetables,yogurt,soft cheese,,,,,,,
whole milk,mustard,,,,,,,,,
napkins,newspapers,,,,,,,,,
ham,rolls/buns,canned fish,shopping bags,,,,,,,
yogurt,root vegetables,,,,,,,,,
berries,frozen meals,dish cleaner,,,,,,,,
curd,whole milk,,,,,,,,,
chewing gum,coffee,napkins,brown bread,,,,,,,
whole milk,whole milk,,,,,,,,,
soda,whole milk,shopping bags,,,,,,,,
napkins,mustard,,,,,,,,,
fruit/vegetable juice,sausage,whole milk,pip fruit,,,,,,,
sausage,grapes,,,,,,,,,
whole milk,white bread,,,,,,,,,
citrus fruit,whole milk,beef,shopping bags,,,,,,,
sausage,white bread,candles,,,,,,,,
hamburger meat,rolls/buns,,,,,,,,,
whole milk,pip fruit,,,,,,,,,
pip fruit,brown bread,,,,,,,,,
flower (seeds),honey,,,,,,,,,
coffee,yogurt,,,,,,,,,
packaged fruit/vegetables,specialty cheese,margarine,margarine,,,,,,,
rolls/buns,hard cheese,,,,,,,,,
pastry,curd,butter,curd,whipped/sour cream,,,,,,
canned beer,rolls/buns,,,,,,,,,
root vegetables,hygiene articles,newspapers,,,,,,,,
citrus fruit,tropical fruit,,,,,,,,,
butter milk,semi-finished bread,,,,,,,,,
sweet spreads,berries,butter milk,pip fruit,soda,other vegetables,fruit/vegetable juice,whole milk,,,
root vegetables,butter,,,,,,,,,
bottled beer,canned beer,,,,,,,,,
newspapers,roll products ,,,,,,,,,
other vegetables,whole milk,,,,,,,,,
whole milk,citrus fruit,,,,,,,,,
citrus fruit,specialty fat,,,,,,,,,
sausage,curd,,,,,,,,,
flower (seeds),margarine,,,,,,,,,
berries,grapes,,,,,,,,,
root vegetables,hard cheese,,,,,,,,,
domestic eggs,newspapers,,,,,,,,,
margarine,whole milk,,,,,,,,,
citrus fruit,fruit/vegetable juice,,,,,,,,,
yogurt,soda,dessert,,,,,,,,
other vegetables,rolls/buns,,,,,,,,,
sausage,domestic eggs,sweet spreads,,,,,,,,
beef,other vegetables,,,,,,,,,
hygiene articles,tea,,,,,,,,,
soft cheese,bottled water,,,,,,,,,
frankfurter,shopping bags,,,,,,,,,
ice cream,long life bakery product,,,,,,,,,
bottled water,pastry,specialty bar,herbs,,,,,,,
frankfurter,other vegetables,,,,,,,,,
soda,misc. beverages,,,,,,,,,
citrus fruit,chocolate,,,,,,,,,
frozen meals,canned beer,,,,,,,,,
frozen fish,specialty chocolate,,,,,,,,,
berries,rolls/buns,,,,,,,,,
chicken,whole milk,,,,,,,,,
hamburger meat,whole milk,,,,,,,,,
root vegetables,ham,butter,brown bread,pastry,spread cheese,,,,,
pork,chewing gum,canned fish,,,,,,,,
rolls/buns,yogurt,,,,,,,,,
chicken,pastry,,,,,,,,,
soda,shopping bags,coffee,,,,,,,,
root vegetables,whole milk,pastry,,,,,,,,
frankfurter,whole milk,other vegetables,,,,,,,,
chocolate marshmallow,newspapers,,,,,,,,,
soda,chocolate,,,,,,,,,
canned beer,turkey,,,,,,,,,
frankfurter,mayonnaise,whipped/sour cream,pastry,misc. beverages,,,,,,
hamburger meat,root vegetables,,,,,,,,,
frankfurter,rolls/buns,jam,,,,,,,,
coffee,other vegetables,,,,,,,,,
ice cream,specialty chocolate,,,,,,,,,
coffee,specialty vegetables,,,,,,,,,
hair spray,chocolate,rolls/buns,,,,,,,,
misc. beverages,dishes,,,,,,,,,
chocolate,pastry,butter,,,,,,,,
frozen chicken,herbs,yogurt,,,,,,,,
other vegetables,chewing gum,soft cheese,,,,,,,,
chicken,UHT-milk,napkins,,,,,,,,
whole milk,soda,bottled water,pastry,,,,,,,
ketchup,specialty chocolate,,,,,,,,,
other vegetables,citrus fruit,,,,,,,,,
citrus fruit,brown bread,ketchup,,,,,,,,
grapes,shopping bags,artif. sweetener,,,,,,,,
berries,semi-finished bread,,,,,,,,,
domestic eggs,frozen vegetables,curd,,,,,,,,
soda,rolls/buns,,,,,,,,,
ice cream,fruit/vegetable juice,,,,,,,,,
citrus fruit,rolls/buns,,,,,,,,,
Instant food products,coffee,,,,,,,,,
shopping bags,frozen meals,,,,,,,,,
bottled water,newspapers,,,,,,,,,
soda,pip fruit,pastry,jam,,,,,,,
citrus fruit,whole milk,specialty cheese,,,,,,,,
berries,whole milk,other vegetables,,,,,,,,
sausage,oil,cream cheese ,,,,,,,,
margarine,soda,,,,,,,,,
whole milk,margarine,,,,,,,,,
frankfurter,whole milk,,,,,,,,,
fruit/vegetable juice,whole milk,,,,,,,,,
rolls/buns,salty snack,,,,,,,,,
other vegetables,fruit/vegetable juice,,,,,,,,,
sausage,beef,,,,,,,,,
soda,beef,beef,rolls/buns,shopping bags,chocolate,processed cheese,brown bread,dessert,,
sliced cheese,shopping bags,,,,,,,,,
bottled beer,other vegetables,waffles,,,,,,,,
UHT-milk,root vegetables,cake bar,,,,,,,,
processed cheese,whole milk,soda,domestic eggs,,,,,,,
butter,misc. beverages,shopping bags,,,,,,,,
yogurt,baking powder,,,,,,,,,
root vegetables,male cosmetics,,,,,,,,,
long life bakery product,whipped/sour cream,bottled beer,,,,,,,,
sugar,berries,,,,,,,,,
citrus fruit,bottled water,butter milk,chocolate,zwieback,shopping bags,,,,,
tropical fruit,mayonnaise,other vegetables,meat,roll products ,napkins,frozen meals,newspapers,,,
bottled beer,frozen vegetables,,,,,,,,,
chocolate,mustard,rolls/buns,,,,,,,,
candy,specialty fat,,,,,,,,,
root vegetables,frozen vegetables,,,,,,,,,
whole milk,newspapers,,,,,,,,,
rolls/buns,brown bread,whole milk,pasta,curd,butter milk,,,,,
tropical fruit,shopping bags,,,,,,,,,
whole milk,root vegetables,,,,,,,,,
ice cream,salty snack,,,,,,,,,
dessert,fruit/vegetable juice,napkins,,,,,,,,
citrus fruit,pip fruit,,,,,,,,,
grapes,cream cheese ,,,,,,,,,
cocoa drinks,red/blush wine,,,,,,,,,
rolls/buns,pork,canned beer,root vegetables,canned beer,shopping bags,oil,soda,,,
yogurt,pot plants,,,,,,,,,
soda,fruit/vegetable juice,,,,,,,,,
other vegetables,domestic eggs,,,,,,,,,
rolls/buns,soda,,,,,,,,,
meat,pork,,,,,,,,,
sausage,yogurt,baking powder,,,,,,,,
other vegetables,curd,,,,,,,,,
whole milk,canned beer,specialty bar,sugar,detergent,,,,,,
whole milk,rolls/buns,,,,,,,,,
brown bread,frozen vegetables,,,,,,,,,
whole milk,dessert,,,,,,,,,
canned beer,whipped/sour cream,,,,,,,,,
soda,pastry,,,,,,,,,
tea,beverages,,,,,,,,,
other vegetables,whole milk,,,,,,,,,
chocolate,liquor,,,,,,,,,
white bread,mayonnaise,,,,,,,,,
pork,other vegetables,,,,,,,,,
frankfurter,pastry,salt,,,,,,,,
pastry,domestic eggs,,,,,,,,,
rolls/buns,dessert,,,,,,,,,
sweet spreads,frozen fish,,,,,,,,,
pork,bottled water,,,,,,,,,
frozen vegetables,rice,,,,,,,,,
frozen vegetables,fruit/vegetable juice,,,,,,,,,
sausage,yogurt,fruit/vegetable juice,,,,,,,,
other vegetables,newspapers,,,,,,,,,
whipped/sour cream,onions,other vegetables,yogurt,rolls/buns,,,,,,
newspapers,soda,,,,,,,,,
yogurt,whipped/sour cream,,,,,,,,,
bottled water,bottled water,,,,,,,,,
pip fruit,frozen vegetables,,,,,,,,,
whipped/sour cream,margarine,,,,,,,,,
tidbits,other vegetables,,,,,,,,,
newspapers,detergent,,,,,,,,,
turkey,packaged fruit/vegetables,,,,,,,,,
soda,shopping bags,,,,,,,,,
rolls/buns,misc. beverages,,,,,,,,,
salty snack,tropical fruit,bottled beer,rolls/buns,chocolate,,,,,,
fruit/vegetable juice,rolls/buns,,,,,,,,,
citrus fruit,pork,other vegetables,yogurt,,,,,,,
beef,ice cream,,,,,,,,,
newspapers,napkins,,,,,,,,,
whole milk,soda,,,,,,,,,
pastry,curd,bottled beer,,,,,,,,
soda,bottled beer,,,,,,,,,
chicken,margarine,,,,,,,,,
tidbits,cream cheese ,,,,,,,,,
tropical fruit,semi-finished bread,,,,,,,,,
sausage,soda,processed cheese,,,,,,,,
brown bread,chocolate,,,,,,,,,
pastry,syrup,,,,,,,,,
frankfurter,other vegetables,sugar,,,,,,,,
whole milk,processed cheese,curd,,,,,,,,
meat,other vegetables,chewing gum,,,,,,,,
canned beer,white bread,,,,,,,,,
ham,chicken,,,,,,,,,
waffles,beverages,,,,,,,,,
whipped/sour cream,meat spreads,,,,,,,,,
UHT-milk,dishes,frozen dessert,,,,,,,,
beef,frozen fish,whole milk,,,,,,,,
snack products,mayonnaise,bottled water,,,,,,,,
citrus fruit,flour,,,,,,,,,
whole milk,cat food,,,,,,,,,
pastry,napkins,shopping bags,margarine,,,,,,,
pastry,frozen fish,,,,,,,,,
coffee,soda,,,,,,,,,
ice cream,root vegetables,,,,,,,,,
rolls/buns,frozen vegetables,hamburger meat,pork,,,,,,,
whole milk,instant coffee,whole milk,,,,,,,,
sausage,pork,soda,salt,,,,,,,
ice cream,bottled water,,,,,,,,,
rolls/buns,citrus fruit,,,,,,,,,
frankfurter,other vegetables,,,,,,,,,
beverages,whole milk,,,,,,,,,
sauces,rolls/buns,soda,whipped/sour cream,,,,,,,
bottled beer,other vegetables,,,,,,,,,
soda,tropical fruit,,,,,,,,,
rolls/buns,canned beer,bottled beer,ham,hamburger meat,pickled vegetables,salty snack,domestic eggs,soda,,
bottled beer,root vegetables,pip fruit,other vegetables,dessert,rolls/buns,shopping bags,,,,
sausage,rolls/buns,pot plants,snack products,,,,,,,
pip fruit,bottled water,,,,,,,,,
frozen meals,jam,,,,,,,,,
curd,canned beer,,,,,,,,,
whole milk,butter milk,,,,,,,,,
canned fish,yogurt,,,,,,,,,
rolls/buns,pickled vegetables,chocolate,whole milk,,,,,,,
soda,cleaner,cling film/bags,,,,,,,,
yogurt,chewing gum,shopping bags,,,,,,,,
pork,cream cheese ,UHT-milk,,,,,,,,
meat,pork,other vegetables,other vegetables,root vegetables,other vegetables,pip fruit,margarine,,,
whole milk,frankfurter,whole milk,curd,canned vegetables,,,,,,
rolls/buns,misc. beverages,,,,,,,,,
frankfurter,canned beer,,,,,,,,,
tropical fruit,pip fruit,prosecco,,,,,,,,
other vegetables,yogurt,whole milk,butter,shopping bags,,,,,,
whole milk,yogurt,,,,,,,,,
root vegetables,rolls/buns,,,,,,,,,
chocolate,yogurt,,,,,,,,,
whole milk,white bread,,,,,,,,,
curd,yogurt,,,,,,,,,
liquor,yogurt,napkins,,,,,,,,
frankfurter,whole milk,grapes,butter,semi-finished bread,,,,,,
candy,coffee,,,,,,,,,
hamburger meat,bottled water,,,,,,,,,
frankfurter,root vegetables,fruit/vegetable juice,margarine,,,,,,,
citrus fruit,margarine,,,,,,,,,
beef,flower (seeds),,,,,,,,,
meat,sausage,cake bar,root vegetables,,,,,,,
beverages,salt,,,,,,,,,
citrus fruit,bottled beer,butter milk,,,,,,,,
butter,rolls/buns,,,,,,,,,
chocolate,whipped/sour cream,rolls/buns,,,,,,,,
specialty cheese,yogurt,,,,,,,,,
misc. beverages,rice,soda,,,,,,,,
waffles,dishes,domestic eggs,oil,,,,,,,
hamburger meat,whole milk,pet care,meat,other vegetables,rolls/buns,grapes,oil,,,
oil,bottled beer,,,,,,,,,
whole milk,domestic eggs,syrup,,,,,,,,
whole milk,other vegetables,,,,,,,,,
snack products,soda,,,,,,,,,
baking powder,butter,,,,,,,,,
brown bread,pot plants,,,,,,,,,
other vegetables,bottled beer,cleaner,,,,,,,,
pork,beverages,brown bread,Instant food products,margarine,,,,,,
napkins,rolls/buns,,,,,,,,,
bottled water,detergent,domestic eggs,yogurt,,,,,,,
citrus fruit,cream cheese ,waffles,,,,,,,,
meat,rolls/buns,,,,,,,,,
domestic eggs,whole milk,bottled beer,,,,,,,,
semi-finished bread,pip fruit,,,,,,,,,
root vegetables,other vegetables,,,,,,,,,
citrus fruit,rolls/buns,brandy,candy,,,,,,,
canned beer,newspapers,,,,,,,,,
detergent,other vegetables,oil,beverages,rolls/buns,specialty bar,,,,,
packaged fruit/vegetables,cat food,dental care,,,,,,,,
prosecco,onions,,,,,,,,,
chicken,ice cream,,,,,,,,,
canned fish,rolls/buns,chocolate,artif. sweetener,,,,,,,
pork,tropical fruit,,,,,,,,,
pip fruit,tropical fruit,,,,,,,,,
pork,domestic eggs,UHT-milk,rolls/buns,,,,,,,
seasonal products,pickled vegetables,,,,,,,,,
other vegetables,semi-finished bread,other vegetables,rolls/buns,shopping bags,salty snack,,,,,
other vegetables,curd,,,,,,,,,
dessert,berries,newspapers,onions,,,,,,,
yogurt,red/blush wine,margarine,,,,,,,,
pastry,pet care,margarine,,,,,,,,
hamburger meat,soda,cling film/bags,,,,,,,,
citrus fruit,yogurt,specialty bar,chocolate,,,,,,,
pastry,bottled beer,,,,,,,,,
specialty chocolate,white bread,shopping bags,,,,,,,,
finished products,ice cream,tropical fruit,whole milk,,,,,,,
rolls/buns,rolls/buns,,,,,,,,,
citrus fruit,frozen vegetables,,,,,,,,,
pork,butter,napkins,seasonal products,coffee,,,,,,
dish cleaner,cling film/bags,,,,,,,,,
sausage,whipped/sour cream,,,,,,,,,
tropical fruit,oil,,,,,,,,,
pork,whole milk,,,,,,,,,
ham,tropical fruit,,,,,,,,,
sausage,chewing gum,,,,,,,,,
frozen vegetables,whipped/sour cream,,,,,,,,,
meat,coffee,,,,,,,,,
root vegetables,pastry,,,,,,,,,
other vegetables,yogurt,,,,,,,,,
newspapers,red/blush wine,,,,,,,,,
frozen fruits,pot plants,,,,,,,,,
chocolate,coffee,,,,,,,,,
rolls/buns,margarine,,,,,,,,,
tropical fruit,chocolate,,,,,,,,,
domestic eggs,coffee,,,,,,,,,
other vegetables,bottled water,,,,,,,,,
beverages,citrus fruit,tropical fruit,ready soups,canned fish,soda,,,,,
tropical fruit,citrus fruit,,,,,,,,,
soap,hard cheese,,,,,,,,,
curd,brown bread,,,,,,,,,
margarine,margarine,white bread,fruit/vegetable juice,,,,,,,
onions,root vegetables,,,,,,,,,
pork,whole milk,,,,,,,,,
pastry,liquor,,,,,,,,,
misc. beverages,rolls/buns,,,,,,,,,
beverages,whipped/sour cream,,,,,,,,,
rolls/buns,margarine,,,,,,,,,
beef,whole milk,,,,,,,,,
frankfurter,butter,,,,,,,,,
frankfurter,dishes,rolls/buns,,,,,,,,
hard cheese,soda,,,,,,,,,
hamburger meat,packaged fruit/vegetables,baking powder,,,,,,,,
whole milk,soft cheese,,,,,,,,,
soda,shopping bags,canned beer,,,,,,,,
citrus fruit,domestic eggs,,,,,,,,,
curd,pork,,,,,,,,,
frozen vegetables,canned beer,brown bread,soda,,,,,,,
root vegetables,waffles,,,,,,,,,
other vegetables,soda,rolls/buns,dishes,,,,,,,
canned beer,beef,,,,,,,,,
coffee,pot plants,,,,,,,,,
other vegetables,beverages,,,,,,,,,
soda,napkins,,,,,,,,,
root vegetables,berries,,,,,,,,,
rolls/buns,chocolate,,,,,,,,,
canned beer,berries,,,,,,,,,
root vegetables,root vegetables,processed cheese,frozen fish,,,,,,,
other vegetables,whole milk,,,,,,,,,
canned beer,other vegetables,,,,,,,,,
other vegetables,other vegetables,frozen dessert,waffles,soda,,,,,,
cream cheese ,sausage,whole milk,pip fruit,,,,,,,
UHT-milk,canned fish,root vegetables,waffles,,,,,,,
pip fruit,white wine,,,,,,,,,
sparkling wine,whole milk,dessert,salt,,,,,,,
pork,frozen vegetables,,,,,,,,,
newspapers,dishes,,,,,,,,,
hamburger meat,spread cheese,,,,,,,,,
root vegetables,ham,,,,,,,,,
hard cheese,specialty bar,,,,,,,,,
finished products,whole milk,,,,,,,,,
meat,root vegetables,,,,,,,,,
hard cheese,coffee,,,,,,,,,
fruit/vegetable juice,brown bread,,,,,,,,,
newspapers,newspapers,,,,,,,,,
domestic eggs,hard cheese,,,,,,,,,
whole milk,bottled water,,,,,,,,,
soft cheese,frozen vegetables,cream cheese ,,,,,,,,
canned beer,fruit/vegetable juice,,,,,,,,,
sausage,grapes,,,,,,,,,
frankfurter,whole milk,,,,,,,,,
rolls/buns,detergent,,,,,,,,,
whole milk,canned vegetables,,,,,,,,,
photo/film,soda,cream cheese ,,,,,,,,
pip fruit,rolls/buns,shopping bags,,,,,,,,
onions,margarine,,,,,,,,,
long life bakery product,semi-finished bread,,,,,,,,,
packaged fruit/vegetables,pip fruit,,,,,,,,,
chocolate,yogurt,,,,,,,,,
citrus fruit,chewing gum,,,,,,,,,
citrus fruit,rolls/buns,long life bakery product,,,,,,,,
onions,pip fruit,whipped/sour cream,,,,,,,,
newspapers,processed cheese,,,,,,,,,
spread cheese,specialty chocolate,sugar,,,,,,,,
pork,pork,,,,,,,,,
organic sausage,yogurt,,,,,,,,,
yogurt,other vegetables,,,,,,,,,
yogurt,domestic eggs,,,,,,,,,
sausage,whipped/sour cream,,,,,,,,,
soda,shopping bags,,,,,,,,,
seasonal products,soups,,,,,,,,,
shopping bags,white wine,,,,,,,,,
tropical fruit,berries,beef,butter milk,yogurt,sliced cheese,,,,,
pork,mayonnaise,,,,,,,,,
citrus fruit,citrus fruit,,,,,,,,,
pork,pip fruit,,,,,,,,,
tropical fruit,frozen fish,bottled water,,,,,,,,
beef,kitchen towels,fruit/vegetable juice,,,,,,,,
butter,dog food,,,,,,,,,
chocolate,pasta,,,,,,,,,
bottled water,dishes,,,,,,,,,
whole milk,hamburger meat,,,,,,,,,
chicken,tropical fruit,rolls/buns,liquor,,,,,,,
UHT-milk,skin care,,,,,,,,,
beef,root vegetables,frozen potato products,butter,newspapers,,,,,,
candy,frozen vegetables,,,,,,,,,
frankfurter,curd,,,,,,,,,
whole milk,margarine,sugar,,,,,,,,
tropical fruit,specialty bar,,,,,,,,,
rice,whipped/sour cream,,,,,,,,,
frozen potato products,whole milk,,,,,,,,,
newspapers,salty snack,pastry,,,,,,,,
UHT-milk,rolls/buns,,,,,,,,,
whole milk,brown bread,root vegetables,roll products ,,,,,,,
candy,coffee,,,,,,,,,
frankfurter,whole milk,,,,,,,,,
hamburger meat,rolls/buns,,,,,,,,,
hamburger meat,rolls/buns,,,,,,,,,
pip fruit,beverages,zwieback,,,,,,,,
rolls/buns,soft cheese,fruit/vegetable juice,,,,,,,,
citrus fruit,soda,,,,,,,,,
newspapers,salty snack,,,,,,,,,
pip fruit,citrus fruit,,,,,,,,,
sugar,bottled water,,,,,,,,,
sausage,bottled water,,,,,,,,,
other vegetables,beverages,,,,,,,,,
rolls/buns,other vegetables,,,,,,,,,
newspapers,whole milk,chewing gum,,,,,,,,
oil,fruit/vegetable juice,,,,,,,,,
other vegetables,chewing gum,newspapers,,,,,,,,
beef,pasta,,,,,,,,,
other vegetables,chewing gum,,,,,,,,,
shopping bags,pickled vegetables,,,,,,,,,
ice cream,red/blush wine,fruit/vegetable juice,,,,,,,,
other vegetables,dessert,,,,,,,,,
chicken,herbs,soda,,,,,,,,
canned beer,rolls/buns,rolls/buns,,,,,,,,
sausage,pork,,,,,,,,,
onions,specialty chocolate,canned fruit,,,,,,,,
soft cheese,long life bakery product,,,,,,,,,
root vegetables,bottled beer,,,,,,,,,
whole milk,shopping bags,,,,,,,,,
curd,bottled water,tropical fruit,other vegetables,,,,,,,
pastry,soda,,,,,,,,,
dessert,condensed milk,rolls/buns,shopping bags,,,,,,,
newspapers,frozen meals,,,,,,,,,
meat,bottled water,soda,,,,,,,,
frankfurter,coffee,,,,,,,,,
beef,pastry,candy,,,,,,,,
frankfurter,yogurt,,,,,,,,,
root vegetables,sausage,whole milk,chewing gum,brown bread,,,,,,
bottled water,newspapers,,,,,,,,,
hamburger meat,sliced cheese,,,,,,,,,
frankfurter,oil,soda,,,,,,,,
sausage,rolls/buns,,,,,,,,,
photo/film,onions,,,,,,,,,
pork,bottled water,tea,,,,,,,,
soda,frozen dessert,,,,,,,,,
frozen vegetables,yogurt,,,,,,,,,
domestic eggs,salty snack,herbs,,,,,,,,
shopping bags,domestic eggs,,,,,,,,,
ham,soda,specialty chocolate,,,,,,,,
rolls/buns,shopping bags,,,,,,,,,
butter,whipped/sour cream,,,,,,,,,
yogurt,rolls/buns,,,,,,,,,
liver loaf,herbs,,,,,,,,,
curd,domestic eggs,,,,,,,,,
sausage,whole milk,,,,,,,,,
other vegetables,frankfurter,newspapers,whole milk,pastry,,,,,,
whole milk,pork,rolls/buns,yogurt,,,,,,,
rolls/buns,brown bread,rolls/buns,sliced cheese,,,,,,,
brown bread,curd,,,,,,,,,
soda,beverages,fruit/vegetable juice,,,,,,,,
whole milk,canned beer,,,,,,,,,
newspapers,white bread,,,,,,,,,
tropical fruit,rolls/buns,fruit/vegetable juice,,,,,,,,
canned beer,coffee,,,,,,,,,
other vegetables,beverages,,,,,,,,,
sausage,bottled beer,onions,other vegetables,soda,,,,,,
beef,fruit/vegetable juice,whole milk,,,,,,,,
beverages,specialty fat,,,,,,,,,
bottled water,UHT-milk,,,,,,,,,
fruit/vegetable juice,pastry,,,,,,,,,
pip fruit,seasonal products,,,,,,,,,
curd,cling film/bags,candy,rolls/buns,,,,,,,
sausage,margarine,,,,,,,,,
newspapers,bottled water,,,,,,,,,
citrus fruit,pastry,,,,,,,,,
whipped/sour cream,tropical fruit,,,,,,,,,
fruit/vegetable juice,ketchup,,,,,,,,,
other vegetables,beef,tropical fruit,root vegetables,shopping bags,,,,,,
other vegetables,frozen meals,,,,,,,,,
whole milk,hamburger meat,roll products ,,,,,,,,
cream cheese ,candy,,,,,,,,,
onions,onions,,,,,,,,,
pip fruit,brown bread,,,,,,,,,
sausage,whole milk,,,,,,,,,
white wine,newspapers,,,,,,,,,
sausage,pork,butter,whole milk,fruit/vegetable juice,,,,,,
beef,white bread,frozen potato products,,,,,,,,
beef,onions,,,,,,,,,
berries,napkins,,,,,,,,,
pastry,cereals,,,,,,,,,
frankfurter,onions,,,,,,,,,
coffee,yogurt,,,,,,,,,
herbs,newspapers,newspapers,rolls/buns,,,,,,,
pastry,fruit/vegetable juice,,,,,,,,,
fruit/vegetable juice,berries,,,,,,,,,
waffles,sparkling wine,,,,,,,,,
tropical fruit,citrus fruit,,,,,,,,,
rolls/buns,other vegetables,whipped/sour cream,,,,,,,,
ice cream,coffee,,,,,,,,,
pip fruit,curd,specialty bar,beverages,sausage,soft cheese,rolls/buns,yogurt,other vegetables,curd,newspapers
frankfurter,chicken,meat,bottled beer,other vegetables,pastry,misc. beverages,root vegetables,salt,,
UHT-milk,herbs,newspapers,,,,,,,,
bottled water,bottled beer,,,,,,,,,
tropical fruit,salty snack,,,,,,,,,
soda,berries,,,,,,,,,
whole milk,rolls/buns,,,,,,,,,
pork,finished products,ice cream,shopping bags,rolls/buns,,,,,,
hard cheese,rolls/buns,root vegetables,napkins,,,,,,,
rolls/buns,whole milk,,,,,,,,,
citrus fruit,berries,,,,,,,,,
chicken,pip fruit,,,,,,,,,
whole milk,whipped/sour cream,,,,,,,,,
butter milk,rolls/buns,,,,,,,,,
ice cream,pork,,,,,,,,,
sausage,butter,bottled water,,,,,,,,
brown bread,shopping bags,,,,,,,,,
root vegetables,rice,,,,,,,,,
soups,white bread,other vegetables,,,,,,,,
liquor,fruit/vegetable juice,,,,,,,,,
tropical fruit,bottled water,,,,,,,,,
rolls/buns,brown bread,,,,,,,,,
rolls/buns,canned beer,,,,,,,,,
whole milk,sugar,whole milk,onions,processed cheese,pip fruit,whole milk,,,,
shopping bags,tropical fruit,red/blush wine,,,,,,,,
white bread,soda,,,,,,,,,
beef,root vegetables,,,,,,,,,
sausage,nuts/prunes,,,,,,,,,
semi-finished bread,other vegetables,soda,,,,,,,,
bottled beer,whole milk,tropical fruit,whole milk,house keeping products,,,,,,
yogurt,whole milk,,,,,,,,,
rolls/buns,grapes,shopping bags,,,,,,,,
other vegetables,beverages,margarine,,,,,,,,
margarine,domestic eggs,,,,,,,,,
ham,bottled water,margarine,,,,,,,,
beef,white wine,pip fruit,,,,,,,,
curd,whole milk,red/blush wine,,,,,,,,
yogurt,salt,,,,,,,,,
other vegetables,curd,,,,,,,,,
yogurt,root vegetables,,,,,,,,,
other vegetables,pastry,,,,,,,,,
shopping bags,rolls/buns,,,,,,,,,
pastry,curd,,,,,,,,,
bottled water,dessert,,,,,,,,,
liver loaf,pasta,grapes,other vegetables,,,,,,,
red/blush wine,instant coffee,,,,,,,,,
whipped/sour cream,brown bread,,,,,,,,,
margarine,margarine,,,,,,,,,
other vegetables,whole milk,bottled beer,,,,,,,,
bottled water,bottled water,,,,,,,,,
pastry,frozen vegetables,,,,,,,,,
condensed milk,shopping bags,long life bakery product,,,,,,,,
beverages,UHT-milk,,,,,,,,,
liquor (appetizer),tropical fruit,,,,,,,,,
baking powder,fruit/vegetable juice,,,,,,,,,
soda,canned beer,other vegetables,whole milk,,,,,,,
pip fruit,pork,brown bread,whole milk,,,,,,,
sausage,pastry,fruit/vegetable juice,dessert,,,,,,,
beef,napkins,,,,,,,,,
citrus fruit,coffee,,,,,,,,,
meat,beef,whole milk,other vegetables,grapes,whipped/sour cream,coffee,whole milk,,,
butter milk,napkins,,,,,,,,,
whole milk,other vegetables,yogurt,newspapers,bottled water,pet care,,,,,
curd,specialty chocolate,flour,,,,,,,,
ham,tropical fruit,,,,,,,,,
soda,bottled water,,,,,,,,,
soda,nut snack,,,,,,,,,
frankfurter,meat,roll products ,pip fruit,,,,,,,
pip fruit,waffles,,,,,,,,,
red/blush wine,sugar,,,,,,,,,
mayonnaise,curd,,,,,,,,,
sauces,misc. beverages,,,,,,,,,
chicken,yogurt,waffles,,,,,,,,
brown bread,soda,,,,,,,,,
rolls/buns,shopping bags,whole milk,,,,,,,,
shopping bags,detergent,,,,,,,,,
sausage,pastry,whole milk,,,,,,,,
frankfurter,whole milk,red/blush wine,rolls/buns,,,,,,,
whole milk,rolls/buns,,,,,,,,,
sausage,soda,cooking chocolate,roll products ,,,,,,,
whole milk,pip fruit,,,,,,,,,
butter,rolls/buns,cream cheese ,flour,,,,,,,
tropical fruit,frozen vegetables,rice,,,,,,,,
root vegetables,soda,specialty bar,other vegetables,frozen vegetables,,,,,,
canned beer,margarine,chocolate,,,,,,,,
pork,long life bakery product,,,,,,,,,
berries,other vegetables,,,,,,,,,
rolls/buns,bottled beer,,,,,,,,,
whole milk,shopping bags,,,,,,,,,
whole milk,UHT-milk,,,,,,,,,
root vegetables,mustard,,,,,,,,,
whole milk,soda,,,,,,,,,
bottled beer,whole milk,,,,,,,,,
beef,ice cream,dish cleaner,,,,,,,,
bottled beer,white bread,,,,,,,,,
condensed milk,pork,whole milk,pastry,,,,,,,
root vegetables,kitchen towels,,,,,,,,,
frankfurter,whipped/sour cream,,,,,,,,,
butter,domestic eggs,,,,,,,,,
other vegetables,rolls/buns,domestic eggs,,,,,,,,
zwieback,frozen vegetables,,,,,,,,,
whole milk,newspapers,,,,,,,,,
domestic eggs,whole milk,fruit/vegetable juice,,,,,,,,
whole milk,soft cheese,soda,brown bread,,,,,,,
whole milk,liquor (appetizer),,,,,,,,,
bottled water,yogurt,,,,,,,,,
root vegetables,root vegetables,,,,,,,,,
pork,dental care,,,,,,,,,
whole milk,yogurt,,,,,,,,,
ice cream,curd,,,,,,,,,
soft cheese,frozen vegetables,,,,,,,,,
white bread,candy,,,,,,,,,
whole milk,pastry,specialty cheese,,,,,,,,
ham,whipped/sour cream,soda,light bulbs,,,,,,,
bottled water,dessert,,,,,,,,,
root vegetables,domestic eggs,,,,,,,,,
grapes,rolls/buns,,,,,,,,,
chocolate,pickled vegetables,bottled water,,,,,,,,
instant coffee,soda,frozen meals,artif. sweetener,,,,,,,
pastry,margarine,,,,,,,,,
cream cheese ,whole milk,candy,,,,,,,,
domestic eggs,whole milk,,,,,,,,,
tropical fruit,detergent,rolls/buns,coffee,,,,,,,
sugar,bottled water,cream cheese ,,,,,,,,
citrus fruit,bottled water,white wine,rolls/buns,,,,,,,
yogurt,cream cheese ,,,,,,,,,
canned beer,newspapers,shopping bags,,,,,,,,
other vegetables,bottled beer,,,,,,,,,
berries,other vegetables,,,,,,,,,
finished products,cream cheese ,,,,,,,,,
bottled beer,grapes,candy,,,,,,,,
canned beer,misc. beverages,long life bakery product,,,,,,,,
flour,soda,,,,,,,,,
beverages,root vegetables,frozen meals,,,,,,,,
other vegetables,semi-finished bread,,,,,,,,,
seasonal products,frozen vegetables,yogurt,,,,,,,,
tropical fruit,bottled beer,,,,,,,,,
UHT-milk,sweet spreads,,,,,,,,,
cooking chocolate,oil,,,,,,,,,
pork,specialty chocolate,,,,,,,,,
bottled water,canned beer,,,,,,,,,
pip fruit,other vegetables,,,,,,,,,
pork,processed cheese,,,,,,,,,
whole milk,whipped/sour cream,frozen vegetables,,,,,,,,
beef,root vegetables,butter milk,,,,,,,,
canned vegetables,chocolate marshmallow,,,,,,,,,
fruit/vegetable juice,chocolate,cat food,coffee,,,,,,,
other vegetables,sausage,white bread,soda,,,,,,,
rolls/buns,dessert,frozen meals,grapes,other vegetables,napkins,other vegetables,,,,
canned beer,specialty cheese,,,,,,,,,
hard cheese,butter milk,long life bakery product,,,,,,,,
bottled water,other vegetables,,,,,,,,,
curd,newspapers,,,,,,,,,
other vegetables,frozen dessert,shopping bags,,,,,,,,
pip fruit,specialty chocolate,liquor (appetizer),soda,,,,,,,
soda,chewing gum,,,,,,,,,
tropical fruit,soda,,,,,,,,,
butter milk,bottled beer,rice,canned vegetables,,,,,,,
whole milk,berries,specialty chocolate,white bread,,,,,,,
chicken,sugar,,,,,,,,,
yogurt,rolls/buns,,,,,,,,,
rice,bottled beer,,,,,,,,,
brown bread,rolls/buns,sliced cheese,,,,,,,,
pip fruit,whole milk,,,,,,,,,
other vegetables,organic sausage,cling film/bags,,,,,,,,
soda,other vegetables,,,,,,,,,
pip fruit,seasonal products,chocolate,,,,,,,,
citrus fruit,brown bread,pastry,,,,,,,,
oil,brown bread,oil,seasonal products,,,,,,,
canned beer,margarine,white bread,,,,,,,,
yogurt,yogurt,,,,,,,,,
whipped/sour cream,other vegetables,,,,,,,,,
citrus fruit,specialty bar,Instant food products,jam,,,,,,,
other vegetables,butter,,,,,,,,,
whole milk,cat food,,,,,,,,,
liquor,long life bakery product,,,,,,,,,
tropical fruit,salt,,,,,,,,,
citrus fruit,bottled water,,,,,,,,,
curd,root vegetables,,,,,,,,,
frozen meals,yogurt,rolls/buns,,,,,,,,
nuts/prunes,coffee,,,,,,,,,
tropical fruit,fruit/vegetable juice,,,,,,,,,
bottled water,pastry,fruit/vegetable juice,,,,,,,,
other vegetables,processed cheese,,,,,,,,,
pork,whole milk,domestic eggs,sweet spreads,,,,,,,
other vegetables,frankfurter,root vegetables,newspapers,,,,,,,
canned beer,whole milk,,,,,,,,,
pip fruit,other vegetables,,,,,,,,,
tropical fruit,citrus fruit,bottled water,rolls/buns,soda,pickled vegetables,,,,,
pasta,newspapers,,,,,,,,,
pip fruit,butter,,,,,,,,,
curd,domestic eggs,,,,,,,,,
soda,yogurt,,,,,,,,,
shopping bags,butter,,,,,,,,,
bottled water,coffee,,,,,,,,,
chewing gum,whole milk,bottled beer,ready soups,,,,,,,
hygiene articles,grapes,,,,,,,,,
pastry,pasta,,,,,,,,,
pip fruit,pastry,,,,,,,,,
other vegetables,rolls/buns,,,,,,,,,
oil,butter milk,cling film/bags,pastry,,,,,,,
beef,specialty chocolate,,,,,,,,,
pork,hamburger meat,soda,other vegetables,popcorn,brown bread,bottled water,,,,
hamburger meat,other vegetables,,,,,,,,,
beverages,long life bakery product,hygiene articles,,,,,,,,
pork,citrus fruit,,,,,,,,,
tropical fruit,soda,,,,,,,,,
canned beer,napkins,,,,,,,,,
frankfurter,packaged fruit/vegetables,,,,,,,,,
white bread,citrus fruit,sugar,,,,,,,,
margarine,bottled water,,,,,,,,,
tropical fruit,pork,photo/film,hard cheese,,,,,,,
shopping bags,other vegetables,,,,,,,,,
brown bread,pastry,,,,,,,,,
waffles,pudding powder,,,,,,,,,
candles,chewing gum,,,,,,,,,
grapes,yogurt,hygiene articles,,,,,,,,
other vegetables,cat food,bottled water,,,,,,,,
whipped/sour cream,brown bread,,,,,,,,,
citrus fruit,newspapers,,,,,,,,,
rolls/buns,other vegetables,butter,root vegetables,rolls/buns,,,,,,
root vegetables,newspapers,,,,,,,,,
pastry,rolls/buns,,,,,,,,,
citrus fruit,hard cheese,,,,,,,,,
soda,long life bakery product,,,,,,,,,
candy,domestic eggs,,,,,,,,,
citrus fruit,bottled water,,,,,,,,,
yogurt,rolls/buns,rolls/buns,,,,,,,,
beef,whole milk,,,,,,,,,
skin care,frankfurter,root vegetables,fruit/vegetable juice,,,,,,,
sausage,frankfurter,other vegetables,bottled water,,,,,,,
yogurt,tidbits,,,,,,,,,
oil,frozen potato products,,,,,,,,,
sausage,whole milk,,,,,,,,,
semi-finished bread,yogurt,,,,,,,,,
mustard,domestic eggs,,,,,,,,,
hard cheese,curd,,,,,,,,,
whole milk,brown bread,,,,,,,,,
soda,other vegetables,,,,,,,,,
nuts/prunes,canned beer,other vegetables,shopping bags,,,,,,,
ham,curd,,,,,,,,,
canned fish,cling film/bags,,,,,,,,,
root vegetables,brown bread,domestic eggs,,,,,,,,
cling film/bags,whipped/sour cream,coffee,,,,,,,,
ham,cream cheese ,,,,,,,,,
pork,tropical fruit,whole milk,chewing gum,,,,,,,
grapes,whole milk,frozen vegetables,,,,,,,,
ham,soda,,,,,,,,,
pip fruit,other vegetables,,,,,,,,,
meat,fruit/vegetable juice,long life bakery product,bottled water,,,,,,,
meat,frozen vegetables,other vegetables,,,,,,,,
tropical fruit,butter milk,softener,,,,,,,,
flour,dessert,,,,,,,,,
whole milk,cream cheese ,semi-finished bread,,,,,,,,
specialty bar,pickled vegetables,,,,,,,,,
long life bakery product,citrus fruit,rolls/buns,,,,,,,,
white wine,beverages,,,,,,,,,
ham,whole milk,brown bread,,,,,,,,
tropical fruit,bottled water,long life bakery product,,,,,,,,
soft cheese,pickled vegetables,,,,,,,,,
margarine,pastry,,,,,,,,,
misc. beverages,shopping bags,,,,,,,,,
rolls/buns,canned beer,,,,,,,,,
tropical fruit,butter,frozen fruits,,,,,,,,
sausage,other vegetables,citrus fruit,curd,red/blush wine,dessert,specialty chocolate,white bread,pastry,,
tropical fruit,root vegetables,candy,yogurt,rolls/buns,,,,,,
frankfurter,sliced cheese,sugar,,,,,,,,
citrus fruit,soda,,,,,,,,,
dessert,butter,,,,,,,,,
pip fruit,cake bar,,,,,,,,,
white wine,frozen potato products,,,,,,,,,
fruit/vegetable juice,vinegar,,,,,,,,,
meat,onions,whole milk,whole milk,,,,,,,
domestic eggs,chewing gum,,,,,,,,,
female sanitary products,soda,,,,,,,,,
tropical fruit,whole milk,,,,,,,,,
hamburger meat,other vegetables,,,,,,,,,
bottled beer,other vegetables,,,,,,,,,
frankfurter,specialty bar,,,,,,,,,
chicken,domestic eggs,,,,,,,,,
frankfurter,napkins,,,,,,,,,
frankfurter,frankfurter,pip fruit,yogurt,,,,,,,
frankfurter,pip fruit,brown bread,,,,,,,,
chicken,bottled beer,soda,domestic eggs,other vegetables,,,,,,
newspapers,brown bread,,,,,,,,,
other vegetables,whole milk,UHT-milk,other vegetables,frozen meals,whole milk,salty snack,,,,
whole milk,coffee,,,,,,,,,
meat,butter,cleaner,misc. beverages,,,,,,,
citrus fruit,berries,,,,,,,,,
domestic eggs,dessert,,,,,,,,,
whole milk,flour,,,,,,,,,
bottled beer,whole milk,salty snack,other vegetables,,,,,,,
citrus fruit,rolls/buns,whole milk,brown bread,,,,,,,
root vegetables,sweet spreads,,,,,,,,,
pastry,hygiene articles,,,,,,,,,
citrus fruit,bottled water,,,,,,,,,
other vegetables,whole milk,,,,,,,,,
other vegetables,butter,,,,,,,,,
sausage,frozen vegetables,,,,,,,,,
root vegetables,soft cheese,yogurt,bottled water,,,,,,,
beef,frozen meals,pastry,white wine,whipped/sour cream,,,,,,
liquor (appetizer),long life bakery product,,,,,,,,,
tropical fruit,soda,,,,,,,,,
tropical fruit,pasta,sugar,,,,,,,,
sausage,whole milk,,,,,,,,,
other vegetables,cooking chocolate,,,,,,,,,
tropical fruit,brown bread,,,,,,,,,
misc. beverages,artif. sweetener,newspapers,fruit/vegetable juice,,,,,,,
other vegetables,soft cheese,,,,,,,,,
sausage,whole milk,,,,,,,,,
sausage,rolls/buns,,,,,,,,,
soda,canned fish,,,,,,,,,
meat,rolls/buns,,,,,,,,,
pip fruit,dessert,sauces,,,,,,,,
hamburger meat,frozen vegetables,,,,,,,,,
tropical fruit,whipped/sour cream,,,,,,,,,
rolls/buns,canned beer,,,,,,,,,
whole milk,soda,,,,,,,,,
beef,pip fruit,bottled water,margarine,hygiene articles,,,,,,
rolls/buns,processed cheese,,,,,,,,,
other vegetables,zwieback,,,,,,,,,
fruit/vegetable juice,hamburger meat,soft cheese,specialty chocolate,bottled water,,,,,,
soda,artif. sweetener,salty snack,,,,,,,,
yogurt,root vegetables,,,,,,,,,
whole milk,whole milk,,,,,,,,,
bottled beer,rolls/buns,,,,,,,,,
beef,processed cheese,,,,,,,,,
fruit/vegetable juice,canned fish,,,,,,,,,
berries,specialty bar,,,,,,,,,
curd,soda,rolls/buns,,,,,,,,
brown bread,soda,,,,,,,,,
frankfurter,sausage,yogurt,soda,coffee,,,,,,
whipped/sour cream,root vegetables,,,,,,,,,
canned beer,butter,,,,,,,,,
tropical fruit,coffee,waffles,whipped/sour cream,,,,,,,
tropical fruit,pastry,,,,,,,,,
whole milk,sugar,,,,,,,,,
newspapers,white wine,,,,,,,,,
whole milk,canned beer,,,,,,,,,
berries,canned fish,waffles,,,,,,,,
berries,whole milk,sugar,,,,,,,,
pork,canned beer,,,,,,,,,
soda,other vegetables,chocolate,,,,,,,,
soda,specialty cheese,napkins,,,,,,,,
berries,soda,oil,,,,,,,,
hamburger meat,yogurt,,,,,,,,,
whole milk,root vegetables,,,,,,,,,
long life bakery product,yogurt,,,,,,,,,
tropical fruit,citrus fruit,domestic eggs,root vegetables,,,,,,,
citrus fruit,sugar,specialty chocolate,,,,,,,,
pasta,hamburger meat,frozen meals,domestic eggs,,,,,,,
pip fruit,other vegetables,,,,,,,,,
sausage,red/blush wine,,,,,,,,,
bottled beer,pastry,,,,,,,,,
house keeping products,rolls/buns,pickled vegetables,curd,,,,,,,
soda,yogurt,sliced cheese,,,,,,,,
meat spreads,mayonnaise,,,,,,,,,
sausage,frozen dessert,brown bread,other vegetables,,,,,,,
pastry,canned beer,,,,,,,,,
misc. beverages,berries,,,,,,,,,
cake bar,Instant food products,,,,,,,,,
bottled beer,soda,,,,,,,,,
dessert,jam,,,,,,,,,
rolls/buns,shopping bags,,,,,,,,,
whole milk,other vegetables,,,,,,,,,
butter,specialty chocolate,frozen meals,,,,,,,,
rolls/buns,seasonal products,margarine,,,,,,,,
canned beer,rolls/buns,,,,,,,,,
soda,napkins,,,,,,,,,
berries,rolls/buns,,,,,,,,,
whole milk,whole milk,sausage,newspapers,soda,flour,bottled water,liquor,,,
chicken,root vegetables,,,,,,,,,
beverages,rolls/buns,,,,,,,,,
pork,yogurt,,,,,,,,,
soda,shopping bags,,,,,,,,,
whole milk,other vegetables,other vegetables,sugar,,,,,,,
citrus fruit,sausage,domestic eggs,citrus fruit,dishes,,,,,,
sausage,beverages,,,,,,,,,
yogurt,cream cheese ,fruit/vegetable juice,,,,,,,,
salty snack,canned beer,,,,,,,,,
frozen meals,bottled water,,,,,,,,,
rolls/buns,mayonnaise,flour,,,,,,,,
finished products,frozen vegetables,,,,,,,,,
soda,frankfurter,cream cheese ,butter,,,,,,,
whole milk,pastry,specialty bar,,,,,,,,
yogurt,fruit/vegetable juice,,,,,,,,,
frankfurter,salty snack,,,,,,,,,
tropical fruit,rolls/buns,,,,,,,,,
sausage,flower (seeds),,,,,,,,,
shopping bags,sparkling wine,,,,,,,,,
ham,other vegetables,,,,,,,,,
pip fruit,butter,,,,,,,,,
soda,chocolate,,,,,,,,,
finished products,newspapers,,,,,,,,,
ham,whole milk,shopping bags,,,,,,,,
whipped/sour cream,citrus fruit,,,,,,,,,
beef,mustard,,,,,,,,,
tropical fruit,specialty chocolate,,,,,,,,,
bottled water,white bread,,,,,,,,,
tropical fruit,ice cream,,,,,,,,,
pasta,root vegetables,,,,,,,,,
pip fruit,tropical fruit,,,,,,,,,
candles,chewing gum,,,,,,,,,
hard cheese,tropical fruit,,,,,,,,,
frankfurter,waffles,,,,,,,,,
cream cheese ,sugar,,,,,,,,,
meat,whole milk,,,,,,,,,
tropical fruit,berries,whole milk,soap,,,,,,,
whipped/sour cream,hygiene articles,,,,,,,,,
beef,pasta,,,,,,,,,
female sanitary products,curd,,,,,,,,,
whole milk,other vegetables,,,,,,,,,
margarine,whipped/sour cream,,,,,,,,,
frankfurter,newspapers,,,,,,,,,
beef,spread cheese,misc. beverages,,,,,,,,
whole milk,other vegetables,,,,,,,,,
salty snack,condensed milk,,,,,,,,,
soda,whole milk,,,,,,,,,
citrus fruit,beef,,,,,,,,,
yogurt,soda,,,,,,,,,
hamburger meat,other vegetables,,,,,,,,,
whipped/sour cream,fruit/vegetable juice,,,,,,,,,
whole milk,grapes,chocolate,pot plants,,,,,,,
soda,pork,,,,,,,,,
bottled beer,hygiene articles,,,,,,,,,
tropical fruit,cream cheese ,,,,,,,,,
red/blush wine,whipped/sour cream,specialty cheese,abrasive cleaner,,,,,,,
soda,sausage,butter milk,vinegar,,,,,,,
domestic eggs,brown bread,specialty chocolate,,,,,,,,
chocolate,root vegetables,,,,,,,,,
soda,hygiene articles,grapes,pudding powder,butter milk,butter,,,,,
citrus fruit,sliced cheese,,,,,,,,,
beef,cream cheese ,,,,,,,,,
fish,chicken,chicken,UHT-milk,other vegetables,cream cheese ,hard cheese,,,,
citrus fruit,rolls/buns,,,,,,,,,
citrus fruit,citrus fruit,oil,root vegetables,,,,,,,
citrus fruit,white bread,processed cheese,,,,,,,,
ham,pastry,sugar,,,,,,,,
tropical fruit,hamburger meat,coffee,sliced cheese,whipped/sour cream,,,,,,
tropical fruit,canned beer,,,,,,,,,
napkins,cocoa drinks,shopping bags,,,,,,,,
whole milk,pastry,chewing gum,shopping bags,,,,,,,
herbs,pot plants,cake bar,,,,,,,,
citrus fruit,long life bakery product,,,,,,,,,
liquor,canned beer,,,,,,,,,
citrus fruit,whole milk,,,,,,,,,
beef,brown bread,,,,,,,,,
ham,whipped/sour cream,,,,,,,,,
pip fruit,vinegar,,,,,,,,,
sausage,shopping bags,soda,butter,dessert,soda,,,,,
soda,yogurt,,,,,,,,,
margarine,soda,,,,,,,,,
packaged fruit/vegetables,sweet spreads,,,,,,,,,
hamburger meat,whole milk,,,,,,,,,
tropical fruit,white bread,butter,,,,,,,,
rolls/buns,whole milk,,,,,,,,,
pork,nuts/prunes,rolls/buns,,,,,,,,
chicken,yogurt,rolls/buns,,,,,,,,
sausage,hygiene articles,,,,,,,,,
whole milk,chocolate,rolls/buns,brown bread,,,,,,,
butter milk,fruit/vegetable juice,pastry,margarine,,,,,,,
fruit/vegetable juice,herbs,,,,,,,,,
other vegetables,frankfurter,rolls/buns,other vegetables,shopping bags,,,,,,
onions,whole milk,cling film/bags,,,,,,,,
roll products ,dishes,,,,,,,,,
fruit/vegetable juice,candy,hygiene articles,,,,,,,,
butter,frozen vegetables,,,,,,,,,
margarine,shopping bags,,,,,,,,,
beef,semi-finished bread,,,,,,,,,
pastry,rolls/buns,,,,,,,,,
canned beer,citrus fruit,,,,,,,,,
tropical fruit,UHT-milk,candy,,,,,,,,
female sanitary products,cleaner,coffee,sauces,,,,,,,
frozen meals,instant coffee,specialty chocolate,,,,,,,,
UHT-milk,other vegetables,other vegetables,bottled water,,,,,,,
tropical fruit,whipped/sour cream,,,,,,,,,
pastry,curd,,,,,,,,,
frankfurter,domestic eggs,,,,,,,,,
other vegetables,herbs,,,,,,,,,
butter,shopping bags,,,,,,,,,
cream cheese ,fruit/vegetable juice,whole milk,shopping bags,,,,,,,
hygiene articles,rolls/buns,,,,,,,,,
pip fruit,other vegetables,flour,,,,,,,,
whole milk,yogurt,,,,,,,,,
rolls/buns,kitchen towels,,,,,,,,,
sausage,margarine,,,,,,,,,
pork,root vegetables,rolls/buns,,,,,,,,
other vegetables,dish cleaner,,,,,,,,,
pork,dessert,,,,,,,,,
citrus fruit,root vegetables,,,,,,,,,
butter milk,shopping bags,baking powder,,,,,,,,
coffee,misc. beverages,,,,,,,,,
hamburger meat,margarine,,,,,,,,,
beef,domestic eggs,,,,,,,,,
whole milk,brown bread,,,,,,,,,
white bread,brown bread,,,,,,,,,
ham,whole milk,,,,,,,,,
whipped/sour cream,candy,whole milk,,,,,,,,
ham,root vegetables,,,,,,,,,
white bread,popcorn,,,,,,,,,
pet care,chocolate,,,,,,,,,
soda,yogurt,,,,,,,,,
tropical fruit,newspapers,beef,tropical fruit,domestic eggs,detergent,frozen vegetables,grapes,processed cheese,,
tropical fruit,frozen vegetables,whole milk,snack products,,,,,,,
canned beer,dessert,,,,,,,,,
yogurt,yogurt,,,,,,,,,
sausage,rolls/buns,,,,,,,,,
white wine,white bread,,,,,,,,,
frozen meals,pasta,curd,,,,,,,,
pip fruit,beef,whole milk,other vegetables,,,,,,,
chicken,white bread,,,,,,,,,
pastry,rolls/buns,,,,,,,,,
bottled water,rolls/buns,waffles,,,,,,,,
root vegetables,other vegetables,,,,,,,,,
tropical fruit,hygiene articles,,,,,,,,,
nuts/prunes,whole milk,,,,,,,,,
other vegetables,pork,newspapers,,,,,,,,
rolls/buns,soda,,,,,,,,,
sugar,frozen vegetables,,,,,,,,,
finished products,curd cheese,,,,,,,,,
other vegetables,baking powder,,,,,,,,,
citrus fruit,pot plants,pot plants,,,,,,,,
whipped/sour cream,flour,,,,,,,,,
rolls/buns,salty snack,bottled water,shopping bags,,,,,,,
beverages,packaged fruit/vegetables,,,,,,,,,
dish cleaner,whole milk,,,,,,,,,
yogurt,canned beer,,,,,,,,,
sausage,dog food,bottled beer,bottled water,,,,,,,
sausage,pork,,,,,,,,,
napkins,butter,,,,,,,,,
brown bread,whole milk,,,,,,,,,
specialty chocolate,root vegetables,,,,,,,,,
white wine,whole milk,misc. beverages,,,,,,,,
pip fruit,pastry,,,,,,,,,
sauces,ice cream,,,,,,,,,
canned vegetables,other vegetables,,,,,,,,,
frozen dessert,misc. beverages,,,,,,,,,
pork,rolls/buns,,,,,,,,,
pip fruit,newspapers,chocolate,,,,,,,,
tropical fruit,curd,whole milk,other vegetables,,,,,,,
liver loaf,frozen meals,yogurt,domestic eggs,flower (seeds),coffee,,,,,
beef,meat,,,,,,,,,
whole milk,butter,,,,,,,,,
beverages,chocolate marshmallow,,,,,,,,,
meat,rolls/buns,soda,,,,,,,,
tropical fruit,soda,spices,,,,,,,,
dessert,whole milk,,,,,,,,,
rolls/buns,soda,curd,dessert,,,,,,,
bottled beer,canned beer,fruit/vegetable juice,,,,,,,,
bottled water,whipped/sour cream,berries,whole milk,,,,,,,
UHT-milk,beverages,,,,,,,,,
cream cheese ,yogurt,sugar,,,,,,,,
dog food,pork,,,,,,,,,
soda,yogurt,white bread,,,,,,,,
pork,pastry,,,,,,,,,
coffee,bottled water,,,,,,,,,
whole milk,whole milk,cleaner,,,,,,,,
chewing gum,pot plants,,,,,,,,,
chewing gum,spread cheese,,,,,,,,,
citrus fruit,dessert,newspapers,,,,,,,,
pasta,hygiene articles,,,,,,,,,
other vegetables,margarine,,,,,,,,,
other vegetables,butter milk,,,,,,,,,
frankfurter,other vegetables,,,,,,,,,
misc. beverages,brown bread,,,,,,,,,
chicken,pork,frozen fish,,,,,,,,
shopping bags,whole milk,,,,,,,,,
tropical fruit,whole milk,brown bread,pastry,,,,,,,
pork,candy,yogurt,,,,,,,,
white bread,frozen vegetables,,,,,,,,,
rolls/buns,onions,,,,,,,,,
pork,beef,,,,,,,,,
chewing gum,whole milk,white bread,whole milk,dishes,,,,,,
root vegetables,yogurt,,,,,,,,,
beef,sugar,root vegetables,frozen vegetables,,,,,,,
beverages,liquor,shopping bags,,,,,,,,
butter milk,fruit/vegetable juice,,,,,,,,,
sausage,tea,,,,,,,,,
other vegetables,candy,napkins,,,,,,,,
bottled water,shopping bags,,,,,,,,,
beef,canned beer,,,,,,,,,
butter,rolls/buns,,,,,,,,,
whole milk,pickled vegetables,soda,,,,,,,,
whole milk,dog food,pastry,,,,,,,,
frankfurter,pip fruit,whipped/sour cream,,,,,,,,
frankfurter,brandy,,,,,,,,,
rolls/buns,whipped/sour cream,,,,,,,,,
whipped/sour cream,pastry,,,,,,,,,
whole milk,specialty chocolate,,,,,,,,,
root vegetables,female sanitary products,,,,,,,,,
bottled water,fruit/vegetable juice,,,,,,,,,
rolls/buns,margarine,domestic eggs,,,,,,,,
rolls/buns,cream cheese ,,,,,,,,,
citrus fruit,grapes,,,,,,,,,
pip fruit,frozen fish,cling film/bags,,,,,,,,
beef,other vegetables,bottled water,,,,,,,,
ice cream,onions,,,,,,,,,
dishes,yogurt,,,,,,,,,
beef,frozen meals,,,,,,,,,
meat,specialty cheese,,,,,,,,,
pork,napkins,,,,,,,,,
sugar,whole milk,pastry,salty snack,,,,,,,
semi-finished bread,salty snack,waffles,frozen dessert,,,,,,,
white wine,soda,,,,,,,,,
white wine,domestic eggs,,,,,,,,,
citrus fruit,rolls/buns,,,,,,,,,
canned beer,soda,,,,,,,,,
soft cheese,rice,,,,,,,,,
bottled beer,oil,,,,,,,,,
bottled water,newspapers,,,,,,,,,
tropical fruit,hygiene articles,,,,,,,,,
whole milk,margarine,,,,,,,,,
frozen dessert,cream cheese ,,,,,,,,,
pip fruit,brandy,,,,,,,,,
root vegetables,whipped/sour cream,,,,,,,,,
shopping bags,soda,soups,,,,,,,,
root vegetables,grapes,white bread,dishes,,,,,,,
tropical fruit,soda,,,,,,,,,
soda,curd,,,,,,,,,
pet care,whole milk,curd,frozen vegetables,,,,,,,
baking powder,hair spray,,,,,,,,,
coffee,frozen vegetables,,,,,,,,,
coffee,napkins,,,,,,,,,
citrus fruit,red/blush wine,,,,,,,,,
tropical fruit,dishes,,,,,,,,,
sausage,UHT-milk,,,,,,,,,
yogurt,tropical fruit,,,,,,,,,
yogurt,curd,,,,,,,,,
frozen vegetables,canned beer,,,,,,,,,
whipped/sour cream,beverages,,,,,,,,,
hard cheese,rolls/buns,,,,,,,,,
salty snack,other vegetables,shopping bags,,,,,,,,
whole milk,softener,sliced cheese,,,,,,,,
frankfurter,UHT-milk,,,,,,,,,
ham,specialty chocolate,soft cheese,,,,,,,,
cat food,soda,yogurt,margarine,,,,,,,
root vegetables,skin care,,,,,,,,,
pip fruit,candles,rolls/buns,,,,,,,,
whipped/sour cream,cat food,,,,,,,,,
pork,chicken,other vegetables,curd,hard cheese,,,,,,
brown bread,cat food,,,,,,,,,
other vegetables,specialty chocolate,,,,,,,,,
tropical fruit,rolls/buns,,,,,,,,,
curd,nuts/prunes,root vegetables,sausage,whole milk,rolls/buns,root vegetables,bottled water,hard cheese,,
pork,frozen potato products,curd cheese,,,,,,,,
salty snack,napkins,yogurt,brown bread,,,,,,,
chocolate,whole milk,hamburger meat,other vegetables,,,,,,,
butter milk,canned beer,,,,,,,,,
UHT-milk,candles,yogurt,salty snack,,,,,,,
bottled water,citrus fruit,butter,whole milk,,,,,,,
pork,white bread,,,,,,,,,
tropical fruit,fruit/vegetable juice,,,,,,,,,
bottled water,cling film/bags,,,,,,,,,
pip fruit,white bread,,,,,,,,,
white wine,specialty bar,,,,,,,,,
red/blush wine,canned fish,,,,,,,,,
pork,citrus fruit,chocolate marshmallow,white bread,whipped/sour cream,,,,,,
other vegetables,dishes,,,,,,,,,
oil,yogurt,,,,,,,,,
candy,other vegetables,,,,,,,,,
nut snack,butter,,,,,,,,,
tropical fruit,fruit/vegetable juice,,,,,,,,,
specialty cheese,sliced cheese,,,,,,,,,
newspapers,roll products ,,,,,,,,,
root vegetables,whipped/sour cream,specialty bar,,,,,,,,
whole milk,bottled beer,,,,,,,,,
curd,rolls/buns,,,,,,,,,
citrus fruit,onions,salty snack,brown bread,,,,,,,
hamburger meat,whole milk,root vegetables,hygiene articles,hygiene articles,brown bread,,,,,
bottled water,tropical fruit,,,,,,,,,
coffee,long life bakery product,,,,,,,,,
fruit/vegetable juice,rolls/buns,,,,,,,,,
sausage,yogurt,,,,,,,,,
ham,curd cheese,,,,,,,,,
curd,butter,,,,,,,,,
hamburger meat,coffee,,,,,,,,,
ham,canned beer,salty snack,,,,,,,,
frankfurter,pastry,misc. beverages,,,,,,,,
root vegetables,cream cheese ,,,,,,,,,
pastry,onions,,,,,,,,,
other vegetables,whole milk,,,,,,,,,
butter,waffles,,,,,,,,,
sauces,frozen meals,,,,,,,,,
rolls/buns,rolls/buns,,,,,,,,,
frankfurter,canned beer,other vegetables,potato products,,,,,,,
rolls/buns,candy,,,,,,,,,
bottled beer,root vegetables,hygiene articles,,,,,,,,
root vegetables,frozen meals,salty snack,,,,,,,,
dessert,frozen vegetables,,,,,,,,,
sausage,liquor (appetizer),,,,,,,,,
beverages,cake bar,,,,,,,,,
soda,shopping bags,,,,,,,,,
tropical fruit,beef,cream cheese ,frozen vegetables,,,,,,,
yogurt,pet care,,,,,,,,,
whipped/sour cream,cream cheese ,,,,,,,,,
whole milk,white bread,canned beer,brown bread,fruit/vegetable juice,,,,,,
fruit/vegetable juice,packaged fruit/vegetables,,,,,,,,,
frankfurter,rubbing alcohol,sparkling wine,other vegetables,domestic eggs,white bread,yogurt,soda,,,
root vegetables,white bread,,,,,,,,,
frozen meals,napkins,,,,,,,,,
chicken,organic products,,,,,,,,,
sausage,sliced cheese,yogurt,pastry,hygiene articles,,,,,,
sausage,citrus fruit,,,,,,,,,
butter milk,other vegetables,,,,,,,,,
tropical fruit,condensed milk,citrus fruit,whipped/sour cream,,,,,,,
other vegetables,soda,,,,,,,,,
pastry,rolls/buns,sliced cheese,tropical fruit,liquor,hygiene articles,dental care,napkins,,,
fruit/vegetable juice,beverages,,,,,,,,,
ham,white wine,,,,,,,,,
sausage,yogurt,tidbits,,,,,,,,
root vegetables,other vegetables,whipped/sour cream,sweet spreads,,,,,,,
hamburger meat,other vegetables,domestic eggs,,,,,,,,
cake bar,shopping bags,,,,,,,,,
yogurt,pot plants,,,,,,,,,
brown bread,rolls/buns,,,,,,,,,
red/blush wine,shopping bags,,,,,,,,,
soda,whipped/sour cream,,,,,,,,,
shopping bags,other vegetables,coffee,,,,,,,,
sliced cheese,bottled water,,,,,,,,,
rolls/buns,whole milk,,,,,,,,,
liver loaf,chicken,rolls/buns,spread cheese,shopping bags,,,,,,
curd,sliced cheese,frozen fish,,,,,,,,
frankfurter,ham,tropical fruit,misc. beverages,tropical fruit,photo/film,specialty chocolate,frozen fish,,,
long life bakery product,soda,soda,,,,,,,,
sausage,sausage,pip fruit,sliced cheese,root vegetables,butter milk,,,,,
cat food,newspapers,fruit/vegetable juice,,,,,,,,
onions,soda,,,,,,,,,
pip fruit,salty snack,pastry,,,,,,,,
yogurt,hamburger meat,,,,,,,,,
tropical fruit,liquor (appetizer),,,,,,,,,
whole milk,newspapers,,,,,,,,,
pip fruit,frankfurter,other vegetables,napkins,,,,,,,
whole milk,UHT-milk,canned beer,whole milk,coffee,house keeping products,other vegetables,pip fruit,,,
whole milk,whole milk,,,,,,,,,
butter,sweet spreads,sliced cheese,,,,,,,,
soda,yogurt,,,,,,,,,
sausage,whipped/sour cream,,,,,,,,,
whole milk,rolls/buns,,,,,,,,,
other vegetables,baking powder,salty snack,,,,,,,,
pip fruit,curd,,,,,,,,,
berries,soda,butter,other vegetables,white bread,cream cheese ,,,,,
liquor,whole milk,,,,,,,,,
hamburger meat,frozen vegetables,cream cheese ,,,,,,,,
grapes,zwieback,,,,,,,,,
citrus fruit,frozen meals,coffee,seasonal products,yogurt,soups,,,,,
yogurt,napkins,,,,,,,,,
whole milk,hamburger meat,beverages,bottled water,,,,,,,
citrus fruit,ham,,,,,,,,,
berries,nut snack,sliced cheese,,,,,,,,
pip fruit,root vegetables,,,,,,,,,
chicken,yogurt,,,,,,,,,
long life bakery product,fruit/vegetable juice,,,,,,,,,
other vegetables,kitchen towels,,,,,,,,,
sliced cheese,frozen chicken,,,,,,,,,
sausage,cream cheese ,,,,,,,,,
sausage,fruit/vegetable juice,coffee,,,,,,,,
tropical fruit,rolls/buns,,,,,,,,,
whole milk,grapes,bottled beer,frozen dessert,,,,,,,
chewing gum,cream cheese ,waffles,,,,,,,,
tropical fruit,popcorn,,,,,,,,,
red/blush wine,salty snack,,,,,,,,,
citrus fruit,whole milk,frozen vegetables,,,,,,,,
brown bread,hair spray,,,,,,,,,
margarine,soda,whole milk,house keeping products,cling film/bags,bottled water,chocolate,frozen vegetables,,,
pork,citrus fruit,,,,,,,,,
finished products,rolls/buns,,,,,,,,,
bottled water,whole milk,,,,,,,,,
sausage,beef,,,,,,,,,
fruit/vegetable juice,detergent,yogurt,snack products,,,,,,,
root vegetables,frankfurter,frankfurter,fruit/vegetable juice,bottled water,rolls/buns,detergent,bottled beer,male cosmetics,,
root vegetables,pip fruit,other vegetables,canned beer,,,,,,,
cling film/bags,coffee,,,,,,,,,
beef,margarine,baking powder,,,,,,,,
margarine,herbs,,,,,,,,,
detergent,liquor (appetizer),,,,,,,,,
other vegetables,soda,,,,,,,,,
meat,hygiene articles,hard cheese,cat food,,,,,,,
sausage,pot plants,,,,,,,,,
oil,coffee,,,,,,,,,
other vegetables,grapes,,,,,,,,,
beef,butter,brown bread,,,,,,,,
other vegetables,herbs,,,,,,,,,
pip fruit,UHT-milk,,,,,,,,,
whole milk,soda,root vegetables,pastry,specialty fat,bottled water,napkins,tropical fruit,,,
chocolate,bottled water,,,,,,,,,
specialty chocolate,soda,,,,,,,,,
beef,ice cream,other vegetables,,,,,,,,
napkins,napkins,,,,,,,,,
domestic eggs,domestic eggs,,,,,,,,,
finished products,newspapers,whipped/sour cream,,,,,,,,
frozen meals,canned vegetables,,,,,,,,,
berries,sliced cheese,,,,,,,,,
root vegetables,specialty bar,,,,,,,,,
pork,bottled water,,,,,,,,,
newspapers,cream,,,,,,,,,
curd,softener,,,,,,,,,
rolls/buns,pastry,,,,,,,,,
margarine,processed cheese,candles,shopping bags,,,,,,,
fruit/vegetable juice,yogurt,pastry,,,,,,,,
sausage,berries,pasta,,,,,,,,
canned beer,root vegetables,,,,,,,,,
frankfurter,whole milk,,,,,,,,,
whole milk,yogurt,,,,,,,,,
pork,yogurt,,,,,,,,,
pasta,newspapers,,,,,,,,,
bottled beer,whole milk,,,,,,,,,
coffee,softener,,,,,,,,,
pip fruit,canned beer,hygiene articles,coffee,,,,,,,
pip fruit,flour,,,,,,,,,
other vegetables,soda,,,,,,,,,
butter,curd,,,,,,,,,
waffles,pasta,,,,,,,,,
whole milk,whole milk,,,,,,,,,
root vegetables,fruit/vegetable juice,specialty chocolate,,,,,,,,
other vegetables,packaged fruit/vegetables,,,,,,,,,
chicken,canned beer,frozen vegetables,whipped/sour cream,,,,,,,
specialty chocolate,pork,,,,,,,,,
pastry,whole milk,,,,,,,,,
other vegetables,liquor (appetizer),,,,,,,,,
butter milk,whole milk,white bread,rolls/buns,,,,,,,
rolls/buns,fruit/vegetable juice,,,,,,,,,
whole milk,frozen dessert,,,,,,,,,
whole milk,candy,domestic eggs,white wine,,,,,,,
other vegetables,bottled beer,,,,,,,,,
cocoa drinks,bottled water,sweet spreads,,,,,,,,
specialty chocolate,soda,curd,female sanitary products,,,,,,,
root vegetables,whole milk,zwieback,,,,,,,,
soda,soda,salty snack,,,,,,,,
tropical fruit,rolls/buns,Instant food products,,,,,,,,
frankfurter,white bread,,,,,,,,,
rolls/buns,citrus fruit,snack products,,,,,,,,
long life bakery product,napkins,,,,,,,,,
domestic eggs,waffles,coffee,shopping bags,,,,,,,
sugar,waffles,soda,organic products,,,,,,,
soda,tropical fruit,other vegetables,bottled water,,,,,,,
dessert,frozen vegetables,,,,,,,,,
fruit/vegetable juice,candles,,,,,,,,,
other vegetables,newspapers,,,,,,,,,
citrus fruit,female sanitary products,,,,,,,,,
long life bakery product,fruit/vegetable juice,,,,,,,,,
rolls/buns,misc. beverages,soda,,,,,,,,
sparkling wine,liquor,detergent,,,,,,,,
whole milk,detergent,soda,,,,,,,,
chocolate marshmallow,whipped/sour cream,,,,,,,,,
whole milk,ice cream,detergent,rolls/buns,,,,,,,
cream cheese ,chocolate,,,,,,,,,
other vegetables,candy,,,,,,,,,
root vegetables,soda,,,,,,,,,
other vegetables,frozen vegetables,,,,,,,,,
frankfurter,other vegetables,,,,,,,,,
butter milk,rolls/buns,,,,,,,,,
root vegetables,salt,,,,,,,,,
pot plants,frozen vegetables,coffee,,,,,,,,
whole milk,root vegetables,,,,,,,,,
pork,white bread,domestic eggs,,,,,,,,
coffee,citrus fruit,other vegetables,fruit/vegetable juice,,,,,,,
soda,other vegetables,,,,,,,,,
bottled water,liquor,,,,,,,,,
fruit/vegetable juice,ice cream,,,,,,,,,
domestic eggs,bottled water,,,,,,,,,
whipped/sour cream,curd,,,,,,,,,
ice cream,white wine,soups,instant coffee,,,,,,,
specialty chocolate,baking powder,soda,,,,,,,,
pet care,napkins,,,,,,,,,
tropical fruit,other vegetables,hygiene articles,,,,,,,,
whole milk,shopping bags,,,,,,,,,
chicken,whole milk,curd,frozen meals,beverages,,,,,,
pasta,yogurt,cat food,,,,,,,,
rolls/buns,whipped/sour cream,,,,,,,,,
butter,root vegetables,,,,,,,,,
tropical fruit,domestic eggs,,,,,,,,,
bottled beer,yogurt,pastry,butter,shopping bags,,,,,,
liquor,UHT-milk,,,,,,,,,
butter milk,pickled vegetables,hygiene articles,,,,,,,,
cream cheese ,margarine,,,,,,,,,
canned beer,bottled beer,,,,,,,,,
flour,chocolate marshmallow,,,,,,,,,
tropical fruit,whole milk,,,,,,,,,
shopping bags,cake bar,,,,,,,,,
packaged fruit/vegetables,bottled water,pork,domestic eggs,,,,,,,
frankfurter,long life bakery product,,,,,,,,,
chicken,whole milk,snack products,,,,,,,,
dessert,zwieback,,,,,,,,,
yogurt,cookware,,,,,,,,,
rolls/buns,instant coffee,UHT-milk,margarine,,,,,,,
yogurt,rolls/buns,,,,,,,,,
pip fruit,onions,,,,,,,,,
liver loaf,fruit/vegetable juice,,,,,,,,,
other vegetables,soda,,,,,,,,,
butter,citrus fruit,brown bread,pork,shopping bags,hygiene articles,dessert,whole milk,,,
grapes,whipped/sour cream,,,,,,,,,
meat,butter milk,,,,,,,,,
bottled water,tropical fruit,,,,,,,,,
misc. beverages,newspapers,,,,,,,,,
whole milk,long life bakery product,margarine,,,,,,,,
yogurt,dog food,semi-finished bread,napkins,,,,,,,
packaged fruit/vegetables,other vegetables,,,,,,,,,
beverages,bottled water,,,,,,,,,
whipped/sour cream,instant coffee,,,,,,,,,
domestic eggs,yogurt,,,,,,,,,
other vegetables,margarine,other vegetables,,,,,,,,
pastry,white bread,,,,,,,,,
pasta,hamburger meat,dessert,bottled water,,,,,,,
citrus fruit,coffee,,,,,,,,,
bottled water,domestic eggs,,,,,,,,,
bottled beer,ham,other vegetables,pork,whole milk,oil,brown bread,,,,
misc. beverages,napkins,,,,,,,,,
bottled beer,shopping bags,soda,,,,,,,,
canned beer,cake bar,newspapers,pastry,baking powder,yogurt,,,,,
bottled water,butter,waffles,,,,,,,,
frozen vegetables,brown bread,,,,,,,,,
sausage,bottled water,,,,,,,,,
sausage,bottled water,brown bread,,,,,,,,
dish cleaner,shopping bags,,,,,,,,,
canned beer,tropical fruit,newspapers,,,,,,,,
berries,cream cheese ,other vegetables,,,,,,,,
tropical fruit,root vegetables,,,,,,,,,
citrus fruit,curd,napkins,,,,,,,,
canned beer,yogurt,salty snack,,,,,,,,
yogurt,bathroom cleaner,,,,,,,,,
brown bread,margarine,chocolate,fruit/vegetable juice,,,,,,,
soda,red/blush wine,,,,,,,,,
citrus fruit,hard cheese,,,,,,,,,
sugar,fruit/vegetable juice,,,,,,,,,
chicken,frozen meals,,,,,,,,,
tropical fruit,pip fruit,,,,,,,,,
chocolate,whole milk,,,,,,,,,
dessert,other vegetables,,,,,,,,,
other vegetables,bottled beer,,,,,,,,,
butter,cat food,roll products ,,,,,,,,
beef,margarine,,,,,,,,,
photo/film,whipped/sour cream,,,,,,,,,
whole milk,white bread,,,,,,,,,
bottled beer,tropical fruit,domestic eggs,baking powder,,,,,,,
citrus fruit,flower (seeds),,,,,,,,,
tropical fruit,dessert,,,,,,,,,
whole milk,whole milk,cat food,canned beer,,,,,,,
salty snack,rolls/buns,,,,,,,,,
ice cream,napkins,,,,,,,,,
fruit/vegetable juice,soda,,,,,,,,,
hygiene articles,canned fish,,,,,,,,,
soda,cream cheese ,,,,,,,,,
root vegetables,processed cheese,,,,,,,,,
canned beer,citrus fruit,,,,,,,,,
coffee,detergent,rolls/buns,pasta,,,,,,,
whole milk,soda,,,,,,,,,
chicken,hygiene articles,,,,,,,,,
beverages,shopping bags,,,,,,,,,
frankfurter,soda,whipped/sour cream,,,,,,,,
soda,flour,cocoa drinks,,,,,,,,
frankfurter,brown bread,,,,,,,,,
canned beer,rolls/buns,baking powder,,,,,,,,
hard cheese,salty snack,,,,,,,,,
frankfurter,newspapers,,,,,,,,,
other vegetables,coffee,,,,,,,,,
berries,margarine,,,,,,,,,
sausage,other vegetables,waffles,,,,,,,,
whole milk,ice cream,soda,yogurt,spices,,,,,,
potato products,specialty bar,,,,,,,,,
dessert,yogurt,,,,,,,,,
whole milk,beef,citrus fruit,newspapers,bottled water,,,,,,
rolls/buns,butter milk,,,,,,,,,
tropical fruit,pastry,,,,,,,,,
whole milk,ham,other vegetables,rum,canned beer,,,,,,
cake bar,butter,,,,,,,,,
root vegetables,liver loaf,white bread,domestic eggs,cream cheese ,,,,,,
cream cheese ,frankfurter,root vegetables,yogurt,,,,,,,
curd,soda,sugar,specialty chocolate,artif. sweetener,,,,,,
whole milk,hygiene articles,,,,,,,,,
fish,pickled vegetables,hard cheese,,,,,,,,
UHT-milk,tropical fruit,,,,,,,,,
canned beer,whole milk,pork,oil,,,,,,,
butter milk,oil,,,,,,,,,
pork,cream cheese ,yogurt,,,,,,,,
ham,sugar,,,,,,,,,
other vegetables,coffee,rolls/buns,,,,,,,,
rolls/buns,citrus fruit,pot plants,yogurt,roll products ,fruit/vegetable juice,,,,,
citrus fruit,whipped/sour cream,,,,,,,,,
sausage,canned beer,,,,,,,,,
whole milk,bottled water,,,,,,,,,
beverages,sugar,,,,,,,,,
beef,butter milk,,,,,,,,,
sausage,whole milk,,,,,,,,,
butter milk,snack products,packaged fruit/vegetables,,,,,,,,
other vegetables,soda,,,,,,,,,
whole milk,rolls/buns,,,,,,,,,
frozen vegetables,rolls/buns,,,,,,,,,
whipped/sour cream,frozen vegetables,,,,,,,,,
chocolate,tea,,,,,,,,,
ham,pastry,whole milk,specialty bar,tropical fruit,hard cheese,yogurt,candy,,,
yogurt,other vegetables,baking powder,candy,,,,,,,
yogurt,pork,UHT-milk,specialty bar,,,,,,,
tropical fruit,dishes,other vegetables,,,,,,,,
other vegetables,sugar,,,,,,,,,
frankfurter,prosecco,,,,,,,,,
rolls/buns,root vegetables,,,,,,,,,
frankfurter,canned beer,,,,,,,,,
frankfurter,hamburger meat,,,,,,,,,
rolls/buns,dessert,bottled water,chocolate,,,,,,,
onions,butter,soups,,,,,,,,
beef,long life bakery product,,,,,,,,,
rolls/buns,rolls/buns,,,,,,,,,
frankfurter,UHT-milk,fruit/vegetable juice,,,,,,,,
root vegetables,other vegetables,,,,,,,,,
canned beer,salty snack,soda,,,,,,,,
other vegetables,domestic eggs,,,,,,,,,
long life bakery product,butter,,,,,,,,,
citrus fruit,domestic eggs,,,,,,,,,
canned beer,soda,newspapers,,,,,,,,
whole milk,rolls/buns,instant coffee,,,,,,,,
tropical fruit,root vegetables,,,,,,,,,
dishes,whole milk,oil,onions,,,,,,,
frankfurter,whipped/sour cream,cat food,,,,,,,,
root vegetables,curd,,,,,,,,,
tropical fruit,pastry,margarine,,,,,,,,
napkins,brown bread,,,,,,,,,
root vegetables,newspapers,,,,,,,,,
rolls/buns,soda,,,,,,,,,
other vegetables,salty snack,soda,,,,,,,,
sliced cheese,beverages,other vegetables,napkins,,,,,,,
rolls/buns,whipped/sour cream,,,,,,,,,
frankfurter,napkins,,,,,,,,,
turkey,onions,,,,,,,,,
oil,other vegetables,,,,,,,,,
soda,beef,bottled beer,soda,,,,,,,
root vegetables,whole milk,rolls/buns,,,,,,,,
pork,whole milk,,,,,,,,,
turkey,long life bakery product,,,,,,,,,
citrus fruit,onions,,,,,,,,,
citrus fruit,whole milk,,,,,,,,,
soda,bottled beer,brown bread,,,,,,,,
frozen fish,salty snack,,,,,,,,,
other vegetables,photo/film,newspapers,,,,,,,,
onions,bottled water,pastry,,,,,,,,
tropical fruit,rolls/buns,,,,,,,,,
chewing gum,soda,red/blush wine,,,,,,,,
shopping bags,chocolate,,,,,,,,,
bottled beer,domestic eggs,,,,,,,,,
rolls/buns,chicken,cream cheese ,dishes,,,,,,,
white wine,UHT-milk,,,,,,,,,
chicken,house keeping products,,,,,,,,,
cat food,yogurt,bottled beer,pastry,,,,,,,
pork,brown bread,,,,,,,,,
tropical fruit,frozen meals,,,,,,,,,
chicken,brown bread,,,,,,,,,
yogurt,domestic eggs,,,,,,,,,
salt,seasonal products,,,,,,,,,
pip fruit,vinegar,misc. beverages,,,,,,,,
misc. beverages,long life bakery product,,,,,,,,,
newspapers,newspapers,,,,,,,,,
tropical fruit,frozen vegetables,,,,,,,,,
soda,pasta,,,,,,,,,
margarine,rolls/buns,seasonal products,,,,,,,,
liquor,margarine,,,,,,,,,
pastry,UHT-milk,,,,,,,,,
sausage,fruit/vegetable juice,pot plants,,,,,,,,
whole milk,oil,,,,,,,,,
tropical fruit,pork,cream cheese ,UHT-milk,butter milk,,,,,,
sausage,pasta,bottled water,,,,,,,,
citrus fruit,specialty bar,,,,,,,,,
sausage,long life bakery product,beef,other vegetables,margarine,,,,,,
whole milk,bottled beer,,,,,,,,,
pork,soda,,,,,,,,,
margarine,yogurt,,,,,,,,,
tropical fruit,whole milk,,,,,,,,,
domestic eggs,canned beer,shopping bags,,,,,,,,
other vegetables,yogurt,,,,,,,,,
canned beer,rolls/buns,other vegetables,brown bread,butter milk,whole milk,,,,,
roll products ,root vegetables,mayonnaise,,,,,,,,
frankfurter,sausage,,,,,,,,,
curd,whipped/sour cream,margarine,,,,,,,,
other vegetables,sausage,tropical fruit,whipped/sour cream,salty snack,oil,,,,,
rolls/buns,beef,coffee,,,,,,,,
whipped/sour cream,hygiene articles,,,,,,,,,
soft cheese,spices,,,,,,,,,
canned beer,tropical fruit,,,,,,,,,
UHT-milk,tropical fruit,,,,,,,,,
finished products,bottled beer,,,,,,,,,
other vegetables,frozen dessert,chewing gum,,,,,,,,
whole milk,other vegetables,,,,,,,,,
bottled beer,chicken,baking powder,curd,,,,,,,
shopping bags,misc. beverages,,,,,,,,,
citrus fruit,domestic eggs,,,,,,,,,
whole milk,candles,,,,,,,,,
rolls/buns,flower (seeds),,,,,,,,,
root vegetables,soda,,,,,,,,,
bottled beer,other vegetables,,,,,,,,,
sausage,brown bread,,,,,,,,,
brown bread,ice cream,fruit/vegetable juice,,,,,,,,
yogurt,bottled water,berries,,,,,,,,
canned beer,whole milk,soda,,,,,,,,
whole milk,specialty cheese,,,,,,,,,
curd,specialty bar,,,,,,,,,
frankfurter,whole milk,,,,,,,,,
bottled water,flour,,,,,,,,,
shopping bags,cream cheese ,cream cheese ,,,,,,,,
UHT-milk,other vegetables,,,,,,,,,
fruit/vegetable juice,other vegetables,,,,,,,,,
frankfurter,flour,,,,,,,,,
soda,bottled water,hygiene articles,,,,,,,,
coffee,UHT-milk,,,,,,,,,
sausage,detergent,bottled beer,,,,,,,,
sausage,citrus fruit,,,,,,,,,
canned beer,shopping bags,,,,,,,,,
grapes,root vegetables,other vegetables,,,,,,,,
frankfurter,hamburger meat,,,,,,,,,
curd,zwieback,,,,,,,,,
other vegetables,curd,yogurt,pudding powder,,,,,,,
dessert,soft cheese,shopping bags,,,,,,,,
pip fruit,napkins,,,,,,,,,
sausage,spread cheese,chocolate,,,,,,,,
whole milk,frozen vegetables,,,,,,,,,
citrus fruit,butter milk,,,,,,,,,
sausage,pastry,whole milk,,,,,,,,
soups,specialty bar,soda,whipped/sour cream,,,,,,,
beef,pip fruit,,,,,,,,,
pork,other vegetables,yogurt,white bread,,,,,,,
specialty bar,misc. beverages,,,,,,,,,
other vegetables,bottled water,,,,,,,,,
red/blush wine,frozen fish,,,,,,,,,
chicken,tropical fruit,waffles,whipped/sour cream,brown bread,,,,,,
whole milk,frozen meals,,,,,,,,,
specialty bar,canned beer,white bread,newspapers,,,,,,,
long life bakery product,whipped/sour cream,,,,,,,,,
tropical fruit,cooking chocolate,,,,,,,,,
packaged fruit/vegetables,long life bakery product,,,,,,,,,
tea,light bulbs,,,,,,,,,
pot plants,other vegetables,,,,,,,,,
frankfurter,rolls/buns,,,,,,,,,
whole milk,soda,,,,,,,,,
bottled beer,fruit/vegetable juice,,,,,,,,,
citrus fruit,yogurt,,,,,,,,,
salty snack,cat food,frozen vegetables,,,,,,,,
curd,soda,,,,,,,,,
other vegetables,yogurt,Instant food products,,,,,,,,
other vegetables,rolls/buns,,,,,,,,,
pork,brown bread,,,,,,,,,
canned beer,honey,,,,,,,,,
other vegetables,rolls/buns,,,,,,,,,
sausage,rolls/buns,,,,,,,,,
cream cheese ,shopping bags,shopping bags,,,,,,,,
root vegetables,soda,,,,,,,,,
sausage,salt,,,,,,,,,
pip fruit,bottled beer,,,,,,,,,
frozen meals,other vegetables,bottled beer,,,,,,,,
root vegetables,soda,,,,,,,,,
pickled vegetables,butter,,,,,,,,,
pip fruit,margarine,,,,,,,,,
ham,root vegetables,newspapers,other vegetables,,,,,,,
tropical fruit,whipped/sour cream,whipped/sour cream,,,,,,,,
finished products,domestic eggs,margarine,,,,,,,,
napkins,sugar,,,,,,,,,
rolls/buns,other vegetables,,,,,,,,,
sausage,other vegetables,margarine,curd,pastry,newspapers,,,,,
frozen meals,napkins,,,,,,,,,
other vegetables,soda,,,,,,,,,
chicken,salty snack,,,,,,,,,
butter,bottled beer,,,,,,,,,
canned beer,whole milk,,,,,,,,,
rolls/buns,male cosmetics,,,,,,,,,
packaged fruit/vegetables,white wine,,,,,,,,,
pork,bottled water,bottled water,,,,,,,,
sausage,bottled water,,,,,,,,,
other vegetables,white bread,,,,,,,,,
chicken,soups,bottled water,,,,,,,,
pork,butter,,,,,,,,,
dessert,berries,mayonnaise,,,,,,,,
other vegetables,whole milk,,,,,,,,,
whipped/sour cream,newspapers,,,,,,,,,
butter,flour,fruit/vegetable juice,fruit/vegetable juice,,,,,,,
tropical fruit,yogurt,,,,,,,,,
margarine,yogurt,,,,,,,,,
waffles,sparkling wine,,,,,,,,,
whole milk,root vegetables,,,,,,,,,
napkins,root vegetables,sliced cheese,,,,,,,,
citrus fruit,frozen meals,,,,,,,,,
curd,whipped/sour cream,,,,,,,,,
pastry,ketchup,,,,,,,,,
whole milk,long life bakery product,,,,,,,,,
tropical fruit,chicken,waffles,,,,,,,,
root vegetables,frozen vegetables,,,,,,,,,
zwieback,white bread,,,,,,,,,
onions,root vegetables,bottled water,,,,,,,,
meat,other vegetables,,,,,,,,,
whole milk,hamburger meat,,,,,,,,,
sausage,napkins,curd,,,,,,,,
root vegetables,rolls/buns,bottled beer,rolls/buns,,,,,,,
frozen potato products,root vegetables,,,,,,,,,
other vegetables,whipped/sour cream,,,,,,,,,
salt,domestic eggs,,,,,,,,,
chicken,shopping bags,,,,,,,,,
butter milk,packaged fruit/vegetables,,,,,,,,,
other vegetables,hygiene articles,,,,,,,,,
whole milk,whole milk,,,,,,,,,
whole milk,bottled water,,,,,,,,,
hamburger meat,tropical fruit,beverages,yogurt,soda,,,,,,
chicken,napkins,other vegetables,newspapers,,,,,,,
butter milk,hygiene articles,,,,,,,,,
whole milk,soda,,,,,,,,,
sausage,pip fruit,brown bread,,,,,,,,
chicken,hygiene articles,,,,,,,,,
whipped/sour cream,baking powder,,,,,,,,,
waffles,whole milk,meat spreads,,,,,,,,
frankfurter,other vegetables,,,,,,,,,
soda,specialty chocolate,,,,,,,,,
syrup,waffles,,,,,,,,,
berries,candy,rolls/buns,,,,,,,,
ice cream,whole milk,,,,,,,,,
canned beer,herbs,,,,,,,,,
herbs,root vegetables,,,,,,,,,
other vegetables,domestic eggs,,,,,,,,,
grapes,root vegetables,,,,,,,,,
canned beer,onions,,,,,,,,,
yogurt,chewing gum,whipped/sour cream,shopping bags,,,,,,,
newspapers,spread cheese,,,,,,,,,
other vegetables,oil,,,,,,,,,
yogurt,shopping bags,cake bar,yogurt,,,,,,,
misc. beverages,tea,,,,,,,,,
frozen fish,sausage,chocolate,rolls/buns,,,,,,,
pastry,liquor (appetizer),sliced cheese,,,,,,,,
bottled water,frozen fish,,,,,,,,,
bottled beer,curd,kitchen towels,,,,,,,,
soft cheese,sugar,,,,,,,,,
salty snack,soups,,,,,,,,,
beef,butter milk,,,,,,,,,
organic sausage,soda,rolls/buns,,,,,,,,
other vegetables,zwieback,oil,,,,,,,,
detergent,tropical fruit,soda,margarine,,,,,,,
whole milk,misc. beverages,,,,,,,,,
canned beer,brandy,waffles,cat food,dishes,light bulbs,,,,,
root vegetables,coffee,domestic eggs,soda,,,,,,,
pip fruit,grapes,pastry,,,,,,,,
rolls/buns,other vegetables,newspapers,,,,,,,,
sliced cheese,soda,,,,,,,,,
pip fruit,whole milk,,,,,,,,,
misc. beverages,bottled beer,dishes,onions,,,,,,,
frankfurter,bottled beer,pastry,,,,,,,,
other vegetables,bottled water,hard cheese,,,,,,,,
soda,fruit/vegetable juice,,,,,,,,,
soda,specialty bar,tidbits,,,,,,,,
other vegetables,shopping bags,,,,,,,,,
other vegetables,coffee,,,,,,,,,
chewing gum,photo/film,yogurt,long life bakery product,soda,whole milk,,,,,
sausage,bottled beer,photo/film,margarine,whipped/sour cream,,,,,,
other vegetables,meat spreads,,,,,,,,,
pork,rolls/buns,brown bread,yogurt,,,,,,,
canned beer,tropical fruit,,,,,,,,,
other vegetables,yogurt,whole milk,spread cheese,,,,,,,
other vegetables,whole milk,,,,,,,,,
yogurt,specialty chocolate,specialty bar,,,,,,,,
onions,whipped/sour cream,,,,,,,,,
pork,cream cheese ,,,,,,,,,
chicken,tropical fruit,citrus fruit,yogurt,,,,,,,
UHT-milk,whole milk,,,,,,,,,
soda,rolls/buns,,,,,,,,,
sausage,bottled beer,,,,,,,,,
specialty chocolate,whipped/sour cream,,,,,,,,,
rolls/buns,salty snack,,,,,,,,,
root vegetables,whole milk,,,,,,,,,
pip fruit,whole milk,,,,,,,,,
beef,mayonnaise,,,,,,,,,
specialty bar,soda,,,,,,,,,
pastry,pastry,,,,,,,,,
bottled beer,whole milk,soda,whole milk,soft cheese,soda,shopping bags,sugar,,,
whole milk,curd,bottled beer,,,,,,,,
nut snack,bottled water,,,,,,,,,
meat,root vegetables,,,,,,,,,
spread cheese,specialty cheese,dish cleaner,,,,,,,,
ice cream,whipped/sour cream,,,,,,,,,
tropical fruit,pip fruit,herbs,yogurt,bottled water,sweet spreads,,,,,
yogurt,pip fruit,,,,,,,,,
pip fruit,canned beer,,,,,,,,,
whole milk,candy,,,,,,,,,
tropical fruit,other vegetables,hamburger meat,popcorn,female sanitary products,,,,,,
chewing gum,yogurt,,,,,,,,,
canned beer,white bread,,,,,,,,,
hamburger meat,dessert,sliced cheese,,,,,,,,
onions,citrus fruit,white bread,dessert,shopping bags,,,,,,
bottled water,canned beer,,,,,,,,,
whole milk,condensed milk,,,,,,,,,
frankfurter,sausage,,,,,,,,,
tropical fruit,chocolate marshmallow,napkins,bottled water,,,,,,,
yogurt,other vegetables,,,,,,,,,
frankfurter,other vegetables,fruit/vegetable juice,,,,,,,,
fruit/vegetable juice,soda,,,,,,,,,
soda,pastry,,,,,,,,,
whole milk,soda,,,,,,,,,
chocolate,ice cream,,,,,,,,,
curd,dessert,,,,,,,,,
ice cream,whole milk,,,,,,,,,
meat,other vegetables,,,,,,,,,
rolls/buns,cake bar,,,,,,,,,
pastry,pork,,,,,,,,,
frankfurter,long life bakery product,,,,,,,,,
chocolate marshmallow,other vegetables,,,,,,,,,
sausage,root vegetables,,,,,,,,,
bottled beer,oil,,,,,,,,,
UHT-milk,processed cheese,,,,,,,,,
kitchen towels,bottled beer,,,,,,,,,
butter,margarine,,,,,,,,,
pork,sugar,,,,,,,,,
tropical fruit,soda,,,,,,,,,
other vegetables,white bread,whole milk,,,,,,,,
yogurt,bottled beer,,,,,,,,,
soda,frozen potato products,,,,,,,,,
cat food,sparkling wine,,,,,,,,,
soda,whole milk,,,,,,,,,
bottled beer,domestic eggs,,,,,,,,,
whole milk,seasonal products,specialty fat,flour,,,,,,,
bottled water,cream cheese ,bottled beer,,,,,,,,
rolls/buns,margarine,soda,,,,,,,,
beef,white wine,,,,,,,,,
root vegetables,soda,,,,,,,,,
tropical fruit,frozen dessert,napkins,,,,,,,,
bottled beer,newspapers,pickled vegetables,mustard,,,,,,,
grapes,pickled vegetables,,,,,,,,,
soda,soda,,,,,,,,,
pip fruit,berries,other vegetables,bottled water,,,,,,,
salt,oil,,,,,,,,,
liquor (appetizer),coffee,bottled beer,,,,,,,,
other vegetables,soda,,,,,,,,,
root vegetables,fruit/vegetable juice,,,,,,,,,
sweet spreads,newspapers,,,,,,,,,
root vegetables,bottled beer,fruit/vegetable juice,,,,,,,,
frankfurter,coffee,,,,,,,,,
brown bread,whole milk,,,,,,,,,
citrus fruit,rolls/buns,,,,,,,,,
napkins,photo/film,,,,,,,,,
margarine,rolls/buns,,,,,,,,,
frozen meals,whole milk,,,,,,,,,
meat,other vegetables,canned beer,,,,,,,,
onions,long life bakery product,,,,,,,,,
whole milk,coffee,,,,,,,,,
rolls/buns,salty snack,brown bread,cream cheese ,,,,,,,
sausage,curd,,,,,,,,,
herbs,specialty chocolate,red/blush wine,salad dressing,,,,,,,
butter,domestic eggs,,,,,,,,,
margarine,napkins,,,,,,,,,
curd cheese,newspapers,UHT-milk,,,,,,,,
bottled beer,pip fruit,condensed milk,pot plants,cling film/bags,soda,shopping bags,,,,
chocolate,yogurt,other vegetables,,,,,,,,
sausage,waffles,,,,,,,,,
canned beer,roll products ,root vegetables,flower (seeds),,,,,,,
hamburger meat,hygiene articles,soda,tropical fruit,,,,,,,
waffles,rolls/buns,,,,,,,,,
beef,soda,white wine,soft cheese,,,,,,,
misc. beverages,chocolate,,,,,,,,,
bottled water,bottled water,,,,,,,,,
dessert,cake bar,,,,,,,,,
other vegetables,specialty bar,,,,,,,,,
beef,other vegetables,,,,,,,,,
shopping bags,fruit/vegetable juice,,,,,,,,,
finished products,dessert,,,,,,,,,
rolls/buns,brown bread,,,,,,,,,
bottled beer,margarine,,,,,,,,,
fruit/vegetable juice,soft cheese,,,,,,,,,
bottled beer,whole milk,,,,,,,,,
bottled beer,whole milk,,,,,,,,,
detergent,misc. beverages,,,,,,,,,
other vegetables,sausage,,,,,,,,,
onions,rolls/buns,,,,,,,,,
citrus fruit,rolls/buns,,,,,,,,,
margarine,specialty bar,,,,,,,,,
sausage,oil,whole milk,,,,,,,,
soda,coffee,,,,,,,,,
chicken,citrus fruit,,,,,,,,,
whole milk,grapes,,,,,,,,,
butter,newspapers,,,,,,,,,
whipped/sour cream,other vegetables,pot plants,,,,,,,,
root vegetables,canned beer,,,,,,,,,
fish,bottled beer,,,,,,,,,
fruit/vegetable juice,pasta,,,,,,,,,
herbs,rolls/buns,,,,,,,,,
tropical fruit,whipped/sour cream,,,,,,,,,
sausage,misc. beverages,,,,,,,,,
sugar,processed cheese,,,,,,,,,
bottled water,frozen vegetables,,,,,,,,,
citrus fruit,whole milk,white bread,cat food,brown bread,bottled beer,,,,,
frankfurter,butter milk,,,,,,,,,
frankfurter,specialty chocolate,pip fruit,,,,,,,,
citrus fruit,yogurt,,,,,,,,,
newspapers,pastry,,,,,,,,,
whole milk,butter,,,,,,,,,
frozen meals,mayonnaise,whipped/sour cream,,,,,,,,
rolls/buns,onions,napkins,,,,,,,,
onions,rolls/buns,,,,,,,,,
canned beer,frozen potato products,,,,,,,,,
canned beer,pip fruit,frozen vegetables,dessert,canned vegetables,,,,,,
chicken,vinegar,,,,,,,,,
other vegetables,cat food,,,,,,,,,
yogurt,newspapers,,,,,,,,,
newspapers,domestic eggs,,,,,,,,,
frankfurter,rolls/buns,,,,,,,,,
frozen vegetables,newspapers,,,,,,,,,
whole milk,tropical fruit,chocolate,,,,,,,,
other vegetables,other vegetables,,,,,,,,,
sausage,salty snack,,,,,,,,,
other vegetables,curd,,,,,,,,,
sugar,butter,,,,,,,,,
yogurt,domestic eggs,,,,,,,,,
tropical fruit,whole milk,,,,,,,,,
citrus fruit,rolls/buns,napkins,soda,,,,,,,
pet care,bottled water,soda,,,,,,,,
tropical fruit,butter milk,,,,,,,,,
pastry,candles,,,,,,,,,
dessert,coffee,,,,,,,,,
candy,rolls/buns,UHT-milk,,,,,,,,
pork,whole milk,,,,,,,,,
curd cheese,other vegetables,herbs,fruit/vegetable juice,zwieback,,,,,,
dog food,processed cheese,,,,,,,,,
zwieback,frozen dessert,shopping bags,cream cheese ,,,,,,,
pork,candles,,,,,,,,,
condensed milk,butter,,,,,,,,,
frozen vegetables,chicken,,,,,,,,,
bottled beer,UHT-milk,,,,,,,,,
photo/film,other vegetables,,,,,,,,,
citrus fruit,bottled beer,cat food,,,,,,,,
bottled water,yogurt,newspapers,soda,,,,,,,
hamburger meat,bottled water,,,,,,,,,
tropical fruit,liquor,,,,,,,,,
other vegetables,whole milk,,,,,,,,,
beef,coffee,,,,,,,,,
fruit/vegetable juice,butter,brown bread,dental care,,,,,,,
canned beer,brown bread,herbs,pastry,,,,,,,
soda,yogurt,,,,,,,,,
fruit/vegetable juice,brown bread,,,,,,,,,
whipped/sour cream,dish cleaner,,,,,,,,,
root vegetables,rolls/buns,,,,,,,,,
sausage,grapes,berries,curd,,,,,,,
whole milk,red/blush wine,,,,,,,,,
beef,chicken,butter milk,canned beer,processed cheese,shopping bags,,,,,
pip fruit,brown bread,oil,,,,,,,,
sugar,citrus fruit,napkins,,,,,,,,
yogurt,other vegetables,,,,,,,,,
frozen vegetables,beef,UHT-milk,abrasive cleaner,,,,,,,
pork,rolls/buns,,,,,,,,,
cat food,whipped/sour cream,,,,,,,,,
pip fruit,rolls/buns,specialty chocolate,,,,,,,,
whole milk,other vegetables,,,,,,,,,
hamburger meat,bottled beer,coffee,instant coffee,yogurt,,,,,,
citrus fruit,pickled vegetables,,,,,,,,,
other vegetables,salty snack,,,,,,,,,
UHT-milk,whole milk,herbs,,,,,,,,
sausage,whole milk,,,,,,,,,
frankfurter,pork,rolls/buns,grapes,,,,,,,
meat,whole milk,whipped/sour cream,,,,,,,,
beverages,pastry,,,,,,,,,
frozen vegetables,fruit/vegetable juice,,,,,,,,,
shopping bags,other vegetables,canned vegetables,,,,,,,,
root vegetables,tropical fruit,,,,,,,,,
root vegetables,white bread,,,,,,,,,
sausage,domestic eggs,domestic eggs,,,,,,,,
pastry,seasonal products,,,,,,,,,
rolls/buns,napkins,newspapers,,,,,,,,
citrus fruit,newspapers,candy,,,,,,,,
shopping bags,coffee,,,,,,,,,
semi-finished bread,whole milk,,,,,,,,,
citrus fruit,bottled water,,,,,,,,,
UHT-milk,tropical fruit,,,,,,,,,
whipped/sour cream,other vegetables,shopping bags,,,,,,,,
dessert,frozen vegetables,,,,,,,,,
root vegetables,canned fish,hygiene articles,,,,,,,,
soda,other vegetables,frozen vegetables,,,,,,,,
misc. beverages,oil,,,,,,,,,
sausage,dessert,,,,,,,,,
semi-finished bread,whole milk,,,,,,,,,
citrus fruit,newspapers,,,,,,,,,
beef,sugar,,,,,,,,,
beef,whole milk,pet care,citrus fruit,,,,,,,
other vegetables,yogurt,yogurt,,,,,,,,
bottled water,yogurt,spices,fruit/vegetable juice,,,,,,,
berries,bottled beer,,,,,,,,,
bottled water,shopping bags,shopping bags,,,,,,,,
canned beer,onions,,,,,,,,,
meat,meat,,,,,,,,,
canned beer,whole milk,,,,,,,,,
mustard,sugar,baking powder,,,,,,,,
pork,pastry,,,,,,,,,
citrus fruit,beef,whipped/sour cream,other vegetables,,,,,,,
other vegetables,red/blush wine,rolls/buns,frozen vegetables,,,,,,,
dessert,newspapers,white bread,,,,,,,,
bottled water,whole milk,,,,,,,,,
fish,meat,,,,,,,,,
whole milk,pip fruit,,,,,,,,,
yogurt,seasonal products,,,,,,,,,
hamburger meat,tropical fruit,,,,,,,,,
cling film/bags,other vegetables,,,,,,,,,
whole milk,butter,,,,,,,,,
tropical fruit,butter,,,,,,,,,
hamburger meat,pip fruit,rolls/buns,dishes,,,,,,,
bottled beer,other vegetables,,,,,,,,,
canned fish,newspapers,,,,,,,,,
whole milk,ice cream,,,,,,,,,
pip fruit,pip fruit,sliced cheese,dishes,,,,,,,
bottled water,bottled water,,,,,,,,,
beverages,dessert,,,,,,,,,
other vegetables,canned beer,newspapers,,,,,,,,
candy,whole milk,,,,,,,,,
other vegetables,shopping bags,,,,,,,,,
white bread,shopping bags,,,,,,,,,
bottled water,soda,,,,,,,,,
sugar,curd,,,,,,,,,
chicken,rolls/buns,pip fruit,pastry,frozen meals,,,,,,
tropical fruit,specialty chocolate,,,,,,,,,
citrus fruit,other vegetables,,,,,,,,,
salty snack,rolls/buns,butter,tropical fruit,pastry,root vegetables,fruit/vegetable juice,semi-finished bread,,,
pip fruit,root vegetables,frozen meals,hamburger meat,sugar,soda,spread cheese,,,,
citrus fruit,whole milk,bottled water,,,,,,,,
chicken,whipped/sour cream,,,,,,,,,
ham,citrus fruit,,,,,,,,,
whole milk,pip fruit,,,,,,,,,
newspapers,fruit/vegetable juice,waffles,,,,,,,,
sugar,popcorn,baking powder,,,,,,,,
whole milk,bottled beer,,,,,,,,,
sausage,whole milk,jam,yogurt,,,,,,,
berries,dishes,,,,,,,,,
frankfurter,beef,frozen fish,rice,napkins,,,,,,
herbs,tropical fruit,whole milk,,,,,,,,
root vegetables,cream cheese ,,,,,,,,,
fruit/vegetable juice,dessert,,,,,,,,,
other vegetables,dessert,,,,,,,,,
frankfurter,specialty bar,whole milk,rice,dishes,,,,,,
salty snack,whole milk,,,,,,,,,
misc. beverages,dishes,,,,,,,,,
butter milk,whole milk,,,,,,,,,
UHT-milk,bottled beer,,,,,,,,,
curd,chicken,,,,,,,,,
pork,bottled water,pastry,,,,,,,,
yogurt,brown bread,,,,,,,,,
potato products,oil,,,,,,,,,
coffee,packaged fruit/vegetables,bottled water,pastry,,,,,,,
specialty chocolate,frankfurter,citrus fruit,candy,brown bread,,,,,,
bottled beer,candy,,,,,,,,,
soft cheese,pork,white bread,fruit/vegetable juice,,,,,,,
whole milk,sliced cheese,,,,,,,,,
whole milk,shopping bags,,,,,,,,,
citrus fruit,candy,,,,,,,,,
ham,specialty bar,,,,,,,,,
packaged fruit/vegetables,frozen fruits,rolls/buns,,,,,,,,
whole milk,berries,,,,,,,,,
liver loaf,other vegetables,,,,,,,,,
pip fruit,sugar,,,,,,,,,
rolls/buns,rolls/buns,,,,,,,,,
domestic eggs,whipped/sour cream,,,,,,,,,
berries,bottled water,napkins,,,,,,,,
hamburger meat,root vegetables,,,,,,,,,
tropical fruit,hard cheese,,,,,,,,,
other vegetables,frozen vegetables,rolls/buns,,,,,,,,
root vegetables,beverages,,,,,,,,,
pork,yogurt,soda,,,,,,,,
rolls/buns,yogurt,newspapers,,,,,,,,
meat,frozen meals,whole milk,domestic eggs,,,,,,,
whole milk,soda,yogurt,,,,,,,,
butter,fruit/vegetable juice,,,,,,,,,
citrus fruit,light bulbs,,,,,,,,,
pastry,meat,,,,,,,,,
frozen vegetables,berries,whole milk,candy,,,,,,,
liquor,rolls/buns,frozen meals,,,,,,,,
tropical fruit,rolls/buns,,,,,,,,,
whole milk,napkins,napkins,,,,,,,,
beef,sausage,,,,,,,,,
soda,other vegetables,,,,,,,,,
whole milk,sausage,pastry,spices,soda,,,,,,
sausage,brown bread,meat spreads,,,,,,,,
berries,packaged fruit/vegetables,tidbits,,,,,,,,
frankfurter,bottled beer,,,,,,,,,
yogurt,hard cheese,,,,,,,,,
pork,bottled beer,,,,,,,,,
baking powder,bottled water,,,,,,,,,
semi-finished bread,bottled water,,,,,,,,,
grapes,other vegetables,,,,,,,,,
root vegetables,bottled beer,,,,,,,,,
frozen vegetables,beef,,,,,,,,,
bottled beer,tropical fruit,newspapers,whole milk,tropical fruit,soft cheese,hard cheese,white wine,,,
whole milk,waffles,waffles,,,,,,,,
pork,yogurt,,,,,,,,,
ham,bathroom cleaner,,,,,,,,,
root vegetables,sliced cheese,,,,,,,,,
bottled beer,hard cheese,,,,,,,,,
rolls/buns,soda,chocolate,soda,,,,,,,
rolls/buns,rum,,,,,,,,,
misc. beverages,oil,,,,,,,,,
chicken,other vegetables,,,,,,,,,
whole milk,shopping bags,,,,,,,,,
curd,yogurt,misc. beverages,pickled vegetables,,,,,,,
berries,soda,flower (seeds),,,,,,,,
beef,male cosmetics,,,,,,,,,
canned beer,coffee,flour,,,,,,,,
sausage,domestic eggs,frozen meals,,,,,,,,
misc. beverages,other vegetables,specialty chocolate,,,,,,,,
bottled water,chocolate,,,,,,,,,
coffee,whole milk,,,,,,,,,
whole milk,candy,semi-finished bread,candy,,,,,,,
margarine,domestic eggs,,,,,,,,,
tropical fruit,UHT-milk,,,,,,,,,
tropical fruit,canned beer,,,,,,,,,
fruit/vegetable juice,whipped/sour cream,hygiene articles,,,,,,,,
beef,salty snack,whole milk,domestic eggs,fruit/vegetable juice,whipped/sour cream,cat food,,,,
cream cheese ,rolls/buns,,,,,,,,,
soda,shopping bags,,,,,,,,,
yogurt,citrus fruit,ice cream,soups,,,,,,,
whole milk,napkins,,,,,,,,,
frankfurter,root vegetables,,,,,,,,,
packaged fruit/vegetables,dog food,,,,,,,,,
mustard,brown bread,,,,,,,,,
UHT-milk,other vegetables,,,,,,,,,
